Auftragsname,Wörter,Zeit,Von,Sprache,Übersetzung,Korrektur,Kanal,Ablageort,Eingang,Lieferdatum,Deadline,Abteilung,Status,Verantwortlich,Bereich
2026-02-03T14-17-44_PM-History-Texts.xml,,,TJa,DE,Franziska,,LS-Tracker,Z:\Produkte\F!Box allgemein\Info.txt\Release\25_Smart24-P2\2026.02,12/2/2025,1/4/2026,2/3/2026,Product Management,geliefert,FSc,Vertrieb
2026-02-03T15-55-13_PM-History-Texts_korr-de.xml,,,TJa,EN,Franziska,,LS-Tracker,Z:\Produkte\F!Box allgemein\Info.txt\Release\25_Smart24-P2\2026.02,2/3/2025,2/3/2026,2/3/2026,Product Management,geliefert,,Vertrieb
"2026_Ankuendigung_FRITZ!Repeater_2400_Edition International-de.docx,503,,APa,DE,Franziska,,Mail,""Z:\Produkte\Texte Web, Marketing, etc\deutsch\2026.02"",2/13/2025,2/16/2026,2/20/2026,Sales Marketing,Ü-fertig,Hme,Entwicklung"
"2026_Ankuendigung_FRITZ!Repeater_2400_Edition International-de.docx,503,,APa,PL,Yabylon,,Mail,""Z:\Produkte\Texte Web, Marketing, etc\deutsch\2026.02"",2/13/2025,2/16/2026,2/20/2026,Sales Marketing,geliefert,Hme,Entwicklung"
"2026_Ankuendigung_FRITZ!Repeater 600 Edition International-de.docx,443,,APa,DE,Franziska,,Mail,""Z:\Produkte\Texte Web, Marketing, etc\deutsch\2026.02"",2/13/2025,2/16/2026,2/20/2026,Sales Marketing,Ü-fertig,Hme,Entwicklung"
"2026_Ankuendigung_FRITZ!Repeater 600 Edition International-de.docx,443,,APa,Pl,Yabylon,,Mail,""Z:\Produkte\Texte Web, Marketing, etc\deutsch\2026.02"",2/13/2025,2/16/2026,2/20/2026,Sales Marketing,geliefert,Hme,Entwicklung"
NL_Newsletter_März.docx,514,,Pse,NL,Angelique,,LS-Tracker,BP-Technik,3/4/2025,3/10/2026,3/13/2026,Channel Sales,geliefert,Hme,Entwicklung
4614_en-GB_technik_20260304-092633.xml,367,,Pse,EN,John,,LS-Tracker,BP-Technik,3/4/2025,3/20/2026,3/20/2026,Channel Sales,geliefert,Hme,Vertrieb
4746_en-GB_security_und_software_20260304-091506.xml,104,,Pse,EN,John,,LS-Tracker,BP-Technik,3/4/2025,3/20/2026,3/20/2026,Channel Sales,geliefert,Hme,Vertrieb
4747_en-GB_failsafe_20260304-091557.xml,295,,Pse,EN,John,,LS-Tracker,BP-Technik,3/4/2025,3/20/2026,3/20/2026,Channel Sales,geliefert,Hme,D2C
4748_en-GB_fritz_wissensdatenbank_20260304-091553.xml,277,,Pse,EN,John,,LS-Tracker,BP-Technik,3/4/2025,3/20/2026,3/20/2026,Channel Sales,geliefert,Hme,D2C
4749_en-GB_upload_freigabe_fuer_einfachen_dateiaustausch_20260304-091549.xml,409,,Pse,EN,John,,LS-Tracker,BP-Technik,3/4/2025,3/20/2026,3/20/2026,Channel Sales,geliefert,Hme,D2C
4750_en-GB_wi_fi_7_das_multi_gigabit_wlan_ist_da_20260304-091544.xml,526,,Pse,EN,Lisa,,LS-Tracker,BP-Technik,3/4/2025,3/20/2026,3/20/2026,Channel Sales,geliefert,Hme,D2C
4751_en-GB_smart_home_mit_fritz_und_matter_20260304-091540.xml,463,,Pse,EN,Lisa,,LS-Tracker,BP-Technik,3/4/2025,3/20/2026,3/20/2026,Channel Sales,geliefert,Hme,D2C
4752_en-GB_smart_home_mit_fritz_und_zigbee_20260304-091535.xml,1083,,Pse,EN,Lisa,,LS-Tracker,BP-Technik,3/4/2025,3/20/2026,3/20/2026,Channel Sales,geliefert,Hme,KM
4753_en-GB_schon_gewusst_20260304-091608.xml,166,,Pse,EN,Lisa,,LS-Tracker,BP-Technik,3/4/2025,3/20/2026,3/20/2026,Channel Sales,geliefert,Hme,KM
4754_en-GB_internetnutzung_im_unternehmen_gezielt_steuern_20260304-091522.xml,668,,Pse,EN,Susan,,LS-Tracker,BP-Technik,3/4/2025,3/20/2026,3/20/2026,Channel Sales,geliefert,Hme,KM
4755_en-GB_sicherer_zugriff_firewall_und_portfreigaben_20260304-091530.xml,572,,Pse,EN,Susan,,LS-Tracker,BP-Technik,3/4/2025,3/20/2026,3/20/2026,Channel Sales,geliefert,Hme,KM
4756_en-GB_mesh_mit_fritz_20260304-091526.xml,394,,Pse,EN,Susan,,LS-Tracker,BP-Technik,3/4/2025,3/20/2026,3/20/2026,Channel Sales,geliefert,Hme,KM
4757_en-GB_die_welt_ist_dein_hotspot_20260304-091517.xml,672,,Pse,EN,Susan,,LS-Tracker,BP-Technik,3/4/2025,3/20/2026,3/20/2026,Channel Sales,geliefert,Hme,KM
4758_en-GB_wenn_glasfaser_dann_fritz_20260304-091512.xml,338,,Pse,EN,Susan,,LS-Tracker,BP-Technik,3/4/2025,3/20/2026,3/20/2026,Channel Sales,geliefert,Hme,KM
"Übersetzung Stichpunkte für Social Media Karussell,53,,KGo,EN,Lisa,,Mail,""Z:\Produkte\Texte Web, Marketing, etc\deutsch\2025.12"",12/30/2025,1/16/2026,1/16/2026,D2C Ecommerce,geliefert,Hme,KM"
"Übersetzung Stichpunkte für Social Media Karussell,53,,KGo,IT,Laura,,Mail,""Z:\Produkte\Texte Web, Marketing, etc\deutsch\2025.12"",12/30/2025,1/16/2026,1/16/2026,D2C Ecommerce,geliefert,Hme,KM"
"Übersetzung Stichpunkte für Social Media Karussell,53,,KGo,ES,Alba,,Mail,""Z:\Produkte\Texte Web, Marketing, etc\deutsch\2025.12"",12/30/2025,1/16/2026,1/16/2026,D2C Ecommerce,geliefert,Hme,KM"
"Übersetzung Stichpunkte für Social Media Karussell,53,,KGo,NL,Angelique,,Mail,""Z:\Produkte\Texte Web, Marketing, etc\deutsch\2025.12"",12/30/2025,1/16/2026,1/16/2026,D2C Ecommerce,geliefert,Hme,KM"
"Übersetzung Stichpunkte für Social Media Karussell,53,,KGo,FR,Marie,,Mail,""Z:\Produkte\Texte Web, Marketing, etc\deutsch\2025.12"",12/30/2025,1/16/2026,1/16/2026,D2C Ecommerce,geliefert,Hme,D2C"
2026-01-06T14-01-35_PM-History-Texts.xml,,,TJa,DE,Franziska,,Mail,Z:\Produkte\F!Box allgemein\Info.txt\Release\25_Smart24-P2\2026.01,1/5/2026,1/5/2026,1/5/2026,Product Management,geliefert,FSc,D2C
2026-01-06T14-40-23_PM-History-Texts_korr-de.xml,,,TJa,EN,John,,Mail,Z:\Produkte\F!Box allgemein\Info.txt\Release\25_Smart24-P2\2026.01,1/5/2026,1/5/2026,1/5/2026,Product Management,geliefert,FSc,D2C
IT-Standalone-NL-2026.docx,255,,Jwg,IT,Cristina,Laura,Mail,Z:\Produkte\FRITZ!com\deutsch\2026.01,1/5/2026,1/12/2026,1/12/2026,Channel Sales,geliefert,Msi,D2C
Übersetzung Januar newsletter NL.docx,269,,Pse,NL,Angelique,,Mail,Z:\Produkte\FRITZ!com\deutsch\2026.01,1/5/2026,1/9/2026,1/13/2026,Channel Sales,,Msi,D2C
Information zu Speicherkrise 18122025.docx,519,,Dhr,EN,John,,Mail,Z:\Produkte\FRITZ!com\deutsch\2026.01,1/5/2026,1/6/2026,ASAP,Corporate Communications,,Msi,Vertrieb
Information zu Speicherkrise 18122025.docx,519,,Dhr,IT,Cristina,Laura,Mail,Z:\Produkte\FRITZ!com\deutsch\2026.01,1/5/2026,1/7/2026,ASAP,Corporate Communications,,Msi,Entwicklung
Information zu Speicherkrise 18122025.docx,519,,Dhr,NL,Marion,Angelique,Mail,Z:\Produkte\FRITZ!com\deutsch\2026.01,1/5/2026,1/7/2026,ASAP,Corporate Communications,,Msi,Entwicklung
METAFIELDS,,,CST,EN,John,,Mail,Z:\Produkte\FRITZ!com\deutsch\2026.01\KW2,1/6/2026,1/8/2026,1/12/2026,D2C Ecommerce,,Lbo,Entwicklung
METAFIELDS,,,CST,ES,Helena,,Mail,Z:\Produkte\FRITZ!com\deutsch\2026.01\KW2,1/6/2026,1/7/2026,1/12/2026,D2C Ecommerce,geliefert,Lbo,Entwicklung
METAFIELDS,,,CST,FR,Martine,,Mail,Z:\Produkte\FRITZ!com\deutsch\2026.01\KW2,1/6/2026,1/8/2026,1/12/2026,D2C Ecommerce,ausgecheckt,Lbo,Entwicklung
METAFIELDS,,,CST,IT,Laura,,Mail,Z:\Produkte\FRITZ!com\deutsch\2026.01\KW2,1/6/2026,1/8/2026,1/12/2026,D2C Ecommerce,,Lbo,Entwicklung
METAFIELDS,,,CST,NL,Angelique,,Mail,Z:\Produkte\FRITZ!com\deutsch\2026.01\KW2,1/6/2026,1/8/2026,1/12/2026,D2C Ecommerce,NICHT ausgecheckt,Lbo,Entwicklung
Newsletter-IT-01-26.docx,44,,Jwg,IT,Cristina,Laura,Mail,Z:\Produkte\FRITZ!com\deutsch\2026.01,1/6/2026,1/16/2026,1/15/2026,Channel Sales,geliefert,Hme,Entwicklung
Newsletter-ES-01-26.docx,128,,Jwg,ES,Alba,,Mail,Z:\Produkte\FRITZ!com\deutsch\2026.01,1/6/2026,1/16/2026,1/15/2026,Channel Sales,geliefert,Hme,Kommunikation
MyFapp_20260107-de.xml,,,KSu,DE,Carsten,Franziska,jazz,Z:\Produkte\F!Apps\FappMyF\GUI\Android\deutsch\2026.01,1/7/2026,1/8/2026,1/8/2026,User Interface & Clients,geliefert,FSc,Vertrieb
Übersetzung Newsletter Solden-de.docx,36,,Atc,Nl,Angelique,,Mail,Z:\Produkte\FRITZ!com\deutsch\2026.01,1/7/2026,1/12/2026,1/9/2026,D2C Ecommerce,geliefert,Hme,D2C
MyFapp_20260107-de.xml,,,KSu,EN,John,,jazz,Z:\Produkte\F!Apps\FappMyF\GUI\Android\deutsch\2026.01,1/7/2026,1/12/2026,1/12/2026,User Interface & Clients,geliefert,FSc,D2C
MyFapp_20260107-de.xml,,,KSu,Es,Helena,,jazz,Z:\Produkte\F!Apps\FappMyF\GUI\Android\deutsch\2026.01,1/7/2026,1/12/2026,1/12/2026,User Interface & Clients,geliefert,FSc,D2C
MyFapp_20260107-de.xml,,,KSu,Fr,Marie,,jazz,Z:\Produkte\F!Apps\FappMyF\GUI\Android\deutsch\2026.01,1/7/2026,1/12/2026,1/12/2026,User Interface & Clients,geliefert,FSc,D2C
MyFapp_20260107-de.xml,,,KSu,It,Laura,,jazz,Z:\Produkte\F!Apps\FappMyF\GUI\Android\deutsch\2026.01,1/7/2026,1/12/2026,1/12/2026,User Interface & Clients,geliefert,FSc,D2C
MyFapp_20260107-de.xml,,,KSu,Nl,Angelique,,jazz,Z:\Produkte\F!Apps\FappMyF\GUI\Android\deutsch\2026.01,1/7/2026,1/12/2026,1/12/2026,User Interface & Clients,geliefert,FSc,KM
MyFapp_20260107-de.xml,,,KSu,Pl,Yabylon,,jazz,Z:\Produkte\F!Apps\FappMyF\GUI\Android\deutsch\2026.01,1/7/2026,1/12/2026,1/12/2026,User Interface & Clients,geliefert,FSc,KM
MyFapp_20260107-de.xml,,,KSu,SL,Yabylon,,jazz,Z:\Produkte\F!Apps\FappMyF\GUI\Android\deutsch\2026.01,1/7/2026,1/12/2026,1/12/2026,User Interface & Clients,geliefert,FSc,KM
Übersetzung Abbinder Newsletter D2C_de.docx,16,,Atc,EN,John,,Mail,Z:\Produkte\FRITZ!com\deutsch\2026.01,1/7/2026,1/14/2026,1/14/2026,D2C Ecommerce,geliefert,Hme,KM
Übersetzung Abbinder Newsletter D2C_de.docx,16,,Atc,NL,Angelique,,Mail,Z:\Produkte\FRITZ!com\deutsch\2026.01,1/7/2026,1/14/2026,1/14/2026,D2C Ecommerce,geliefert,Hme,KM
Übersetzung Abbinder Newsletter D2C_de.docx,16,,Atc,IT,Laura,,Mail,Z:\Produkte\FRITZ!com\deutsch\2026.01,1/7/2026,1/14/2026,1/14/2026,D2C Ecommerce,ausgecheckt,Hme,KM
Übersetzung Abbinder Newsletter D2C_de.docx,16,,Atc,ES,Alba,,Mail,Z:\Produkte\FRITZ!com\deutsch\2026.01,1/7/2026,1/14/2026,1/14/2026,D2C Ecommerce,geliefert,Hme,KM
Data Act FRITZ!Smart-int-de.docx,341,,LLe,It,Cristina,Laura,Mail,Z:\Produkte\Einleger und juristische Texte\Data Act\FRITZ!Smart\2026.01,1/7/2026,1/21/2026,1/23/2026,Technical Communication,geliefert,FSc,KM
Data Act FRITZ!Smart-int-de.docx,341,,LLe,Nl,Angelique,,Mail,Z:\Produkte\Einleger und juristische Texte\Data Act\FRITZ!Smart\2026.01,1/7/2026,1/16/2026,1/23/2026,Technical Communication,geliefert,FSc,KM
Data Act FRITZ!Smart-int-de.docx,341,,LLe,DA,Yabylon,,Mail,Z:\Produkte\Einleger und juristische Texte\Data Act\FRITZ!Smart\2026.01,1/7/2026,1/14/2026,1/30/2026,Technical Communication,geliefert,FSc,KM
Data Act FRITZ!Smart-int-de.docx,341,,LLe,EN,John,,Mail,Z:\Produkte\Einleger und juristische Texte\Data Act\FRITZ!Smart\2026.01,1/7/2026,1/14/2026,1/30/2026,Technical Communication,geliefert,FSc,Vertrieb
Data Act FRITZ!Smart-int-de.docx,341,,LLe,Es,Alba,,Mail,Z:\Produkte\Einleger und juristische Texte\Data Act\FRITZ!Smart\2026.01,1/7/2026,1/14/2026,1/30/2026,Technical Communication,geliefert,FSc,Vertrieb
Data Act FRITZ!Smart-int-de.docx,341,,LLe,Fi,Yabylon,,Mail,Z:\Produkte\Einleger und juristische Texte\Data Act\FRITZ!Smart\2026.01,1/7/2026,1/14/2026,1/30/2026,Technical Communication,geliefert,FSc,Vertrieb
Data Act FRITZ!Smart-int-de.docx,341,,LLe,Fr,Marie,,Mail,Z:\Produkte\Einleger und juristische Texte\Data Act\FRITZ!Smart\2026.01,1/7/2026,1/14/2026,1/30/2026,Technical Communication,geliefert,FSc,Vertrieb
Data Act FRITZ!Smart-int-de.docx,341,,LLe,NO,Yabylon,,Mail,Z:\Produkte\Einleger und juristische Texte\Data Act\FRITZ!Smart\2026.01,1/7/2026,1/14/2026,1/30/2026,Technical Communication,geliefert,FSc,Vertrieb
Data Act FRITZ!Smart-int-de.docx,341,,LLe,Pl,Yabylon,,Mail,Z:\Produkte\Einleger und juristische Texte\Data Act\FRITZ!Smart\2026.01,1/7/2026,1/14/2026,1/30/2026,Technical Communication,geliefert,FSc,Vertrieb
Data Act FRITZ!Smart-int-de.docx,341,,LLe,SV,Yabylon,,Mail,Z:\Produkte\Einleger und juristische Texte\Data Act\FRITZ!Smart\2026.01,1/7/2026,1/14/2026,1/30/2026,Technical Communication,geliefert,FSc,Vertrieb
Data Act FRITZ!Smart-int-de.docx,341,,LLe,SL,Yabylon,,Mail,Z:\Produkte\Einleger und juristische Texte\Data Act\FRITZ!Smart\2026.01,1/7/2026,1/14/2026,1/30/2026,Technical Communication,geliefert,FSc,Vertrieb
Frohes neues Jahr 2026.docx,83,,Pse,NL,Angelique,,Mail,Z:\Produkte\FRITZ!com\deutsch\2026.01,1/8/2026,1/8/2026,1/8/2026,Channel Sales,,Msi,Vertrieb
"MWC-save-the-date-2026-de.docx,112,,BAl,EN,John,,Mail,""Z:\Produkte\Texte Web, Marketing, etc\deutsch\2026.01"",1/9/2026,1/12/2026,1/13/2026,Corporate Communications,geliefert,FSc,Vertrieb"
"German_Design_Award-de.docx,101,,PSe,Nl,Angelique,,Mail,""Z:\Produkte\Texte Web, Marketing, etc\deutsch\2026.01"",1/9/2026,1/14/2026,1/20/2026,Channel Sales,geliefert,FSc,Vertrieb"
OH_FB_s24p2_v7-2026-01-12_D-00000084_T-00000951_EngineeringModules_de-DE_en-GB.Fragments.xml,,,Cmi,EN,John,,Mail,Z:\International\Tico\work\2026-01-12_D-00000084_T-00000951_de-DE_en-GB.xml,1/12/2026,1/19/2026,1/19/2026,Technical Communication,geliefert,Msi,Vertrieb
OH_FB_s24p2_v7-2026-01-12_D-00000084_T-00000951_EngineeringModules_de-DE_en-GB.xml,,,Cmi,EN,John,,Mail,Z:\International\Tico\work\2026-01-12_D-00000084_T-00000951_de-DE_en-GB.xml,1/12/2026,1/19/2026,1/19/2026,Technical Communication,geliefert,Msi,Vertrieb
OH_FB_s24p2_v7-2026-01-12_D-00000084_T-00000948_EngineeringModules_de-DE_es-ES.xml,,,Cmi,Es,Helena,,Mail,Z:\International\Tico\work\2026-01-12_D-00000084_T-00000948_de-DE_es-ES.xml\untranslated,1/12/2026,1/16/2026,1/19/2026,Technical Communication,geliefert,Msi,D2C
OH_FB_s24p2_v7-2026-01-12_D-00000084_T-00000947_EngineeringModules_de-DE_fr-FR.Fragments.xml,,,Cmi,Fr,Martine,,Mail,Z:\International\Tico\work\2026-01-12_D-00000084_T-00000947_de-DE_fr-FR.xml\untranslated,1/12/2026,1/16/2026,1/19/2026,Technical Communication,geliefert,Msi,D2C
OH_FB_s24p2_v7-2026-01-12_D-00000084_T-00000949_EngineeringModules_de-DE_it-IT.Fragments.xml,,,Cmi,It,Laura,,Mail,Z:\International\Tico\work\2026-01-12_D-00000084_T-00000949_de-DE_it-IT.xml\untranslated,1/12/2026,1/20/2026,1/23/2026,Technical Communication,geliefert,Msi,D2C
OH_FB_s24p2_v7-2026-01-12_D-00000084_T-00000949_EngineeringModules_de-DE_it-IT.xml,,,Cmi,It,Laura,,Mail,Z:\International\Tico\work\2026-01-12_D-00000084_T-00000949_de-DE_it-IT.xml\untranslated,1/12/2026,1/20/2026,1/23/2026,Technical Communication,geliefert,Msi,D2C
OH_FB_s24p2_v7-2026-01-12_D-00000084_T-00000950_EngineeringModules_de-DE_nl-NL.Fragments.xml,,,Cmi,Nl,Angelique,,Mail,Z:\International\Tico\work\2026-01-12_D-00000084_T-00000950_de-DE_nl-NL.xml\untranslated,1/12/2026,1/23/2026,1/23/2026,Technical Communication,geliefert,Msi,D2C
OH_FB_s24p2_v7-2026-01-12_D-00000084_T-00000950_EngineeringModules_de-DE_nl-NL.xml,,,Cmi,Nl,Angelique,,Mail,Z:\International\Tico\work\2026-01-12_D-00000084_T-00000950_de-DE_nl-NL.xml\untranslated,1/12/2026,1/23/2026,1/23/2026,Technical Communication,geliefert,Msi,D2C
OH_FB_s24p2_v7-2026-01-12_D-00000084_T-00000948_EngineeringModules_de-DE_es-ES.Fragments.xml,,,Cmi,Es,Helena,,Mail,Z:\International\Tico\work\2026-01-12_D-00000084_T-00000948_de-DE_es-ES.xml\untranslated,1/12/2026,1/16/2026,1/23/2026,Technical Communication,geliefert,Msi,D2C
OH_FB_s24p2_v7-2026-01-12_D-00000084_T-00000947_EngineeringModules_de-DE_fr-FR.xml,,,Cmi,Fr,Martine,,Mail,Z:\International\Tico\work\2026-01-12_D-00000084_T-00000947_de-DE_fr-FR.xml\untranslated,1/12/2026,1/16/2026,1/23/2026,Technical Communication,geliefert,Msi,D2C
"20260113_Ankuendigung_FRITZ!Box 4630_Edition_International_DE_Final.docx,734,,Apa,DE,Franziska,,Mail,""Z:\Produkte\Texte Web, Marketing, etc\deutsch\2026.01"",1/13/2026,1/13/2026,1/13/2026,Sales Marketing,geliefert,Hme,D2C"
"Whitepaper-de.docx,26,,PSe,Es,Alba,,Mail,""Z:\Produkte\Texte Web, Marketing, etc\deutsch\2026.01"",1/13/2026,1/16/2026,1/16/2026,Channel Sales,geliefert,FSc,D2C"
"Whitepaper-de.docx,26,,PSe,It,Cristina,,Mail,""Z:\Produkte\Texte Web, Marketing, etc\deutsch\2026.01"",1/13/2026,1/16/2026,1/16/2026,Channel Sales,geliefert,FSc,D2C"
"Whitepaper-de.docx,26,,PSe,Nl,Angelique,,Mail,""Z:\Produkte\Texte Web, Marketing, etc\deutsch\2026.01"",1/13/2026,1/16/2026,1/16/2026,Channel Sales,geliefert,FSc,D2C"
"20260113_Ankuendigung_FRITZ!Box 4630_Edition_International_DE_Final.docx,734,,Apa,EN,Susan,,Mail,""Z:\Produkte\Texte Web, Marketing, etc\deutsch\2026.01"",1/13/2026,1/21/2026,1/21/2026,Sales Marketing,geliefert,Hme,D2C"
"20260113_Ankuendigung_FRITZ!Box 4630_Edition_International_DE_Final.docx,734,,Apa,FR,Marie,,Mail,""Z:\Produkte\Texte Web, Marketing, etc\deutsch\2026.01"",1/13/2026,1/21/2026,1/21/2026,Sales Marketing,geliefert,Hme,Entwicklung"
"20260113_Ankuendigung_FRITZ!Box 4630_Edition_International_DE_Final.docx,734,,Apa,NL,Angelique,,Mail,""Z:\Produkte\Texte Web, Marketing, etc\deutsch\2026.01"",1/13/2026,1/21/2026,1/21/2026,Sales Marketing,geliefert,Hme,Vertrieb"
"20260113_Ankuendigung_FRITZ!Box 4630_Edition_International_DE_Final.docx,734,,Apa,ES,Alba,,Mail,""Z:\Produkte\Texte Web, Marketing, etc\deutsch\2026.01"",1/13/2026,1/21/2026,1/21/2026,Sales Marketing,geliefert,Hme,Entwicklung"
"20260113_Ankuendigung_FRITZ!Box 4630_Edition_International_DE_Final.docx,734,,Apa,IT,Cristina,Laura,Mail,""Z:\Produkte\Texte Web, Marketing, etc\deutsch\2026.01"",1/13/2026,1/21/2026,1/21/2026,Sales Marketing,geliefert,Hme,Entwicklung"
"20260114_MyFRITZ 3.0 Beschreibungstext AppStores_DE.docx,313,,OKE,EN,Susan,,Mail,""Z:\Produkte\Texte Web, Marketing, etc\deutsch\2026.01"",1/14/2026,1/19/2026,1/20/2026,Channel Sales,geliefert,Hme,Entwicklung"
"20260114_MyFRITZ 3.0 Beschreibungstext AppStores_DE.docx,313,,OKE,FR,Marie,,Mail,""Z:\Produkte\Texte Web, Marketing, etc\deutsch\2026.01"",1/14/2026,1/19/2026,1/20/2026,Channel Sales,geliefert,Hme,Entwicklung"
"20260114_MyFRITZ 3.0 Beschreibungstext AppStores_DE.docx,313,,OKE,IT,Cristina,Laura,Mail,""Z:\Produkte\Texte Web, Marketing, etc\italienisch\2026.01"",1/14/2026,1/19/2026,1/20/2026,Channel Sales,geliefert,Hme,Entwicklung"
"20260114_MyFRITZ 3.0 Beschreibungstext AppStores_DE.docx,313,,OKE,NL,Angelique,,Mail,""Z:\Produkte\Texte Web, Marketing, etc\deutsch\2026.01"",1/14/2026,1/19/2026,1/20/2026,Channel Sales,geliefert,Hme,Entwicklung"
"Launch-Kampagne CH - Textassets_ Fritz_REG140126.xlsx,,,REG,DE,Franziska,,Mail,""Z:\Produkte\Texte Web, Marketing, etc\deutsch\2026.01"",1/14/2026,1/23/2026,1/23/2026,D2C Ecommerce,geliefert,Hme,Entwicklung"
"Launch-Kampagne CH - Textassets_ Fritz_REG140126.xlsx,,,REG,IT,Laura,,Mail,""Z:\Produkte\Texte Web, Marketing, etc\deutsch\2026.01"",1/14/2026,1/23/2026,1/23/2026,D2C Ecommerce,geliefert,Hme,Vertrieb"
"Launch-Kampagne CH - Textassets_ Fritz_REG140126.xlsx,,,REG,FR,Marie,,Mail,""Z:\Produkte\Texte Web, Marketing, etc\deutsch\2026.01"",1/14/2026,1/23/2026,1/23/2026,D2C Ecommerce,ausgecheckt,Hme,Vertrieb"
MyFapp_20260115-de.xliff,11873,,TBh,DE,Franziska,,jazz,Z:\Produkte\F!Apps\FappMyF\GUI\iOS\deutsch\2026.01,1/15/2026,1/16/2026,1/16/2026,User Interface & Clients,geliefert,FSc,Vertrieb
Amazon_Content_Rest-de.docx,4309,,JBL,EN,John,,Mail,Z:\Produkte\D2C\deutsch\2026.01,1/15/2026,1/20/2026,1/20/2026,D2C Ecommerce,geliefert,FSc,Vertrieb
Amazon_Content_Rest-de.docx,4309,,JBl,Es,Alba,,Mail,Z:\Produkte\D2C\deutsch\2026.01,1/15/2026,1/20/2026,1/20/2026,D2C Ecommerce,geliefert,FSc,Vertrieb
Amazon_Content_Rest-de.docx,4309,,JBl,Fr,Marie,,Mail,Z:\Produkte\D2C\deutsch\2026.01,1/15/2026,1/20/2026,1/20/2026,D2C Ecommerce,geliefert,FSc,Vertrieb
Amazon_Content_Rest-de.docx,4309,,JBl,It,Cristina,,Mail,Z:\Produkte\D2C\deutsch\2026.01,1/15/2026,1/20/2026,1/20/2026,D2C Ecommerce,geliefert,FSc,Support
Amazon_Content_Rest-de.docx,4309,,JBl,Nl,Angelique,,Mail,Z:\Produkte\D2C\deutsch\2026.01,1/15/2026,1/20/2026,1/20/2026,D2C Ecommerce,geliefert,FSc,
Amazon_Content_Rest-de.docx,4309,,JBl,Pl,Yabylon,,Mail,Z:\Produkte\D2C\deutsch\2026.01,1/15/2026,1/21/2026,1/21/2026,D2C Ecommerce,geliefert,FSc,
"Übersetzung Warenkorb Reminder-de.docx,115,,Atc,EN,John,,Mail,""Z:\Produkte\Texte Web, Marketing, etc\deutsch\2026.01"",1/15/2026,1/22/2026,1/22/2026,D2C Ecommerce,geliefert,Hme,"
"Übersetzung Warenkorb Reminder-de.docx,115,,Atc,IT,Cristina,Laura,Mail,""Z:\Produkte\Texte Web, Marketing, etc\italienisch\2026.01"",1/15/2026,1/22/2026,1/22/2026,D2C Ecommerce,geliefert,Hme,"
"Übersetzung Warenkorb Reminder-de.docx,115,,Atc,NL,Angelique,,Mail,""Z:\Produkte\Texte Web, Marketing, etc\deutsch\2026.01"",1/15/2026,1/22/2026,1/22/2026,D2C Ecommerce,geliefert,Hme,"
"Übersetzung Warenkorb Reminder-de.docx,115,,Atc,ES,Alba,,Mail,""Z:\Produkte\Texte Web, Marketing, etc\deutsch\2026.01"",1/15/2026,1/22/2026,1/22/2026,D2C Ecommerce,geliefert,Hme,"
"4442_nl-NL_produktvergleich_20260116-124329.xml,102,,PSe,NL,Angelique,,Mail,""Z:\Produkte\Texte Web, Marketing, etc\deutsch\2026.01"",1/16/2026,1/28/2026,1/30/2026,Channel Sales,geliefert,Hme,"
dsgvo-loeschanfrage-d2c-daten,131,,Jks,EN,Lisa,,Mail,Z:\Produkte\Support-Aufträge\01.2026\16.01.26,1/16/2026,1/21/2026,1/21/2026,Kundenservice,geliefert,Rho,
dsgvo-loeschanfrage-d2c-daten,131,,Jks,IT,Laura,,Mail,Z:\Produkte\Support-Aufträge\01.2026\16.01.26,1/16/2026,1/21/2026,1/21/2026,Kundenservice,geliefert,Rho,
dsgvo-loeschanfrage-d2c-daten,131,,Jks,NL,Angelique,,Mail,Z:\Produkte\Support-Aufträge\01.2026\16.01.26,1/16/2026,1/20/2026,1/21/2026,Kundenservice,geliefert,Rho,
dsgvo-loeschanfrage-d2c-daten,131,,Jks,FR,Marie,,Mail,Z:\Produkte\Support-Aufträge\01.2026\16.01.26,1/16/2026,1/20/2026,1/21/2026,Kundenservice,geliefert,Rho,
dsgvo-loeschanfrage-d2c-daten,131,,Jks,ES,Helena,,Mail,Z:\Produkte\Support-Aufträge\01.2026\16.01.26,1/16/2026,1/20/2026,1/21/2026,Kundenservice,geliefert,Rho,Entwicklung
Makro 4248 Störungen auf der Gegenseite bei DECT-Telefonverbindungen,244,,Msw,EN,Lisa,,Mail,Z:\Produkte\Support-Aufträge\01.2026\16.01.26,1/16/2026,1/22/2026,1/23/2026,Kundenservice 2nd Level,geliefert,Rho,Entwicklung
Makro 4248 Störungen auf der Gegenseite bei DECT-Telefonverbindungen,244,,Msw,NL,Angelique,,Mail,Z:\Produkte\Support-Aufträge\01.2026\16.01.26,1/16/2026,1/22/2026,1/23/2026,Kundenservice 2nd Level,,Rho,Entwicklung
" Autoresponder noreply_shop@fritz.com,66,,Jks,EN,John,,Mail,""""""Z:\Produkte\Support-Aufträge\01.2026\16.01.26"",1/16/2026,2/4/2026,2/6/2026,Kundenservice,geliefert,Rho,"
" Autoresponder noreply_shop@fritz.com,66,,Jks,IT,Laura,,Mail,""""""Z:\Produkte\Support-Aufträge\01.2026\16.01.26"",1/16/2026,2/4/2026,2/6/2026,Kundenservice,geliefert,Rho,"
" Autoresponder noreply_shop@fritz.com,66,,Jks,NL,Angelique,,Mail,""""""Z:\Produkte\Support-Aufträge\01.2026\16.01.26"",1/16/2026,2/4/2026,2/6/2026,Kundenservice,geliefert,Rho,"
" Autoresponder noreply_shop@fritz.com,66,,Jks,ES,Alba,,Mail,""""""Z:\Produkte\Support-Aufträge\01.2026\16.01.26"",1/16/2026,2/4/2026,2/6/2026,Kundenservice,geliefert,Rho,"
" Autoresponder noreply_shop@fritz.com,66,,Jks,FR,Marie,,Mail,""""""Z:\Produkte\Support-Aufträge\01.2026\16.01.26"",1/16/2026,2/4/2026,2/6/2026,Kundenservice,geliefert,Rho,"
MyFapp_20260119-de-ES.xliff,11873,,TBh,Es,Helena,,jazz,Z:\Produkte\F!Apps\FappMyF\GUI\iOS\spanisch\2026.01,1/19/2026,1/21/2026,1/21/2026,User Interface & Clients,geliefert,FSc,
MyFapp_20260119-de-FR.xliff,11873,,TBh,Fr,Marie,,jazz,Z:\Produkte\F!Apps\FappMyF\GUI\iOS\franzoesisch\2026.01,1/19/2026,1/21/2026,1/21/2026,User Interface & Clients,geliefert,FSc,
MyFapp_20260119-de-IT.xliff,12043,,TBh,It,Laura,,jazz,Z:\Produkte\F!Apps\FappMyF\GUI\iOS\italienisch\2026.01,1/19/2026,1/21/2026,1/21/2026,User Interface & Clients,geliefert,FSc,
MyFapp_20260119-de-NL.xliff,11921,,TBh,Nl,Angelique,,jazz,Z:\Produkte\F!Apps\FappMyF\GUI\iOS\niederlaendisch\2026.01,1/19/2026,1/21/2026,1/21/2026,User Interface & Clients,geliefert,FSc,
MyFapp_20260119-de-PL.xliff,11995,,TBh,Pl,Yabylon,,jazz,Z:\Produkte\F!Apps\FappMyF\GUI\iOS\polnisch\2026.01,1/19/2026,1/21/2026,1/21/2026,User Interface & Clients,geliefert,FSc,
MyFapp_20260119-de-SL.xliff,11995,,TBh,SL,Yabylon,,jazz,Z:\Produkte\F!Apps\FappMyF\GUI\iOS\slowenisch\2026.01,1/19/2026,1/21/2026,1/21/2026,User Interface & Clients,geliefert,FSc,
MyFapp_20260119-de-US.xliff,11873,,TBh,EN,Susan,,jazz,Z:\Produkte\F!Apps\FappMyF\GUI\iOS\englisch\2026.01,1/19/2026,1/21/2026,1/21/2026,User Interface & Clients,geliefert,FSc,
"Provider-EN.docx,205,,Hgk,DE,Franziska,,Mail,""Z:\Produkte\Texte Web, Marketing, etc\englisch\2026.01"",1/19/2026,1/22/2026,1/22/2026,Corporate Communications,geliefert,,"
Booklet 610 (2 Dateien),968,,LBu,EN,John,,Mail,Z:\Produkte\F!Powerline\610\2025.11,1/19/2026,1/21/2026,1/26/2026,Technical Communication,ausgecheckt,Msi,
Booklet 610 (2 Dateien),968,,LBu,It,Laura,,Mail,Z:\Produkte\F!Powerline\610\2025.11,1/19/2026,1/21/2026,1/26/2026,Technical Communication,ausgecheckt,Msi,
Booklet 610 (2 Dateien),968,,LBu,Nl,Angelique,,Mail,Z:\Produkte\F!Powerline\610\2025.11,1/19/2026,1/28/2026,1/28/2026,Technical Communication,ausgecheckt,Msi,
Booklet 610 (2 Dateien),968,,LBu,Es,Helena,,Mail,Z:\Produkte\F!Powerline\610\2025.11,1/19/2026,1/28/2026,1/28/2026,Technical Communication,ausgecheckt,Msi,
Booklet 610 (2 Dateien),968,,LBu,Fr,Martine,,Mail,Z:\Produkte\F!Powerline\610\2025.11,1/19/2026,1/28/2026,1/28/2026,Technical Communication,ausgecheckt,Msi,Kommunikation
fritzpowerline.de.xlf,,,OBe,DE,Franziska,,jazz,Z:\Produkte\F!Powerline\GUI\deutsch\2026.01,1/19/2026,2/2/2026,2/6/2026,Research & Development,geliefert,FSc,
fritzpowerline.en.xlf,,,OBe,EN,John,,jazz,Z:\Produkte\F!Powerline\GUI\englisch\2026.01,1/19/2026,2/5/2026,2/6/2026,Research & Development,geliefert,FSc,
fritz.powerline Help,,,OBe,DE,Eva,,jazz,Z:\Produkte\F!Powerline\Hilfe\deutsch\2026.01 (muss EBu vor der Übersetzung erstellen),1/19/2026,2/5/2026,2/6/2026,Research & Development,geliefert,FSc,
fritz.powerline Help - en,,,OBe,EN,Franziska,,jazz,Z:\Produkte\F!Powerline\Hilfe\englisch\2026.01,1/19/2026,2/5/2026,2/6/2026,Research & Development,geliefert,FSc,
"Ankuendigung_FRITZ!Box_6850_5G_v2_Edition_International-de.docx,678,,Apa,DE,Franziska,,Mail,""Z:\Produkte\Texte Web, Marketing, etc\deutsch\2026.01"",1/20/2026,1/26/2026,1/21/2026,Sales Marketing,geliefert,Hme,"
OH_FRep_Sm24p2_v3-2026-01-20_D-00000089_T-00000956_EngineeringModules_de-DE_en-GB.xml,2082,,Cmi,EN,John,,jazz,Z:\International\Tico\work\2026-01-20_D-00000089_T-00000956_de-DE_en-GB.xml,1/20/2026,1/21/2026,1/22/2026,Technical Communication,,Msi,
OH_FRep_Sm24p2_v3-2026-01-20_D-00000089_T-00000954_EngineeringModules_de-DE_it-IT.xml,2082,,Cmi,It,Laura,,jazz,Z:\International\Tico\work\2026-01-20_D-00000089_T-00000954_de-DE_it-IT.xml,1/20/2026,1/20/2026,1/22/2026,Technical Communication,,Msi,
OH_FRep_Sm24p2_v3-2026-01-20_D-00000089_T-00000953_EngineeringModules_de-DE_es-ES.xml,2082,,Cmi,Es,Helena,,jazz,Z:\International\Tico\work\2026-01-20_D-00000089_T-00000953_de-DE_es-ES.xml\untranslated,1/20/2026,1/20/2026,1/22/2026,Technical Communication,,Msi,
OH_FRep_Sm24p2_v3-2026-01-20_D-00000089_T-00000952_EngineeringModules_de-DE_fr-FR.xml,2082,,Cmi,Fr,Martine,,jazz,Z:\International\Tico\work\2026-01-20_D-00000089_T-00000952_de-DE_fr-FR.xml\untranslated,1/20/2026,1/20/2026,1/22/2026,Technical Communication,,Msi,
dsgvo-loeschanfrage-d2c-daten-de.docx,129,,JKs,Pl,Yabylon,,LS-Tracker,Z:\Produkte\D2C\deutsch\2026.01,1/20/2026,1/21/2026,1/22/2026,Kundenservice,geliefert,FSc,
OH_FRep_Sm24p2_v3-2026-01-20_D-00000089_T-00000955_EngineeringModules_de-DE_nl-NL.xml,2082,,Cmi,Nl,Angelique,,jazz,Z:\International\Tico\work\2026-01-20_D-00000089_T-00000955_de-DE_nl-NL.xml\untranslated,1/20/2026,1/23/2026,1/23/2026,Technical Communication,,Msi,
PDP FRITZ!Box 6825 4G + neue Metaobjekte (4 Dateien),,,Lca,EN,John,,LS-Tracker,Z:\Produkte\FRITZ!com\2026.01\KW04\Übersetzungen,1/20/2026,1/27/2026,1/28/2026,D2C Ecommerce,,LBo,
PDP FRITZ!Box 6825 4G + neue Metaobjekte (4 Dateien),,,LCa,ES,Helena,,LS-Tracker,Z:\Produkte\FRITZ!com\2026.01\KW04\Übersetzungen,1/20/2026,1/27/2026,1/28/2026,D2C Ecommerce,,LBo,
PDP FRITZ!Box 6825 4G + neue Metaobjekte (4 Dateien),,,LCa,FR,Martine,,LS-Tracker,Z:\Produkte\FRITZ!com\2026.01\KW04\Übersetzungen,1/20/2026,1/27/2026,1/28/2026,D2C Ecommerce,,LBo,
PDP FRITZ!Box 6825 4G + neue Metaobjekte (4 Dateien),,,LCa,IT,Laura,,LS-Tracker,Z:\Produkte\FRITZ!com\2026.01\KW04\Übersetzungen,1/20/2026,1/27/2026,1/28/2026,D2C Ecommerce,,LBo,
PDP FRITZ!Box 6825 4G + neue Metaobjekte (4 Dateien),,,LCa,NL,Angelique,,LS-Tracker,Z:\Produkte\FRITZ!com\2026.01\KW04\Übersetzungen,1/20/2026,1/27/2026,1/28/2026,D2C Ecommerce,,LBo,
"Ankuendigung_FRITZ!Box_6850_5G_v2_Edition_International-de.docx,678,,Apa,EN,John,Lisa,LS-Tracker,""Z:\Produkte\Texte Web, Marketing, etc\deutsch\2026.01"",1/20/2026,1/26/2026,1/29/2026,Sales Marketing,geliefert,Hme,"
"Ankuendigung_FRITZ!Box_6850_5G_v2_Edition_International-de.docx,678,,Apa,IT,Cristina,Laura,LS-Tracker,""Z:\Produkte\Texte Web, Marketing, etc\deutsch\2026.01"",1/20/2026,1/26/2026,1/29/2026,Sales Marketing,geliefert,Hme,Kommunikation"
"Ankuendigung_FRITZ!Box_6850_5G_v2_Edition_International-de.docx,678,,Apa,NL,Angelique,,LS-Tracker,""Z:\Produkte\Texte Web, Marketing, etc\deutsch\2026.01"",1/20/2026,1/26/2026,1/29/2026,Sales Marketing,geliefert,Hme,"
"Ankuendigung_FRITZ!Box_6850_5G_v2_Edition_International-de.docx,678,,Apa,FR,Marie,,LS-Tracker,""Z:\Produkte\Texte Web, Marketing, etc\deutsch\2026.01"",1/20/2026,1/26/2026,1/29/2026,Sales Marketing,geliefert,Hme,"
"Ankuendigung_FRITZ!Box_6850_5G_v2_Edition_International-de.docx,678,,Apa,ES,Alba,,LS-Tracker,""Z:\Produkte\Texte Web, Marketing, etc\deutsch\2026.01"",1/20/2026,1/26/2026,1/29/2026,Sales Marketing,geliefert,Hme,"
Bundles_translations-en-ONLINE_STORE_THEME.json,,,CST,EN,Susan,,LS-Tracker,Z:\Produkte\FRITZ!com\2026.01\KW04\Übersetzungen,1/20/2026,1/20/2026,1/30/2026,D2C Ecommerce,,LBo,
Bundle-6670_translations-fr-ONLINE_STORE_THEME.json,,,CST,NL,Angelique,,LS-Tracker,Z:\Produkte\FRITZ!com\2026.01\KW04\Übersetzungen,1/20/2026,1/30/2026,1/30/2026,D2C Ecommerce,,LBo,
Bundle-6670_translations-nl-ONLINE_STORE_THEME.json,,,CST,FR,Martine,,LS-Tracker,Z:\Produkte\FRITZ!com\2026.01\KW04\Übersetzungen,1/20/2026,1/28/2026,1/30/2026,D2C Ecommerce,,LBo,Vertrieb
"Makro 754 - F!Shop ""Rechnung,119,,Ofo,EN,lisa,,LS-Tracker,Z:\Produkte\Support-Aufträge\01.2026\20.01.26,1/20/2026,1/22/2026,1/26/2026,Kundenservice 2nd Level,,Rho,Kommunikation"
"Makro 754 - F!Shop ""Rechnung,119,,Ofo,IT,Laura,,LS-Tracker,Z:\Produkte\Support-Aufträge\01.2026\20.01.26,1/20/2026,1/21/2026,1/26/2026,Kundenservice 2nd Level,,Rho,"
"Makro 754 - F!Shop ""Rechnung,119,,Ofo,NL,Angelique,,LS-Tracker,Z:\Produkte\Support-Aufträge\01.2026\20.01.26,1/20/2026,1/26/2026,1/26/2026,Kundenservice 2nd Level,,Rho,"
"Makro 754 - F!Shop ""Rechnung,119,,Ofo,ES,Helena,,LS-Tracker,Z:\Produkte\Support-Aufträge\01.2026\20.01.26,1/20/2026,1/26/2026,1/26/2026,Kundenservice 2nd Level,,Rho,"
"Makro 754 - F!Shop ""Rechnung,119,,Ofo,FR,Marie,,LS-Tracker,Z:\Produkte\Support-Aufträge\01.2026\20.01.26,1/20/2026,1/22/2026,1/26/2026,Kundenservice 2nd Level,,Rho,"
2026-01-21T10-44-57_PM-History-Texts.xml,,,TJa,DE,Franziska,,LS-Tracker,Z:\Produkte\F!Box allgemein\Info.txt\Release\25_Smart24-P2\2026.01,1/21/2026,1/21/2026,1/21/2026,Product Management,geliefert,FSc,
2026-01-21T11-15-53_PM-History-Texts_korr-de.xml,,,TJa,EN,John,,LS-Tracker,Z:\Produkte\F!Box allgemein\Info.txt\Release\25_Smart24-P2\2026.01,1/21/2026,1/21/2026,1/21/2026,Product Management,geliefert,FSc,
"Unternehmenspraesentation-de.docx,234,,BAl,EN,Susan/John,,Mail,""Z:\Produkte\Texte Web, Marketing, etc\deutsch\2026.01"",1/21/2026,1/22/2026,1/22/2026,Corporate Communications,geliefert,FSc,"
Master_HB_FB_Sm24p1_v6-2026-01-21_D-00000083_T-00000958_EngineeringModules_de-DE_en-GB.xml,2050,,Tvi,EN,John,,jazz,Z:\International\Tico\work\2026-01-21_D-00000058_T-00000958_de-DE_en-GB.xml,1/21/2026,1/22/2026,1/23/2026,Product Management,,Msi,
(Shopify) Clearer Address Validator.xlsx,,,TKO,IT,Laura,,LS-Tracker,Shopify,1/21/2026,1/21/2026,1/23/2026,Technical Communication,,LBo,
(Shopify) Clearer Address Validator.xlsx,,,TKO,ES,Helena,,LS-Tracker,Z:\Produkte\FRITZ!com\2026.01,1/21/2026,1/22/2026,1/23/2026,Technical Communication,,LBo,
(Shopify) Clearer Address Validator.xlsx,,,TKO,NL,Angelique,,LS-Tracker,Z:\Produkte\FRITZ!com\2026.01,1/21/2026,1/23/2026,1/23/2026,Technical Communication,,LBo,
"FRITZ!Smart Energy 201.docx,,,Bal,EN,Lisa,,LS-Tracker,""Z:\Produkte\Texte Web, Marketing, etc\deutsch\2026.01"",1/21/2026,1/22/2026,1/27/2026,Corporate Communications,,Msi,"
"Felder-Namen Pisa web.docx,,,Lle,Fi/Se/Da/No,Yabylon,,LS-Tracker,""Z:\Produkte\Texte Web, Marketing, etc\deutsch\2026.01"",1/21/2026,1/21/2026,1/30/2026,Technical Communication,,Msi,"
"Makro 4249 Cloudflare für DNS over TLS (DoT) nicht nutzbar,112,,Cle,EN,Lisa,,LS-Tracker,""""""Z:\Produkte\Support-Aufträge\01.2026\22.01.26"",1/22/2026,1/29/2026,1/29/2026,Kundenservice 2nd Level,,Rho,"
"Makro 4249 Cloudflare für DNS over TLS (DoT) nicht nutzbar,112,,Cle,IT,Laura,,LS-Tracker,""""""Z:\Produkte\Support-Aufträge\01.2026\22.01.26"",1/22/2026,2/3/2026,1/29/2026,Kundenservice 2nd Level,,Rho,"
"Makro 4249 Cloudflare für DNS over TLS (DoT) nicht nutzbar,112,,Cle,NL,Angelique,,LS-Tracker,""""""Z:\Produkte\Support-Aufträge\01.2026\22.01.26"",1/22/2026,1/29/2026,1/29/2026,Kundenservice 2nd Level,,Rho,"
"Makro 4249 Cloudflare für DNS over TLS (DoT) nicht nutzbar,112,,Cle,ES,Helena,,LS-Tracker,""""""Z:\Produkte\Support-Aufträge\01.2026\22.01.26"",1/22/2026,1/29/2026,1/29/2026,Kundenservice 2nd Level,,Rho,"
Mobilfunk Landingpage und Banner (2 Dateien),,,KGo,EN,Susan,,LS-Tracker,Z:\Produkte\FRITZ!com\2026.01\KW05\Übersetzungen,1/23/2026,1/28/2026,1/30/2026,D2C Ecommerce,,LBo,
Mobilfunk Landingpage und Banner (2 Dateien),,,KGo,ES,Alba,,LS-Tracker,Z:\Produkte\FRITZ!com\2026.01\KW05\Übersetzungen,1/23/2026,1/28/2026,1/30/2026,D2C Ecommerce,,LBo,
Mobilfunk Landingpage und Banner (2 Dateien),,,KGo,FR,Marie,Martine,LS-Tracker,Z:\Produkte\FRITZ!com\2026.01\KW05\Übersetzungen,1/23/2026,1/28/2026,1/30/2026,D2C Ecommerce,,LBo,
Mobilfunk Landingpage und Banner (2 Dateien),,,KGo,IT,Laura,,LS-Tracker,Z:\Produkte\FRITZ!com\2026.01\KW05\Übersetzungen,1/23/2026,1/28/2026,1/30/2026,D2C Ecommerce,,LBo,
Mobilfunk Landingpage und Banner (2 Dateien),,,KGo,NL,Angelique,,LS-Tracker,Z:\Produkte\FRITZ!com\2026.01\KW05\Übersetzungen,1/23/2026,1/30/2026,1/30/2026,D2C Ecommerce,NICHT ausgecheckt,LBo,
Translation_Display Banner.docx,13,,KGo,EN,Susan,,LS-Tracker,Z:\Produkte\FRITZ!com\2026.01\KW05\Übersetzungen,1/23/2026,1/30/2026,1/30/2026,D2C Ecommerce,ausgecheckt,LBo,Support
Translation_Display Banner.docx,13,,KGo,ES,Alba,,LS-Tracker,Z:\Produkte\FRITZ!com\2026.01\KW05\Übersetzungen,1/23/2026,1/30/2026,1/30/2026,D2C Ecommerce,ausgecheckt,LBo,Support
Translation_Display Banner.docx,13,,KGo,FR,Marie,,LS-Tracker,Z:\Produkte\FRITZ!com\2026.01\KW05\Übersetzungen,1/23/2026,1/30/2026,1/30/2026,D2C Ecommerce,ausgecheckt,LBo,Support
Translation_Display Banner.docx,13,,KGo,IT,Laura,,LS-Tracker,Z:\Produkte\FRITZ!com\2026.01\KW05\Übersetzungen,1/23/2026,1/30/2026,1/30/2026,D2C Ecommerce,ausgecheckt,LBo,Support
Translation_Display Banner.docx,13,,KGo,NL,Angelique,,LS-Tracker,Z:\Produkte\FRITZ!com\2026.01\KW05\Übersetzungen,1/23/2026,1/30/2026,1/30/2026,D2C Ecommerce,NICHT ausgecheckt,LBo,Support
Translations_Landingpage.docx,247,,KGo,EN,Susan,,LS-Tracker,Z:\Produkte\FRITZ!com\2026.01\KW05\Übersetzungen,1/23/2026,1/30/2026,1/30/2026,D2C Ecommerce,ausgecheckt,LBo,Entwicklung
Translations_Landingpage.docx,247,,KGo,ES,Alba,,LS-Tracker,Z:\Produkte\FRITZ!com\2026.01\KW05\Übersetzungen,1/23/2026,1/30/2026,1/30/2026,D2C Ecommerce,ausgecheckt,LBo,Entwicklung
Translations_Landingpage.docx,247,,KGo,FR,Marie,,LS-Tracker,Z:\Produkte\FRITZ!com\2026.01\KW05\Übersetzungen,1/23/2026,1/30/2026,1/30/2026,D2C Ecommerce,ausgecheckt,LBo,Entwicklung
Translations_Landingpage.docx,247,,KGo,IT,Laura,,LS-Tracker,Z:\Produkte\FRITZ!com\2026.01\KW05\Übersetzungen,1/23/2026,1/30/2026,1/30/2026,D2C Ecommerce,ausgecheckt,LBo,Entwicklung
Translations_Landingpage.docx,247,,KGo,NL,Angelique,,LS-Tracker,Z:\Produkte\FRITZ!com\2026.01\KW05\Übersetzungen,1/23/2026,1/30/2026,1/30/2026,D2C Ecommerce,NICHT ausgecheckt,LBo,Entwicklung
"Alignment Unternehmenspräsentation,234,,BAl,Alignment,Franziska,,Mail,""Z:\Produkte\Texte Web, Marketing, etc\deutsch\2026.01"",1/26/2026,1/26/2026,1/26/2026,Corporate Communications,geliefert,FSc,Entwicklung"
OH-FRep_Sm24p1_v11-2026-01-26_D-00000080_T-00000960_EngineeringModules_de-DE_nl-NL.xml,745,,Cmi,EN,John,,Mail,Z:\International\Tico\work\2026-01-26_D-00000080_T-00000961_de-DE_en-GB.xml,1/26/2026,1/27/2026,1/28/2026,Technical Communication,,Msi,Entwicklung
OH-FRep_Sm24p1_v11-2026-01-26_D-00000080_T-00000961_EngineeringModules_de-DE_en-GB.xml,884,,Cmi,Nl,Angelique,,Mail,Z:\International\Tico\work\2026-01-26_D-00000080_T-00000960_de-DE_nl-NL.xml,1/26/2026,1/27/2026,1/28/2026,Technical Communication,,Msi,D2C
Business Update DE Februar,,,AGi,DE,Franziska,,Mail,,1/26/2026,1/30/2026,1/30/2026,Channel Sales,geliefert,FSc,D2C
METAFIELDS_Router,,,CST,EN,Laura,,LS-Tracker,Z:\Produkte\FRITZ!com\2026.01\KW05\Übersetzungen,1/26/2026,1/26/2026,2/2/2026,D2C Ecommerce,,LBo,Vertrieb
METAFIELDS_Router,,,CST,ES,Laura,,LS-Tracker,Z:\Produkte\FRITZ!com\2026.01\KW05\Übersetzungen,1/26/2026,1/26/2026,2/2/2026,D2C Ecommerce,,LBo,Kommunikation
METAFIELDS_Router,,,CST,FR,Laura,,LS-Tracker,Z:\Produkte\FRITZ!com\2026.01\KW05\Übersetzungen,1/26/2026,1/26/2026,2/2/2026,D2C Ecommerce,,LBo,Kommunikation
METAFIELDS_Router,,,CST,IT,Laura,,LS-Tracker,Z:\Produkte\FRITZ!com\2026.01\KW05\Übersetzungen,1/26/2026,1/26/2026,2/2/2026,D2C Ecommerce,,LBo,Entwicklung
METAFIELDS_Router,,,CST,NL,Laura,,LS-Tracker,Z:\Produkte\FRITZ!com\2026.01\KW05\Übersetzungen,1/26/2026,1/26/2026,2/2/2026,D2C Ecommerce,,LBo,Entwicklung
2026-01-27T15-09-50_PM-History-Texts.xml,,,TJa,DE,Franziska,,LS-Tracker,Z:\Produkte\F!Box allgemein\Info.txt\Release\25_Smart24-P2\2026.01,1/27/2026,1/27/2026,1/27/2026,Product Management,geliefert,FSc,Entwicklung
2026-01-27T15-48-56_PM-History-Texts_korr-de.xml,,,TJa,EN,Susan,,LS-Tracker,Z:\Produkte\F!Box allgemein\Info.txt\Release\25_Smart24-P2\2026.01,1/27/2026,1/27/2026,1/27/2026,Product Management,geliefert,FSc,Entwicklung
"Unternehmenspraesentation-de.pptx,242,,BAl,EN,Susan/John,,LS-Tracker,""Z:\Produkte\Texte Web, Marketing, etc\deutsch\2026.01"",1/27/2026,1/27/2026,1/28/2026,Corporate Communications,geliefert,FSc,Entwicklung"
autoresponder_noreply_shop_fritz_com.docx,54,,JKs,Pl,Yabylon,,LS-Tracker,Z:\Produkte\SKB\deutsch,1/27/2026,1/28/2026,1/29/2026,Kundenservice,geliefert,FSc,Entwicklung
PL_Brand_Store_Übersetzungen.docx,1813,,JBl,PL,Yabylon,,LS-Tracker,Z:\Produkte\D2C\polnisch\2026.01,1/27/2026,3/2/2026,2/3/2026,D2C Ecommerce,Ü-fertig,LBo,Entwicklung
"NL_Newsletter_Februar_2026.docx,232,,PSe,NL,Angelique,,LS-Tracker,""Z:\Produkte\Texte Web, Marketing, etc\deutsch\2026.01"",1/27/2026,2/2/2026,2/6/2026,Channel Sales,geliefert,HMe,Entwicklung"
Data Act FRITZ!Powerline-int-de.docx,615,,LLe,SV,Yabylon,,LS-Tracker,Z:\Produkte\Einleger und juristische Texte\Data Act\FRITZ!Powerline\2026.01,1/27/2026,2/27/2026,2/27/2026,Technical Communication,geliefert,FSc,Vertrieb
Data Act FRITZ!Powerline-int-de.docx,615,,LLe,NO,Yabylon,,LS-Tracker,Z:\Produkte\Einleger und juristische Texte\Data Act\FRITZ!Powerline\2026.01,1/27/2026,2/27/2026,2/27/2026,Technical Communication,geliefert,FSc,Vertrieb
Data Act FRITZ!Powerline-int-de.docx,615,,LLe,Fi,Yabylon,,LS-Tracker,Z:\Produkte\Einleger und juristische Texte\Data Act\FRITZ!Powerline\2026.01,1/27/2026,2/27/2026,2/27/2026,Technical Communication,geliefert,FSc,Vertrieb
Data Act FRITZ!Powerline-int-de.docx,615,,LLe,DA,Yabylon,,LS-Tracker,Z:\Produkte\Einleger und juristische Texte\Data Act\FRITZ!Powerline\2026.01,1/27/2026,2/27/2026,2/27/2026,Technical Communication,geliefert,FSc,Vertrieb
Data Act FRITZ!Box-int-de.docx,913,,LLe,DA,Yabylon,,LS-Tracker,Z:\Produkte\Einleger und juristische Texte\Data Act\FRITZ!Box\2026.01,1/27/2026,2/27/2026,2/27/2026,Technical Communication,geliefert,FSc,Vertrieb
Data Act FRITZ!Box-int-de.docx,913,,LLe,Fi,Yabylon,,LS-Tracker,Z:\Produkte\Einleger und juristische Texte\Data Act\FRITZ!Box\2026.01,1/27/2026,2/27/2026,2/27/2026,Technical Communication,geliefert,FSc,Vertrieb
Data Act FRITZ!Box-int-de.docx,913,,LLe,NO,Yabylon,,LS-Tracker,Z:\Produkte\Einleger und juristische Texte\Data Act\FRITZ!Box\2026.01,1/27/2026,2/27/2026,2/27/2026,Technical Communication,geliefert,FSc,Entwicklung
Data Act FRITZ!Box-int-de.docx,913,,LLe,SV,Yabylon,,LS-Tracker,Z:\Produkte\Einleger und juristische Texte\Data Act\FRITZ!Box\2026.01,1/27/2026,2/27/2026,2/27/2026,Technical Communication,geliefert,FSc,Entwicklung
Data Act FRITZ!Repeater-int-de.docx,620,,LLe,DA,Yabylon,,LS-Tracker,Z:\Produkte\Einleger und juristische Texte\Data Act\FRITZ!Repeater\2026.01,1/27/2026,2/27/2026,2/27/2026,Technical Communication,geliefert,FSc,Entwicklung
Data Act FRITZ!Repeater-int-de.docx,620,,LLe,Fi,Yabylon,,LS-Tracker,Z:\Produkte\Einleger und juristische Texte\Data Act\FRITZ!Repeater\2026.01,1/27/2026,2/27/2026,2/27/2026,Technical Communication,geliefert,FSc,Entwicklung
Data Act FRITZ!Repeater-int-de.docx,620,,LLe,NO,Yabylon,,LS-Tracker,Z:\Produkte\Einleger und juristische Texte\Data Act\FRITZ!Repeater\2026.01,1/27/2026,2/27/2026,2/27/2026,Technical Communication,geliefert,FSc,Entwicklung
Data Act FRITZ!Repeater-int-de.docx,620,,LLe,SV,Yabylon,,LS-Tracker,Z:\Produkte\Einleger und juristische Texte\Data Act\FRITZ!Repeater\2026.01,1/27/2026,2/27/2026,2/27/2026,Technical Communication,geliefert,FSc,Entwicklung
"Ankündigung_FRITZ!Box_6850_4G_Edition International_DE_Final.docx,736,,Apa,DE,Franziska,,LS-Tracker,""Z:\Produkte\Texte Web, Marketing, etc\deutsch\2026.01"",1/28/2026,2/3/2026,1/28/2026,Sales Marketing,geliefert,Hme,Kommunikation"
translations--smart24p2nl1--2026-01-28_de.po,109913,,MSe,EN,John,,LS-Tracker,Z:\Produkte\F!Box allgemein\GUI-JS3\deutsch\2026.01,1/28/2026,1/28/2026,1/30/2026,User Interface & Clients,,,Kommunikation
translations--smart24p2nl1--2026-01-28_de.po,109913,,MSe,Es,Helena,,LS-Tracker,Z:\Produkte\F!Box allgemein\GUI-JS3\deutsch\2026.01,1/28/2026,1/28/2026,1/30/2026,User Interface & Clients,geliefert,,Entwicklung
translations--smart24p2nl1--2026-01-28_de.po,109913,,MSe,Fr,Marie,,LS-Tracker,Z:\Produkte\F!Box allgemein\GUI-JS3\deutsch\2026.01,1/28/2026,1/28/2026,1/30/2026,User Interface & Clients,geliefert,,Entwicklung
translations--smart24p2nl1--2026-01-28_de.po,109913,,MSe,It,Laura,,LS-Tracker,Z:\Produkte\F!Box allgemein\GUI-JS3\deutsch\2026.01,1/28/2026,1/28/2026,1/30/2026,User Interface & Clients,geliefert,,
translations--smart24p2nl1--2026-01-28_de.po,109913,,MSe,Nl,Angelique,,LS-Tracker,Z:\Produkte\F!Box allgemein\GUI-JS3\deutsch\2026.01,1/28/2026,1/29/2026,1/30/2026,User Interface & Clients,geliefert,,Support
translations--smart24p2nl1--2026-01-28_de.po,109913,,MSe,Pl,Yabylon,,LS-Tracker,Z:\Produkte\F!Box allgemein\GUI-JS3\deutsch\2026.01,1/28/2026,1/30/2026,1/30/2026,User Interface & Clients,geliefert,,
translations--smart24p2nl1--2026-01-28_de.po,109913,,MSe,SL,Yabylon,,LS-Tracker,Z:\Produkte\F!Box allgemein\GUI-JS3\deutsch\2026.01,1/28/2026,1/30/2026,1/30/2026,User Interface & Clients,geliefert,,
D2C_KundenTexte-de.docx,753,,OFo,DA,Yabylon,,LS-Tracker,Z:\Produkte\D2C\deutsch\2026.01,1/28/2026,2/2/2026,2/2/2026,Kundenservice 2nd Level,geliefert,FSc,
D2C_KundenTexte-de.docx,753,,OFo,Fi,Yabylon,,LS-Tracker,Z:\Produkte\D2C\deutsch\2026.01,1/28/2026,2/2/2026,2/2/2026,Kundenservice 2nd Level,geliefert,FSc,
D2C_KundenTexte-de.docx,753,,OFo,NO,Yabylon,,LS-Tracker,Z:\Produkte\D2C\deutsch\2026.01,1/28/2026,2/2/2026,2/2/2026,Kundenservice 2nd Level,geliefert,FSc,
D2C_KundenTexte-de.docx,753,,OFo,Pl,Yabylon,,LS-Tracker,Z:\Produkte\D2C\deutsch\2026.01,1/28/2026,2/2/2026,2/2/2026,Kundenservice 2nd Level,geliefert,FSc,
D2C_KundenTexte-de.docx,753,,OFo,SV,Yabylon,,LS-Tracker,Z:\Produkte\D2C\deutsch\2026.01,1/28/2026,2/2/2026,2/2/2026,Kundenservice 2nd Level,geliefert,FSc,
"Ankündigung_FRITZ!Box_6850_4G_Edition International_DE_Final.docx,736,,Apa,EN,Lisa,,LS-Tracker,""Z:\Produkte\Texte Web, Marketing, etc\deutsch\2026.01"",1/28/2026,2/3/2026,2/3/2026,Sales Marketing,geliefert,Hme,"
"Ankündigung_FRITZ!Box_6850_4G_Edition International_DE_Final.docx,736,,Apa,IT,Cristina,Laura,LS-Tracker,""Z:\Produkte\Texte Web, Marketing, etc\italienisch\2026.01"",1/28/2026,2/3/2026,2/3/2026,Sales Marketing,geliefert,Hme,"
"Ankündigung_FRITZ!Box_6850_4G_Edition International_DE_Final.docx,736,,Apa,NL,Angelique,,LS-Tracker,""Z:\Produkte\Texte Web, Marketing, etc\deutsch\2026.01"",1/28/2026,2/3/2026,2/3/2026,Sales Marketing,geliefert,Hme,"
"Ankündigung_FRITZ!Box_6850_4G_Edition International_DE_Final.docx,736,,Apa,ES,Alba,,LS-Tracker,""Z:\Produkte\Texte Web, Marketing, etc\deutsch\2026.01"",1/28/2026,2/3/2026,2/3/2026,Sales Marketing,geliefert,Hme,"
Übersetzung Newsletter Valentinstag.docx,121,,ATc,EN,Lisa,,LS-Tracker,Z:\Produkte\D2C\englisch\2026.01,1/28/2026,2/3/2026,2/4/2026,D2C Ecommerce,geliefert,LBo,
Übersetzung Newsletter Valentinstag.docx,121,,ATc,IT,Cristina,Laura,LS-Tracker,Z:\Produkte\D2C\italienisch\2026.01,1/28/2026,2/3/2026,2/4/2026,D2C Ecommerce,geliefert,LBo,
"Übersetzung_Tabelle-DE.docx,114,,PSe,NL,Angelique,,LS-Tracker,""Z:\Produkte\Texte Web, Marketing, etc\deutsch\2026.01"",1/28/2026,2/2/2026,2/4/2026,Channel Sales,geliefert,Hme,"
MyFapp_20260129-de.xml,11873,,StM,DE,Eva,Franziska,jazz,Z:\Produkte\F!Apps\FappMyF\GUI\Android\deutsch\2026.01,1/29/2026,1/29/2026,1/29/2026,User Interface & Clients,geliefert,FSc,
"PI_FRITZ!Box 4630_final.docx,373,,ALP,DE,Franziska,,LS-Tracker,""Z:\Produkte\Texte Web, Marketing, etc\deutsch\2026.01"",1/29/2026,1/30/2026,1/30/2026,Corporate Communications,geliefert,,"
"PI_FRITZ!Box 4630_final.docx,373,,ALP,EN,Susan,,LS-Tracker,""Z:\Produkte\Texte Web, Marketing, etc\deutsch\2026.01"",1/29/2026,2/2/2026,2/2/2026,Corporate Communications,geliefert,Hme,"
MyFapp_20260129-de.xml,11873,,StM,EN,John,,jazz,Z:\Produkte\F!Apps\FappMyF\GUI\Android\deutsch\2026.01,1/29/2026,2/2/2026,2/3/2026,User Interface & Clients,geliefert,FSc,
MyFapp_20260129-de.xml,11873,,StM,Es,Helena,,jazz,Z:\Produkte\F!Apps\FappMyF\GUI\Android\deutsch\2026.01,1/29/2026,2/2/2026,2/3/2026,User Interface & Clients,geliefert,FSc,
MyFapp_20260129-de.xml,11873,,StM,Fr,Marie,,jazz,Z:\Produkte\F!Apps\FappMyF\GUI\Android\deutsch\2026.01,1/29/2026,2/2/2026,2/3/2026,User Interface & Clients,geliefert,FSc,
MyFapp_20260129-de.xml,11873,,StM,It,Cristina,Laura,jazz,Z:\Produkte\F!Apps\FappMyF\GUI\Android\deutsch\2026.01,1/29/2026,2/2/2026,2/3/2026,User Interface & Clients,geliefert,FSc,
MyFapp_20260129-de.xml,11873,,StM,Nl,Angelique,,jazz,Z:\Produkte\F!Apps\FappMyF\GUI\Android\deutsch\2026.01,1/29/2026,2/2/2026,2/3/2026,User Interface & Clients,geliefert,FSc,
MyFapp_20260129-de.xml,11873,,StM,Pl,Yabylon,,jazz,Z:\Produkte\F!Apps\FappMyF\GUI\Android\deutsch\2026.01,1/29/2026,2/2/2026,2/3/2026,User Interface & Clients,geliefert,FSc,
MyFapp_20260129-de.xml,11873,,StM,SL,Yabylon,,jazz,Z:\Produkte\F!Apps\FappMyF\GUI\Android\deutsch\2026.01,1/29/2026,2/2/2026,2/3/2026,User Interface & Clients,geliefert,FSc,
"Ankuendigung_Mesh Wi-Fi Extender_1600_INT_DE_Final.docx,636,,Apa,DE,Franziska,,LS-Tracker,""Z:\Produkte\Texte Web, Marketing, etc\deutsch\2026.01"",1/29/2026,2/10/2026,2/10/2026,Sales Marketing,geliefert,Hme,"
"Ankuendigung_Mesh Wi-Fi Extender_1600_INT_DE_Final.docx,636,,Apa,EN,Lisa,,LS-Tracker,""Z:\Produkte\Texte Web, Marketing, etc\deutsch\2026.01"",1/29/2026,2/10/2026,2/10/2026,Sales Marketing,geliefert,Hme,"
"Ankuendigung_Mesh Wi-Fi Extender_1600_INT_DE_Final.docx,636,,Apa,IT,Cristina,Laura,LS-Tracker,""Z:\Produkte\Texte Web, Marketing, etc\italienisch\2026.01"",1/29/2026,2/10/2026,2/10/2026,Sales Marketing,geliefert,Hme,"
"Ankuendigung_Mesh Wi-Fi Extender_1600_INT_DE_Final.docx,636,,Apa,NL,Angelique,,LS-Tracker,""Z:\Produkte\Texte Web, Marketing, etc\deutsch\2026.01"",1/29/2026,2/10/2026,2/10/2026,Sales Marketing,geliefert,Hme,"
"Ankuendigung_Mesh Wi-Fi Extender_1600_INT_DE_Final.docx,636,,Apa,FR,Marie,,LS-Tracker,""Z:\Produkte\Texte Web, Marketing, etc\deutsch\2026.01"",1/29/2026,2/10/2026,2/10/2026,Sales Marketing,geliefert,Hme,"
"Ankuendigung_Mesh Wi-Fi Extender_1600_INT_DE_Final.docx,636,,Apa,ES,Alba,,LS-Tracker,""Z:\Produkte\Texte Web, Marketing, etc\deutsch\2026.01"",1/29/2026,2/11/2026,2/10/2026,Sales Marketing,geliefert,Hme,"
Makro 4137 Funktionen einer oder mehrerer Tasten am FRITZ!Fon vertauscht,79,,Msw,IT,Laura,,LS-Tracker,Z:\Produkte\Support-Aufträge\01.2026\29.01.26,1/29/2026,2/4/2026,2/5/2026,Kundenservice 2nd Level,,Rho,
box-discovery-de.json,3663,,NGu,DE,Franziska,,jazz,Z:\Produkte\MyFRITZ\deutsch\2026.02,1/30/2026,2/5/2026,2/5/2026,IT,geliefert,FSc,
box-discovery-de.json,3663,,NGu,EN,Susan,,jazz,Z:\Produkte\MyFRITZ\deutsch\2026.02,1/30/2026,2/9/2026,2/9/2026,IT,geliefert,FSc,
box-discovery-de.json,3663,,NGu,Es,Alba,,jazz,Z:\Produkte\MyFRITZ\deutsch\2026.01,1/30/2026,2/9/2026,2/9/2026,IT,geliefert,FSc,
box-discovery-de.json,3663,,NGu,Fr,Martine,,jazz,Z:\Produkte\MyFRITZ\deutsch\2026.02,1/30/2026,2/9/2026,2/9/2026,IT,geliefert,FSc,
box-discovery-de.json,3663,,NGu,It,Laura,,jazz,Z:\Produkte\MyFRITZ\deutsch\2026.02,1/30/2026,2/9/2026,2/9/2026,IT,geliefert,FSc,
box-discovery-de.json,3663,,NGu,Nl,Angelique,,jazz,Z:\Produkte\MyFRITZ\deutsch\2026.02,1/30/2026,2/9/2026,2/9/2026,IT,geliefert,FSc,
"Makro 760  ""Einfuhrsteuer"",76,,Ofo,EN,Susan,,LS-Tracker,,1/30/2026,2/2/2026,2/3/2026,Kundenservice 2nd Level,,Rho,"
"Makro 760  ""Einfuhrsteuer"",76,,Ofo,IT,Laura,,LS-Tracker,,1/30/2026,2/3/2026,2/3/2026,Kundenservice 2nd Level,,Rho,"
"Makro 760  ""Einfuhrsteuer"",76,,Ofo,FR,Marie,,LS-Tracker,,1/30/2026,2/2/2026,2/3/2026,Kundenservice 2nd Level,,Rho,"
Makro 4068,557,,Cle,EN,John,,LS-Tracker,Z:\Produkte\Support-Aufträge\01.2026\30.01.26\makro 4068.docx,1/30/2026,2/3/2026,2/6/2026,Kundenservice 2nd Level,,Rho,
Makro 4068,557,,Cle,IT,Laura,,LS-Tracker,Z:\Produkte\Support-Aufträge\01.2026\30.01.26\makro 4068.docx,1/30/2026,2/4/2026,2/6/2026,Kundenservice 2nd Level,,Rho,
Makro 4068,557,,Cle,NL,Angelique,,LS-Tracker,Z:\Produkte\Support-Aufträge\01.2026\30.01.26\makro 4068.docx,1/30/2026,2/3/2026,2/6/2026,Kundenservice 2nd Level,,Rho,
Makro 4068,557,,Cle,ES,Helena,,LS-Tracker,Z:\Produkte\Support-Aufträge\01.2026\30.01.26\makro 4068.docx,1/30/2026,2/3/2026,2/6/2026,Kundenservice 2nd Level,,Rho,
"Made in Europe-de.docx,64,,Bal,EN,Susan,,LS-Tracker,""Z:\Produkte\Texte Web, Marketing, etc\deutsch\2026.02"",2/2/2026,2/2/2026,2/3/2026,Corporate Communications,geliefert,Msi,"
"Übersetzung Darum FRITZ.docx,108,,Bal,EN,Susan,,LS-Tracker,""Z:\Produkte\Texte Web, Marketing, etc\deutsch\2026.02"",2/2/2026,2/2/2026,2/4/2026,Corporate Communications,geliefert,Msi,"
"PI_FRITZ!Box 6825_4G-de.docx,598,,ALp,DE,Franziska,,LS-Tracker,""Z:\Produkte\Texte Web, Marketing, etc\deutsch\2026.02"",2/4/2026,2/4/2026,2/4/2026,Corporate Communications,geliefert,FSc,"
"PI_FRITZ!Box_7632-de.docx,467,,ALp,DE,Franziska,,LS-Tracker,""Z:\Produkte\Texte Web, Marketing, etc\deutsch\2026.02"",2/4/2026,2/4/2026,2/4/2026,Corporate Communications,geliefert,FSc,"
autoresponder_noreply_shop_fritz_com_NEU.docx,57,,JKs,Pl,Yabylon,,LS-Tracker,Z:\Produkte\D2C\deutsch\2026.02,2/4/2026,2/5/2026,2/5/2026,Kundenservice,geliefert,FSc,
"PI_FRITZ!Box 6825_4G-en.docx,598,,ALp,EN,Susan/John,,LS-Tracker,""Z:\Produkte\Texte Web, Marketing, etc\englisch\2026.02"",2/4/2026,2/5/2026,2/9/2026,Corporate Communications,geliefert,FSc,"
"PI_FRITZ!Box_7632-en.docx,467,,ALp,EN,John,Susan,LS-Tracker,""Z:\Produkte\Texte Web, Marketing, etc\englisch\2026.02"",2/4/2026,2/9/2026,2/9/2026,Corporate Communications,geliefert,FSc,"
"Newsletter ES.docx,223,,Jwg,ES,Alba,,LS-Tracker,""Z:\Produkte\Texte Web, Marketing, etc\deutsch\2026.01"",2/4/2026,2/9/2026,2/11/2026,Channel Sales,geliefert,Hme,"
"Newsletter IT.docx,263,,Jwg,IT,Cristina,Laura,LS-Tracker,""Z:\Produkte\Texte Web, Marketing, etc\italienisch\2026.02"",2/4/2026,2/11/2026,2/11/2026,Channel Sales,geliefert,Hme,"
FappFon_20260205-de.xml,1578,,ADo,DE,Franziska,,jazz,Z:\Produkte\F!Apps\FappFon\GUI\Android\deutsch\2026.02,2/5/2026,2/5/2026,2/5/2026,User Interface & Clients,geliefert,FSc,
Mesh Set 4200 Edition International,796,,LBu,NO,Martine,,LS-Tracker,,2/5/2026,2/10/2026,2/10/2026,Technical Communication,Ü-fertig,Msi,
Mesh Set 2700 Edition International,792,,LBu,EN,John,,LS-Tracker,Z:\Produkte\F!WLAN Repeater\Mesh Set 2700 (2700)\international\2026.01,2/5/2026,2/10/2026,2/10/2026,Technical Communication,Ü-fertig,Hme,
Mesh Set 2700 Edition International,792,,LBu,FR,Marie,,LS-Tracker,Z:\Produkte\F!WLAN Repeater\Mesh Set 2700 (2700)\international\2026.01,2/5/2026,2/10/2026,2/10/2026,Technical Communication,Ü-fertig,Hme,
Mesh Set 4200 Edition International,796,,LBu,EN,John,,LS-Tracker,Z:\Produkte\F!WLAN Repeater\Mesh Set 4200 (3000 AX)\international\2026.01,2/5/2026,2/10/2026,2/10/2026,Technical Communication,Ü-fertig,Hme,
Mesh Set 4200 Edition International,796,,LBu,FR,Marie,,LS-Tracker,Z:\Produkte\F!WLAN Repeater\Mesh Set 4200 (3000 AX)\international\2026.01,2/5/2026,2/10/2026,2/10/2026,Technical Communication,Ü-fertig,Hme,
Mesh Set 4200 Edition International,796,,LBu,NL,Angelique,,LS-Tracker,Z:\Produkte\F!WLAN Repeater\Mesh Set 4200 (3000 AX)\international\2026.01,2/5/2026,2/10/2026,2/10/2026,Technical Communication,Ü-fertig,Hme,
Mesh Set 4200 Edition International,796,,LBu,IT,Laura,,LS-Tracker,Z:\Produkte\F!WLAN Repeater\Mesh Set 4200 (3000 AX)\international\2026.01,2/5/2026,2/10/2026,2/10/2026,Technical Communication,Ü-fertig,Hme,
Mesh Set 4200 Edition International,796,,LBu,ES,Alba,,LS-Tracker,Z:\Produkte\F!WLAN Repeater\Mesh Set 4200 (3000 AX)\international\2026.01,2/5/2026,2/10/2026,2/10/2026,Technical Communication,Ü-fertig,Hme,
Repeater 1200 AX Edition International,1243,,LBu,EN,John,,LS-Tracker,Z:\Produkte\F!WLAN Repeater\FRITZ!Repeater 1200 AX\international,2/5/2026,2/10/2026,2/10/2026,Technical Communication,Ü-fertig,Hme,
Repeater 1200 AX Edition International,1243,,LBu,FR,Marie,,LS-Tracker,Z:\Produkte\F!WLAN Repeater\FRITZ!Repeater 1200 AX\international,2/5/2026,2/10/2026,2/10/2026,Technical Communication,Ü-fertig,Hme,
Repeater 1200 AX Edition International,1243,,LBu,NL,Angelique,,LS-Tracker,Z:\Produkte\F!WLAN Repeater\FRITZ!Repeater 1200 AX\international,2/5/2026,2/10/2026,2/10/2026,Technical Communication,Ü-fertig,Hme,
Repeater 1200 AX Edition International,1243,,LBu,IT,Laura,,LS-Tracker,Z:\Produkte\F!WLAN Repeater\FRITZ!Repeater 1200 AX\international,2/5/2026,2/10/2026,2/10/2026,Technical Communication,Ü-fertig,Hme,
Repeater 1200 AX Edition International,1243,,LBu,ES,Alba,,LS-Tracker,Z:\Produkte\F!WLAN Repeater\FRITZ!Repeater 1200 AX\international,2/5/2026,2/10/2026,2/10/2026,Technical Communication,Ü-fertig,Hme,
FappFon_20260205-de.xml,1578,,ADo,EN,Susan,,jazz,Z:\Produkte\F!Apps\FappFon\GUI\Android\deutsch\2026.02,2/5/2026,2/9/2026,2/10/2026,User Interface & Clients,geliefert,FSc,
FappFon_20260205-de.xml,1578,,ADo,Es,Alba,,jazz,Z:\Produkte\F!Apps\FappFon\GUI\Android\deutsch\2026.02,2/5/2026,2/9/2026,2/10/2026,User Interface & Clients,geliefert,FSc,
FappFon_20260205-de.xml,1578,,ADo,Fr,Marie,,jazz,Z:\Produkte\F!Apps\FappFon\GUI\Android\deutsch\2026.02,2/5/2026,2/9/2026,2/10/2026,User Interface & Clients,geliefert,FSc,
FappFon_20260205-de.xml,1578,,ADo,It,Laura,,jazz,Z:\Produkte\F!Apps\FappFon\GUI\Android\italienisch\2026.02,2/5/2026,2/9/2026,2/10/2026,User Interface & Clients,geliefert,FSc,
FappFon_20260205-de.xml,1578,,ADo,Nl,Angelique,,jazz,Z:\Produkte\F!Apps\FappFon\GUI\Android\deutsch\2026.02,2/5/2026,2/9/2026,2/10/2026,User Interface & Clients,geliefert,FSc,
FappFon_20260205-de.xml,1578,,ADo,Pl,Yabylon,,jazz,Z:\Produkte\F!Apps\FappFon\GUI\Android\deutsch\2026.02,2/5/2026,2/9/2026,2/10/2026,User Interface & Clients,geliefert,FSc,
FappFon_20260205-de.xml,1578,,ADo,SL,Yabylon,,jazz,Z:\Produkte\F!Apps\FappFon\GUI\Android\deutsch\2026.02,2/5/2026,2/9/2026,2/10/2026,User Interface & Clients,geliefert,FSc,
Repeater 1700 Edition International,1252,,LBu,EN,John,,LS-Tracker,Z:\Produkte\F!WLAN Repeater\FRITZ!Repeater 1700\international\2026.01,2/5/2026,2/10/2026,2/11/2026,Technical Communication,Ü-fertig,Hme,
Repeater 1700 Edition International,1252,,LBu,FR,Marie,,LS-Tracker,Z:\Produkte\F!WLAN Repeater\FRITZ!Repeater 1700\international\2026.01,2/5/2026,2/10/2026,2/11/2026,Technical Communication,Ü-fertig,Hme,
Repeater 1700 Edition International,1252,,LBu,NL,Angelique,,LS-Tracker,Z:\Produkte\F!WLAN Repeater\FRITZ!Repeater 1700\international\2026.01,2/5/2026,2/10/2026,2/11/2026,Technical Communication,Ü-fertig,Hme,
Repeater 1700 Edition International,1252,,LBu,IT,Laura,,LS-Tracker,Z:\Produkte\F!WLAN Repeater\FRITZ!Repeater 1700\international\2026.01,2/5/2026,2/10/2026,2/11/2026,Technical Communication,Ü-fertig,Hme,
Repeater 1700 Edition International,1252,,LBu,ES,Alba,,LS-Tracker,Z:\Produkte\F!WLAN Repeater\FRITZ!Repeater 1700\international\2026.01,2/5/2026,2/10/2026,2/11/2026,Technical Communication,Ü-fertig,Hme,
Repeater 2700 Edition International,1162,,LBu,EN,John,,LS-Tracker,Z:\Produkte\F!WLAN Repeater\FRITZ!Repeater 2700\international\2026.01,2/5/2026,2/10/2026,2/11/2026,Technical Communication,Ü-fertig,Hme,
Repeater 2700 Edition International,1162,,LBu,FR,Marie,,LS-Tracker,Z:\Produkte\F!WLAN Repeater\FRITZ!Repeater 2700\international\2026.01,2/5/2026,2/10/2026,2/11/2026,Technical Communication,Ü-fertig,Hme,
Repeater 2700 Edition International,1162,,LBu,NL,Angelique,,LS-Tracker,Z:\Produkte\F!WLAN Repeater\FRITZ!Repeater 2700\international\2026.01,2/5/2026,2/10/2026,2/11/2026,Technical Communication,Ü-fertig,Hme,
Repeater 2700 Edition International,1162,,LBu,IT,Laura,,LS-Tracker,Z:\Produkte\F!WLAN Repeater\FRITZ!Repeater 2700\international\2026.01,2/5/2026,2/10/2026,2/11/2026,Technical Communication,Ü-fertig,Hme,
Repeater 2700 Edition International,1162,,LBu,ES,Alba,,LS-Tracker,Z:\Produkte\F!WLAN Repeater\FRITZ!Repeater 2700\international\2026.01,2/5/2026,2/10/2026,2/11/2026,Technical Communication,Ü-fertig,Hme,
Mesh Set 2700 Edition International,792,,LBu,NL,Angelique,,LS-Tracker,Z:\Produkte\F!WLAN Repeater\Mesh Set 2700 (2700)\international\2026.01,2/5/2026,2/10/2026,2/12/2026,Technical Communication,Ü-fertig,Hme,
Mesh Set 2700 Edition International,792,,LBu,IT,Laura,,LS-Tracker,Z:\Produkte\F!WLAN Repeater\Mesh Set 2700 (2700)\international\2026.01,2/5/2026,2/10/2026,2/12/2026,Technical Communication,Ü-fertig,Hme,
Mesh Set 2700 Edition International,792,,LBu,ES,Alba,,LS-Tracker,Z:\Produkte\F!WLAN Repeater\Mesh Set 2700 (2700)\international\2026.01,2/5/2026,2/10/2026,2/12/2026,Technical Communication,Ü-fertig,Hme,
METAFIELDS (Neu),,,CST,EN,Susan,,LS-Tracker,Z:\Produkte\FRITZ!com\2026.02\KW06\Übersetzungen,2/5/2026,2/10/2026,2/13/2026,D2C Ecommerce,,LBo,
METAFIELDS (Neu),,,CST,ES,Helena,,LS-Tracker,Z:\Produkte\FRITZ!com\2026.02\KW06\Übersetzungen,2/5/2026,2/12/2026,2/13/2026,D2C Ecommerce,,LBo,
METAFIELDS (Neu),,,CST,FR,Martine,,LS-Tracker,Z:\Produkte\FRITZ!com\2026.02\KW06\Übersetzungen,2/5/2026,2/10/2026,2/13/2026,D2C Ecommerce,,LBo,
METAFIELDS (Neu),,,CST,IT,Laura,,LS-Tracker,Z:\Produkte\FRITZ!com\2026.02\KW06\Übersetzungen,2/5/2026,2/6/2026,2/13/2026,D2C Ecommerce,,LBo,
METAFIELDS (Neu),,,CST,NL,Angelique,,LS-Tracker,Z:\Produkte\FRITZ!com\2026.02\KW06\Übersetzungen,2/5/2026,2/12/2026,2/13/2026,D2C Ecommerce,,LBo,
Mesh Set 2700 Edition International,792,,LBu,DA,Helena,,LS-Tracker,Z:\Produkte\F!WLAN Repeater\Mesh Set 2700 (2700)\dänisch,2/5/2026,2/20/2026,2/20/2026,Technical Communication,,Hme,
Mesh Set 2700 Edition International,792,,LBu,SV,Helena,,LS-Tracker,Z:\Produkte\F!WLAN Repeater\Mesh Set 2700 (2700)\schwedisch,2/5/2026,2/20/2026,2/20/2026,Technical Communication,,Hme,
Mesh Set 4200 Edition International,796,,LBu,DA,Helena,,LS-Tracker,,2/5/2026,2/20/2026,2/20/2026,Technical Communication,,Hme,
Mesh Set 4200 Edition International,796,,LBu,SV,Helena,,LS-Tracker,,2/5/2026,2/20/2026,2/20/2026,Technical Communication,,Hme,
Repeater 1200 AX Edition International,1243,,LBu,DA,Helena,,LS-Tracker,,2/5/2026,2/22/2026,2/20/2026,Technical Communication,,Hme,
Repeater 1200 AX Edition International,1243,,LBu,SV,Helena,,LS-Tracker,,2/5/2026,2/22/2026,2/20/2026,Technical Communication,,Hme,
Repeater 1700 Edition International,1252,,LBu,DA,Helena,,LS-Tracker,,2/5/2026,2/22/2026,2/20/2026,Technical Communication,,Hme,
Repeater 1700 Edition International,1252,,LBu,SV,Helena,,LS-Tracker,,2/5/2026,2/22/2026,2/20/2026,Technical Communication,,Hme,
Repeater 2700 Edition International,1162,,LBu,DA,Helena,,LS-Tracker,,2/5/2026,3/2/2026,3/5/2026,Technical Communication,Ü-fertig,Hme,
Repeater 2700 Edition International,1162,,LBu,SV,Helena,,LS-Tracker,,2/5/2026,3/2/2026,3/5/2026,Technical Communication,Ü-fertig,Hme,
Mesh Set 2700 Edition International,792,,LBu,NO,Martine,,LS-Tracker,,2/5/2026,3/5/2026,3/5/2026,Technical Communication,geliefert,Msi,
Mesh Set 2700 Edition International,792,,LBu,FI,Martine,,LS-Tracker,,2/5/2026,3/5/2026,3/5/2026,Technical Communication,geliefert,Msi,
Mesh Set 4200 Edition International,796,,LBu,FI,Martine,,LS-Tracker,,2/5/2026,3/5/2026,3/5/2026,Technical Communication,geliefert,Msi,
Repeater 1200 AX Edition International,1243,,LBu,NO,Martine,,LS-Tracker,,2/5/2026,3/5/2026,3/5/2026,Technical Communication,geliefert,Msi,
Repeater 1200 AX Edition International,1243,,LBu,FI,Martine,,LS-Tracker,,2/5/2026,3/5/2026,3/5/2026,Technical Communication,geliefert,Msi,
Repeater 1700 Edition International,1252,,LBu,NO,Martine,,LS-Tracker,,2/5/2026,3/5/2026,3/5/2026,Technical Communication,geliefert,Msi,
Repeater 1700 Edition International,1252,,LBu,FI,Martine,,LS-Tracker,,2/5/2026,3/5/2026,3/5/2026,Technical Communication,geliefert,Msi,
Repeater 2700 Edition International,1162,,LBu,NO,Martine,,LS-Tracker,,2/5/2026,3/5/2026,3/5/2026,Technical Communication,geliefert,Msi,
Repeater 2700 Edition International,1162,,LBu,FI,Martine,,LS-Tracker,,2/5/2026,3/5/2026,3/5/2026,Technical Communication,geliefert,Msi,
"4622_it-IT_produktvergleich_20260206-080715.xml,1212,,Pse,IT,Cristina,Laura,LS-Tracker,""Z:\Produkte\Texte Web, Marketing, etc\italienisch\2026.02"",2/6/2026,2/17/2026,2/17/2026,Channel Sales,geliefert,Hme,"
"4623_es-ES_produktvergleich_20260206-080735.xml,1212,,PSe,ES,Alba,,LS-Tracker,""Z:\Produkte\Texte Web, Marketing, etc\deutsch\2026.02"",2/6/2026,2/13/2026,2/17/2026,Channel Sales,geliefert,Hme,"
"BP-EN Teil I,,,Pse,EN,,,LS-Tracker,""Z:\Produkte\Texte Web, Marketing, etc\deutsch\2026.02\BP-EN\Teil I"",2/6/2026,2/16/2026,2/20/2026,Channel Sales,,Hme,"
"4647_de-DE_fritzbox_6850_lte_20260206-125204.xml,,,PSE,EN,John,,LS-Tracker,""Z:\Produkte\Texte Web, Marketing, etc\deutsch\2026.02\BP-EN\Teil I"",2/6/2026,2/16/2026,2/20/2026,Channel Sales,Ü-fertig,Hme,"
"4648_de-DE_fritzbox_6850_5g_20260206-125159.xml,,,PSE,EN,John,,LS-Tracker,""Z:\Produkte\Texte Web, Marketing, etc\deutsch\2026.02\BP-EN\Teil I"",2/6/2026,2/16/2026,2/20/2026,Channel Sales,Ü-fertig,Hme,"
"4649_de-DE_fritzbox_6860_5g_20260206-125155.xml,,,PSE,EN,John,,LS-Tracker,""Z:\Produkte\Texte Web, Marketing, etc\deutsch\2026.02\BP-EN\Teil I"",2/6/2026,2/16/2026,2/20/2026,Channel Sales,Ü-fertig,Hme,"
"4651_de-DE_fritzbox_7510_20260206-125135.xml,,,PSE,EN,John,,LS-Tracker,""Z:\Produkte\Texte Web, Marketing, etc\deutsch\2026.02\BP-EN\Teil I"",2/6/2026,2/16/2026,2/20/2026,Channel Sales,Ü-fertig,Hme,"
"4652_de-DE_fritzbox_7530_ax_20260206-125130.xml,,,PSE,EN,John,,LS-Tracker,""Z:\Produkte\Texte Web, Marketing, etc\deutsch\2026.02\BP-EN\Teil I"",2/6/2026,2/16/2026,2/20/2026,Channel Sales,Ü-fertig,Hme,"
"4653_de-DE_fritzbox_7590_ax_20260206-125124.xml,,,PSE,EN,John,,LS-Tracker,""Z:\Produkte\Texte Web, Marketing, etc\deutsch\2026.02\BP-EN\Teil I"",2/6/2026,2/16/2026,2/20/2026,Channel Sales,Ü-fertig,Hme,"
"4654_de-DE_fritzbox_7682_20260206-125051.xml,,,PSE,EN,John,,LS-Tracker,""Z:\Produkte\Texte Web, Marketing, etc\deutsch\2026.02\BP-EN\Teil I"",2/6/2026,2/16/2026,2/20/2026,Channel Sales,Ü-fertig,Hme,"
"4655_de-DE_fritzbox_7690_20260206-125042.xml,,,PSE,EN,John,,LS-Tracker,""Z:\Produkte\Texte Web, Marketing, etc\deutsch\2026.02\BP-EN\Teil I"",2/6/2026,2/16/2026,2/20/2026,Channel Sales,Ü-fertig,Hme,"
"4635_de-DE_fritzsfp_xgs_pon_20260206-125301.xml,,,PSE,EN,John,,LS-Tracker,""Z:\Produkte\Texte Web, Marketing, etc\deutsch\2026.02\BP-EN\Teil I"",2/6/2026,2/16/2026,2/20/2026,Channel Sales,geliefert,Hme,"
"4636_de-DE_fritzbox_4050_20260206-125257.xml,,,PSE,EN,John,,LS-Tracker,""Z:\Produkte\Texte Web, Marketing, etc\deutsch\2026.02\BP-EN\Teil I"",2/6/2026,2/16/2026,2/20/2026,Channel Sales,Ü-fertig,Hme,"
"4638_de-DE_fritzbox_4690_20260206-125248.xml,,,PSE,EN,John,,LS-Tracker,""Z:\Produkte\Texte Web, Marketing, etc\deutsch\2026.02\BP-EN\Teil I"",2/6/2026,2/16/2026,2/20/2026,Channel Sales,Ü-fertig,Hme,"
"4639_de-DE_fritzbox_5530_fiber_20260206-125244.xml,,,PSE,EN,John,,LS-Tracker,""Z:\Produkte\Texte Web, Marketing, etc\deutsch\2026.02\BP-EN\Teil I"",2/6/2026,2/16/2026,2/20/2026,Channel Sales,Ü-fertig,Hme,"
"4640_de-DE_fritzbox_5590_fiber_20260206-125239.xml,,,PSE,EN,John,,LS-Tracker,""Z:\Produkte\Texte Web, Marketing, etc\deutsch\2026.02\BP-EN\Teil I"",2/6/2026,2/16/2026,2/20/2026,Channel Sales,Ü-fertig,Hme,"
"4641_de-DE_fritzbox_5690_xgs_20260206-125234.xml,,,PSE,EN,John,,LS-Tracker,""Z:\Produkte\Texte Web, Marketing, etc\deutsch\2026.02\BP-EN\Teil I"",2/6/2026,2/16/2026,2/20/2026,Channel Sales,Ü-fertig,Hme,"
"4642_de-DE_fritzbox_5690_pro_20260206-125230.xml,,,PSE,EN,John,,LS-Tracker,""Z:\Produkte\Texte Web, Marketing, etc\deutsch\2026.02\BP-EN\Teil I"",2/6/2026,2/16/2026,2/20/2026,Channel Sales,Ü-fertig,Hme,"
"4643_de-DE_fritzbox_5690_20260206-125223.xml,,,PSE,EN,John,,LS-Tracker,""Z:\Produkte\Texte Web, Marketing, etc\deutsch\2026.02\BP-EN\Teil I"",2/6/2026,2/16/2026,2/20/2026,Channel Sales,Ü-fertig,Hme,"
"4644_de-DE_fritzbox_6670_cable_20260206-125219.xml,,,PSE,EN,John,,LS-Tracker,""Z:\Produkte\Texte Web, Marketing, etc\deutsch\2026.02\BP-EN\Teil I"",2/6/2026,2/16/2026,2/20/2026,Channel Sales,Ü-fertig,Hme,"
"4645_de-DE_fritzbox_6690_cable_20260206-125214.xml,,,PSE,EN,John,,LS-Tracker,""Z:\Produkte\Texte Web, Marketing, etc\deutsch\2026.02\BP-EN\Teil I"",2/6/2026,2/16/2026,2/20/2026,Channel Sales,Ü-fertig,Hme,"
"4646_de-DE_fritzbox_6820_lte_20260206-125209.xml,,,PSE,EN,John,,LS-Tracker,""Z:\Produkte\Texte Web, Marketing, etc\deutsch\2026.02\BP-EN\Teil I"",2/6/2026,2/16/2026,2/20/2026,Channel Sales,Ü-fertig,Hme,"
"BP-EN Teil II,,,Pse,EN,,,LS-Tracker,""Z:\Produkte\Texte Web, Marketing, etc\deutsch\2026.02\BP-EN\Teil II"",2/6/2026,2/19/2026,2/20/2026,Channel Sales,,Hme,"
"4673_de-DE_fritzmesh_set_1700_3er_set_20260206-131926.xml,,,PSE,EN,Lisa,,LS-Tracker,""Z:\Produkte\Texte Web, Marketing, etc\deutsch\2026.02\BP-EN\Teil II"",2/6/2026,2/19/2026,2/20/2026,Channel Sales,ausgecheckt,Hme,"
"4676_de-DE_fritzmesh_set_4200_2er_set_20260206-131852.xml,,,PSE,EN,Lisa,,LS-Tracker,""Z:\Produkte\Texte Web, Marketing, etc\deutsch\2026.02\BP-EN\Teil II"",2/6/2026,2/19/2026,2/20/2026,Channel Sales,ausgecheckt,Hme,"
"4677_de-DE_fritzmesh_set_4200_3er_set_20260206-131847.xml,,,PSE,EN,Lisa,,LS-Tracker,""Z:\Produkte\Texte Web, Marketing, etc\deutsch\2026.02\BP-EN\Teil II"",2/6/2026,2/19/2026,2/20/2026,Channel Sales,ausgecheckt,Hme,"
"4657_de-DE_fritzwlan_stick_ac_430_mu_mimo_20260206-132052.xml,,,PSE,EN,Susan,,LS-Tracker,""Z:\Produkte\Texte Web, Marketing, etc\deutsch\2026.02\BP-EN\Teil II"",2/6/2026,2/19/2026,2/20/2026,Channel Sales,ausgecheckt,Hme,"
"4658_de-DE_fritzpowerline_1220e_set_20260206-132048.xml,,,PSE,EN,Susan,,LS-Tracker,""Z:\Produkte\Texte Web, Marketing, etc\deutsch\2026.02\BP-EN\Teil II"",2/6/2026,2/19/2026,2/20/2026,Channel Sales,ausgecheckt,Hme,"
"4659_de-DE_fritzpowerline_1240_ax_wlan_set_20260206-132042.xml,,,PSE,EN,Susan,,LS-Tracker,""Z:\Produkte\Texte Web, Marketing, etc\deutsch\2026.02\BP-EN\Teil II"",2/6/2026,2/19/2026,2/20/2026,Channel Sales,ausgecheckt,Hme,"
"4660_de-DE_fritzpowerline_1240_ax_single_20260206-132038.xml,,,PSE,EN,Susan,,LS-Tracker,""Z:\Produkte\Texte Web, Marketing, etc\deutsch\2026.02\BP-EN\Teil II"",2/6/2026,2/19/2026,2/20/2026,Channel Sales,ausgecheckt,Hme,"
"4661_de-DE_fritzpowerline_1260e_wlan_set_20260206-132029.xml,,,PSE,EN,Susan,,LS-Tracker,""Z:\Produkte\Texte Web, Marketing, etc\deutsch\2026.02\BP-EN\Teil II"",2/6/2026,2/19/2026,2/20/2026,Channel Sales,ausgecheckt,Hme,"
"4662_de-DE_fritzrepeater_600_20260206-132024.xml,,,PSE,EN,Susan,,LS-Tracker,""Z:\Produkte\Texte Web, Marketing, etc\deutsch\2026.02\BP-EN\Teil II"",2/6/2026,2/19/2026,2/20/2026,Channel Sales,ausgecheckt,Hme,"
"4663_de-DE_fritzrepeater_1200_ax_20260206-132019.xml,,,PSE,EN,Susan,,LS-Tracker,""Z:\Produkte\Texte Web, Marketing, etc\deutsch\2026.02\BP-EN\Teil II"",2/6/2026,2/19/2026,2/20/2026,Channel Sales,ausgecheckt,Hme,"
"4664_de-DE_fritzrepeater_1610_outdoor_20260206-132015.xml,,,PSE,EN,Susan,,LS-Tracker,""Z:\Produkte\Texte Web, Marketing, etc\deutsch\2026.02\BP-EN\Teil II"",2/6/2026,2/19/2026,2/20/2026,Channel Sales,ausgecheckt,Hme,"
"4665_de-DE_fritzrepeater_1700_20260206-132011.xml,,,PSE,EN,Susan,,LS-Tracker,""Z:\Produkte\Texte Web, Marketing, etc\deutsch\2026.02\BP-EN\Teil II"",2/6/2026,2/19/2026,2/20/2026,Channel Sales,ausgecheckt,Hme,"
"4666_de-DE_fritzrepeater_2400_20260206-132006.xml,,,PSE,EN,Susan,,LS-Tracker,""Z:\Produkte\Texte Web, Marketing, etc\deutsch\2026.02\BP-EN\Teil II"",2/6/2026,2/19/2026,2/20/2026,Channel Sales,ausgecheckt,Hme,"
"4667_de-DE_fritzrepeater_2700_20260206-132002.xml,,,PSE,EN,Susan,,LS-Tracker,""Z:\Produkte\Texte Web, Marketing, etc\deutsch\2026.02\BP-EN\Teil II"",2/6/2026,2/19/2026,2/20/2026,Channel Sales,ausgecheckt,Hme,"
"4668_de-DE_fritzrepeater_3000_ax_20260206-131958.xml,,,PSE,EN,Susan,,LS-Tracker,""Z:\Produkte\Texte Web, Marketing, etc\deutsch\2026.02\BP-EN\Teil II"",2/6/2026,2/19/2026,2/20/2026,Channel Sales,ausgecheckt,Hme,"
"4669_de-DE_fritzrepeater_6000_20260206-131954.xml,,,PSE,EN,Susan,,LS-Tracker,""Z:\Produkte\Texte Web, Marketing, etc\deutsch\2026.02\BP-EN\Teil II"",2/6/2026,2/19/2026,2/20/2026,Channel Sales,ausgecheckt,Hme,"
"4670_de-DE_fritzmesh_set_1600_2er_set_20260206-131950.xml,,,PSE,EN,Susan,,LS-Tracker,""Z:\Produkte\Texte Web, Marketing, etc\deutsch\2026.02\BP-EN\Teil II"",2/6/2026,2/19/2026,2/20/2026,Channel Sales,ausgecheckt,Hme,"
"4671_de-DE_fritzmesh_set_1600_3er_set_20260206-131947.xml,,,PSE,EN,Susan,,LS-Tracker,""Z:\Produkte\Texte Web, Marketing, etc\deutsch\2026.02\BP-EN\Teil II"",2/6/2026,2/19/2026,2/20/2026,Channel Sales,ausgecheckt,Hme,"
"4673_de-DE_fritzmesh_set_1700_3er_set_20260206-131909.xml,,,PSE,EN,Lisa,,LS-Tracker,""Z:\Produkte\Texte Web, Marketing, etc\deutsch\2026.02\BP-EN\Teil II"",2/6/2026,2/19/2026,2/20/2026,Channel Sales,Ü-fertig,Hme,"
"BP_EN Teil III,,,Pse,EN,,,LS-Tracker,""Z:\Produkte\Texte Web, Marketing, etc\deutsch\2026.02\BP-EN\Teil III"",2/6/2026,2/20/2026,2/20/2026,Channel Sales,geliefert,Hme,"
"4692_de-DE_fritzsmart_gateway_20260206-132759.xml,,,PSE,EN,Lisa,,LS-Tracker,""Z:\Produkte\Texte Web, Marketing, etc\deutsch\2026.02\BP-EN\Teil III"",2/6/2026,2/19/2026,2/20/2026,Channel Sales,Ü-fertig,Hme,"
"4680_de-DE_fritzfon_m3_20260206-132753.xml,,,PSE,EN,Lisa,,LS-Tracker,""Z:\Produkte\Texte Web, Marketing, etc\deutsch\2026.02\BP-EN\Teil III"",2/6/2026,2/19/2026,2/20/2026,Channel Sales,Ü-fertig,Hme,"
"4681_de-DE_fritzfon_c6_20260206-132749.xml,,,PSE,EN,Lisa,,LS-Tracker,""Z:\Produkte\Texte Web, Marketing, etc\deutsch\2026.02\BP-EN\Teil III"",2/6/2026,2/19/2026,2/20/2026,Channel Sales,Ü-fertig,Hme,"
"4682_de-DE_fritzfon_x6_20260206-132742.xml,,,PSE,EN,Lisa,,LS-Tracker,""Z:\Produkte\Texte Web, Marketing, etc\deutsch\2026.02\BP-EN\Teil III"",2/6/2026,2/19/2026,2/20/2026,Channel Sales,Ü-fertig,Hme,"
"4684_de-DE_fritzdect_repeater_100_20260206-132858.xml,,,PSE,EN,Lisa,,LS-Tracker,""Z:\Produkte\Texte Web, Marketing, etc\deutsch\2026.02\BP-EN\Teil III"",2/6/2026,2/19/2026,2/20/2026,Channel Sales,Ü-fertig,Hme,"
"4685_de-DE_fritzsmart_energy_200_20260206-132853.xml,,,PSE,EN,Lisa,,LS-Tracker,""Z:\Produkte\Texte Web, Marketing, etc\deutsch\2026.02\BP-EN\Teil III"",2/6/2026,2/19/2026,2/20/2026,Channel Sales,Ü-fertig,Hme,"
"4686_de-DE_fritzdect_210_20260206-132848.xml,,,PSE,EN,Lisa,,LS-Tracker,""Z:\Produkte\Texte Web, Marketing, etc\deutsch\2026.02\BP-EN\Teil III"",2/6/2026,2/19/2026,2/20/2026,Channel Sales,Ü-fertig,Hme,"
"4687_de-DE_fritzsmart_energy_250_20260206-132844.xml,,,PSE,EN,Lisa,,LS-Tracker,""Z:\Produkte\Texte Web, Marketing, etc\deutsch\2026.02\BP-EN\Teil III"",2/6/2026,2/19/2026,2/20/2026,Channel Sales,Ü-fertig,Hme,"
"4688_de-DE_fritzsmart_thermo_302_20260206-132840.xml,,,PSE,EN,Lisa,,LS-Tracker,""Z:\Produkte\Texte Web, Marketing, etc\deutsch\2026.02\BP-EN\Teil III"",2/6/2026,2/19/2026,2/20/2026,Channel Sales,Ü-fertig,Hme,"
"4689_de-DE_fritzsmart_control_350_20260206-132836.xml,,,PSE,EN,Lisa,,LS-Tracker,""Z:\Produkte\Texte Web, Marketing, etc\deutsch\2026.02\BP-EN\Teil III"",2/6/2026,2/19/2026,2/20/2026,Channel Sales,Ü-fertig,Hme,"
"4690_de-DE_fritzsmart_control_440_20260206-132804.xml,,,PSE,EN,Lisa,,LS-Tracker,""Z:\Produkte\Texte Web, Marketing, etc\deutsch\2026.02\BP-EN\Teil III"",2/6/2026,2/19/2026,2/20/2026,Channel Sales,Ü-fertig,Hme,"
766_de.xml,6064,,LLe,EN,Susan,,LS-Tracker,Z:\Produkte\F!Online-Hilfe\Aktualisierungen,2/6/2026,3/3/2026,2/25/2026,Technical Communication,geliefert,FSc,
766_de.xml,6064,,LLe,Es,Helena,,LS-Tracker,Z:\Produkte\F!Online-Hilfe\Aktualisierungen,2/6/2026,3/3/2026,2/25/2026,Technical Communication,geliefert,FSc,
766_de.xml,6064,,LLe,Fr,Martine,,LS-Tracker,Z:\Produkte\F!Online-Hilfe\Aktualisierungen,2/6/2026,2/17/2026,2/25/2026,Technical Communication,geliefert,FSc,
766_de.xml,6064,,LLe,It,Laura,,LS-Tracker,Z:\Produkte\F!Online-Hilfe\Aktualisierungen,2/6/2026,3/3/2026,2/25/2026,Technical Communication,geliefert,FSc,
766_de.xml,6064,,LLe,Nl,Angelique,,LS-Tracker,Z:\Produkte\F!Online-Hilfe\Aktualisierungen,2/6/2026,3/3/2026,2/25/2026,Technical Communication,geliefert,FSc,
766_de.xml,6064,,LLe,Pl,Yabylon,,LS-Tracker,Z:\Produkte\F!Online-Hilfe\Aktualisierungen,2/6/2026,3/3/2026,2/25/2026,Technical Communication,geliefert,FSc,
Fapp_adc_20260206-de.xml,5573,,KSu,DE,Carsten,Franziska,jazz,Z:\Produkte\F!Apps\Apps_allgemein\ADC\deutsch\2026.02,2/6/2026,3/30/2026,,User Interface & Clients,geliefert,FSc,
Fapp_fundamentals_20260206-de.xml,50,,KSu,DE,Carsten,Franziska,jazz,Z:\Produkte\F!Apps\Apps_allgemein\Fundamentals\deutsch\2026.02,2/6/2026,3/30/2026,,User Interface & Clients,geliefert,FSc,
Stick 6700,1113,,LBu,EN,Lisa,,LS-Tracker,Z:\Produkte\F!WLAN USB\Stick 6700\INT\2026.02\UeM,2/9/2026,2/11/2026,2/11/2026,Technical Communication,geliefert,,
Stick 6700,1113,,LBu,IT,Laura,,LS-Tracker,Z:\Produkte\F!WLAN USB\Stick 6700\INT\2026.02\UeM,2/9/2026,2/10/2026,2/11/2026,Technical Communication,,,
Stick 6700,1113,,LBu,FR,Marie,,LS-Tracker,Z:\Produkte\F!WLAN USB\Stick 6700\INT\2026.02\UeM,2/9/2026,2/10/2026,2/11/2026,Technical Communication,ausgecheckt,,
Stick 6700,1113,,LBu,NL,Angelique,,LS-Tracker,Z:\Produkte\F!WLAN USB\Stick 6700\INT\2026.02\UeM,2/9/2026,2/10/2026,2/11/2026,Technical Communication,,,
Stick 6700,1113,,LBu,ES,Alba,,LS-Tracker,Z:\Produkte\F!WLAN USB\Stick 6700\INT\2026.02\UeM,2/9/2026,2/10/2026,2/11/2026,Technical Communication,Ü-fertig,,
"ChatBot-de.docx,,,YJo,Pl,Yabylon,,LS-Tracker,""Z:\Produkte\Texte Web, Marketing, etc\englisch\2026.02"",2/9/2026,2/9/2026,2/9/2026,Kundenservice 1st Level,geliefert,FSc,"
Repeater 3000 AX,1252,,LBu,EN,Susan,,LS-Tracker,Z:\Produkte\F!WLAN Repeater\FRITZ!Repeater 3000 AX\international\2026.01\UeM,2/9/2026,2/10/2026,2/10/2026,Technical Communication,Ü-fertig,,
Repeater 3000 AX,1252,,LBu,IT,Laura,,LS-Tracker,Z:\Produkte\F!WLAN Repeater\FRITZ!Repeater 3000 AX\international\2026.01\UeM,2/9/2026,2/10/2026,2/10/2026,Technical Communication,Ü-fertig,,
Repeater 3000 AX,1252,,LBu,FR,Marie,,LS-Tracker,Z:\Produkte\F!WLAN Repeater\FRITZ!Repeater 3000 AX\international\2026.01\UeM,2/9/2026,2/10/2026,2/10/2026,Technical Communication,Ü-fertig,,
Repeater 3000 AX,1252,,LBu,NL,Angelique,,LS-Tracker,Z:\Produkte\F!WLAN Repeater\FRITZ!Repeater 3000 AX\international\2026.01\UeM,2/9/2026,2/10/2026,2/10/2026,Technical Communication,Ü-fertig,,
Repeater 3000 AX,1252,,LBu,ES,Alba,,LS-Tracker,Z:\Produkte\F!WLAN Repeater\FRITZ!Repeater 3000 AX\international\2026.01\UeM,2/9/2026,2/10/2026,2/10/2026,Technical Communication,Ü-fertig,,
Repeater 600,748,,LBu,EN,Susan,,LS-Tracker,Z:\Produkte\F!WLAN Repeater\FRITZ!Repeater 600\international\2026.01\UeM,2/9/2026,2/10/2026,2/10/2026,Technical Communication,Ü-fertig,,
Repeater 600,748,,LBu,IT,Laura,,LS-Tracker,Z:\Produkte\F!WLAN Repeater\FRITZ!Repeater 600\international\2026.01\UeM,2/9/2026,2/10/2026,2/10/2026,Technical Communication,Ü-fertig,,
Repeater 600,748,,LBu,FR,Marie,,LS-Tracker,Z:\Produkte\F!WLAN Repeater\FRITZ!Repeater 600\international\2026.01\UeM,2/9/2026,2/10/2026,2/10/2026,Technical Communication,Ü-fertig,,
Repeater 600,748,,LBu,NL,Angelique,,LS-Tracker,Z:\Produkte\F!WLAN Repeater\FRITZ!Repeater 600\international\2026.01\UeM,2/9/2026,2/10/2026,2/10/2026,Technical Communication,Ü-fertig,,
Repeater 600,748,,LBu,ES,Alba,,LS-Tracker,Z:\Produkte\F!WLAN Repeater\FRITZ!Repeater 600\international\2026.01\UeM,2/9/2026,2/10/2026,2/10/2026,Technical Communication,Ü-fertig,,
Repeater 6000,1307,,LBu,EN,Lisa,,LS-Tracker,Z:\Produkte\F!WLAN Repeater\FRITZ!Repeater 6000\international\2026.01\UeM,2/9/2026,2/10/2026,2/10/2026,Technical Communication,geliefert,,
Repeater 6000,1307,,LBu,IT,Laura,,LS-Tracker,Z:\Produkte\F!WLAN Repeater\FRITZ!Repeater 6000\international\2026.01\UeM,2/9/2026,2/10/2026,2/10/2026,Technical Communication,Ü-fertig,,
Repeater 6000,1307,,LBu,FR,Marie,,LS-Tracker,Z:\Produkte\F!WLAN Repeater\FRITZ!Repeater 6000\international\2026.01\UeM,2/9/2026,2/10/2026,2/10/2026,Technical Communication,Ü-fertig,,
Repeater 6000,1307,,LBu,NL,Angelique,,LS-Tracker,Z:\Produkte\F!WLAN Repeater\FRITZ!Repeater 6000\international\2026.01\UeM,2/9/2026,2/10/2026,2/10/2026,Technical Communication,Ü-fertig,,
Repeater 6000,1307,,LBu,ES,Alba,,LS-Tracker,Z:\Produkte\F!WLAN Repeater\FRITZ!Repeater 6000\international\2026.01\UeM,2/9/2026,2/10/2026,2/10/2026,Technical Communication,Ü-fertig,,
Business Update AT Februar,,,PSe,DE,Franziska,,LS-Tracker,,2/9/2026,2/11/2026,2/12/2026,Channel Sales,geliefert,FSc,
Business Update CH Februar,,,PSe,DE,Franziska,,LS-Tracker,,2/9/2026,2/9/2026,2/12/2026,Channel Sales,geliefert,FSc,
translations--smart24p2nl1--2026-02-09_de.po,109491,,MSe,EN,Susan,,LS-Tracker,Z:\Produkte\F!Box allgemein\GUI-JS3\deutsch\2026.02,2/9/2026,2/11/2026,2/13/2026,User Interface & Clients,Ü-fertig,Lbo,
translations--smart24p2nl1--2026-02-09_de.po,109491,,MSe,Es,Helena,,LS-Tracker,Z:\Produkte\F!Box allgemein\GUI-JS3\deutsch\2026.02,2/9/2026,2/11/2026,2/13/2026,User Interface & Clients,ausgecheckt,Lbo,
translations--smart24p2nl1--2026-02-09_de.po,109491,,MSe,Fr,Martine,,LS-Tracker,Z:\Produkte\F!Box allgemein\GUI-JS3\deutsch\2026.02,2/9/2026,2/11/2026,2/13/2026,User Interface & Clients,,Lbo,
translations--smart24p2nl1--2026-02-09_de.po,109491,,MSe,It,Laura,,LS-Tracker,Z:\Produkte\F!Box allgemein\GUI-JS3\deutsch\2026.02,2/9/2026,2/11/2026,2/13/2026,User Interface & Clients,,Lbo,
translations--smart24p2nl1--2026-02-09_de.po,109491,,MSe,Nl,Angelique,,LS-Tracker,Z:\Produkte\F!Box allgemein\GUI-JS3\deutsch\2026.02,2/9/2026,2/11/2026,2/13/2026,User Interface & Clients,Ü-fertig,Lbo,
translations--smart24p2nl1--2026-02-09_de.po,109491,,MSe,Pl,Yabylon,,LS-Tracker,Z:\Produkte\F!Box allgemein\GUI-JS3\deutsch\2026.02,2/9/2026,2/12/2026,2/13/2026,User Interface & Clients,geliefert,Lbo,
translations--smart24p2nl1--2026-02-09_de.po,109491,,MSe,SL,Yabylon,,LS-Tracker,Z:\Produkte\F!Box allgemein\GUI-JS3\deutsch\2026.02,2/9/2026,2/12/2026,2/13/2026,User Interface & Clients,geliefert,Lbo,
translations--MyFOS-P1--2026-02-09_de.po,110441,,Mse,EN,Susan,,LS-Tracker,Z:\Produkte\F!Box allgemein\GUI-JS3\deutsch\2026.02,2/9/2026,2/20/2026,2/17/2026,User Interface & Clients,,Lbo,
translations--MyFOS-P1--2026-02-09_de.po,110441,,Mse,ES,Helena,,LS-Tracker,Z:\Produkte\F!Box allgemein\GUI-JS3\deutsch\2026.02,2/9/2026,2/20/2026,2/17/2026,User Interface & Clients,,Lbo,
translations--MyFOS-P1--2026-02-09_de.po,110441,,Mse,FR,Martine,,LS-Tracker,Z:\Produkte\F!Box allgemein\GUI-JS3\deutsch\2026.02,2/9/2026,2/20/2026,2/17/2026,User Interface & Clients,,Lbo,
translations--MyFOS-P1--2026-02-09_de.po,110441,,MSe,IT,Laura,,LS-Tracker,Z:\Produkte\F!Box allgemein\GUI-JS3\deutsch\2026.02,2/9/2026,2/20/2026,2/17/2026,User Interface & Clients,,Lbo,
translations--MyFOS-P1--2026-02-09_de.po,110441,,MSe,NL,Angelique,,LS-Tracker,Z:\Produkte\F!Box allgemein\GUI-JS3\deutsch\2026.02,2/9/2026,2/20/2026,2/17/2026,User Interface & Clients,,Lbo,
translations--MyFOS-P1--2026-02-09_de.po,110441,,MSe,PL,Yabylon,,LS-Tracker,Z:\Produkte\F!Box allgemein\GUI-JS3\deutsch\2026.02,2/9/2026,2/20/2026,2/17/2026,User Interface & Clients,,Lbo,
translations--MyFOS-P1--2026-02-09_de.po,110441,,MSe,SL,Yabylon,,LS-Tracker,Z:\Produkte\F!Box allgemein\GUI-JS3\deutsch\2026.02,2/9/2026,2/20/2026,2/17/2026,User Interface & Clients,,Lbo,
Repeater 3000 AX,1252,,LBu,NO,Martine,,LS-Tracker,Z:\Produkte\F!WLAN Repeater\FRITZ!Repeater 3000 AX\international\2026.01\UeM,2/9/2026,3/10/2026,3/5/2026,Technical Communication,,,
Repeater 3000 AX,1252,,LBu,FI,Martine,,LS-Tracker,Z:\Produkte\F!WLAN Repeater\FRITZ!Repeater 3000 AX\international\2026.01\UeM,2/9/2026,3/10/2026,3/5/2026,Technical Communication,,,
Repeater 3000 AX,1252,,LBu,DA,Helena,,LS-Tracker,Z:\Produkte\F!WLAN Repeater\FRITZ!Repeater 3000 AX\international\2026.01\UeM,2/9/2026,3/2/2026,3/5/2026,Technical Communication,Ü-fertig,,
Repeater 3000 AX,1252,,LBu,SV,Helena,,LS-Tracker,Z:\Produkte\F!WLAN Repeater\FRITZ!Repeater 3000 AX\international\2026.01\UeM,2/9/2026,3/2/2026,3/5/2026,Technical Communication,Ü-fertig,,
Repeater 600,748,,LBu,NO,Martine,,LS-Tracker,Z:\Produkte\F!WLAN Repeater\FRITZ!Repeater 600\international\2026.01\UeM,2/9/2026,3/10/2026,3/5/2026,Technical Communication,,,
Repeater 600,748,,LBu,FI,Martine,,LS-Tracker,Z:\Produkte\F!WLAN Repeater\FRITZ!Repeater 600\international\2026.01\UeM,2/9/2026,3/10/2026,3/5/2026,Technical Communication,,,
Repeater 600,748,,LBu,DA,Helena,,LS-Tracker,Z:\Produkte\F!WLAN Repeater\FRITZ!Repeater 600\international\2026.01\UeM,2/9/2026,3/2/2026,3/5/2026,Technical Communication,Ü-fertig,,
Repeater 600,748,,LBu,SV,Helena,,LS-Tracker,Z:\Produkte\F!WLAN Repeater\FRITZ!Repeater 600\international\2026.01\UeM,2/9/2026,3/2/2026,3/5/2026,Technical Communication,Ü-fertig,,
Repeater 6000,1307,,LBu,DA,Helena,,LS-Tracker,Z:\Produkte\F!WLAN Repeater\FRITZ!Repeater 6000\international\2026.01\UeM,2/9/2026,3/2/2026,3/5/2026,Technical Communication,Ü-fertig,,
Repeater 6000,1307,,LBu,SV,Helena,,LS-Tracker,Z:\Produkte\F!WLAN Repeater\FRITZ!Repeater 6000\international\2026.01\UeM,2/9/2026,3/2/2026,3/5/2026,Technical Communication,Ü-fertig,,
Repeater 6000,1307,,LBu,NO,Martine,,LS-Tracker,Z:\Produkte\F!WLAN Repeater\FRITZ!Repeater 6000\international\2026.01\UeM,2/9/2026,3/17/2026,3/17/2026,Technical Communication,,,
Repeater 6000,1307,,LBu,FI,Martine,,LS-Tracker,Z:\Produkte\F!WLAN Repeater\FRITZ!Repeater 6000\international\2026.01\UeM,2/9/2026,3/17/2026,3/17/2026,Technical Communication,,,
Stick 6700,1113,,LBu,NO,Martine,,LS-Tracker,Z:\Produkte\F!WLAN USB\Stick 6700\INT\2026.02\UeM,2/9/2026,3/17/2026,3/17/2026,Technical Communication,,,
Stick 6700,1113,,LBu,FI,Martine,,LS-Tracker,Z:\Produkte\F!WLAN USB\Stick 6700\INT\2026.02\UeM,2/9/2026,3/17/2026,3/17/2026,Technical Communication,,,
Stick 6700,1113,,LBu,DA,Helena,,LS-Tracker,Z:\Produkte\F!WLAN USB\Stick 6700\INT\2026.02\UeM,2/9/2026,3/17/2026,3/17/2026,Technical Communication,,,
Stick 6700,1113,,LBu,SV,Helena,,LS-Tracker,Z:\Produkte\F!WLAN USB\Stick 6700\INT\2026.02\UeM,2/9/2026,3/17/2026,3/17/2026,Technical Communication,,,
Bot-Begrüßungtextes,31,,YJo,EN,Lisa,,LS-Tracker,Z:\Produkte\Support-Aufträge\02.2026\09.02.26,2/9/2026,2/9/2026,2/9/2026,Kundenservice 1st Level,,Rho,
2026-02-10T13-50-12_PM-History-Texts.xml,,,Tja,DE,Franziska,,LS-Tracker,Z:\Produkte\F!Box allgemein\Info.txt\Release\25_Smart24-P2\2026.02,2/10/2026,2/10/2026,2/10/2026,Product Management,geliefert,FSc,
2026-02-10T14-17-38_PM-History-Texts_korr-de.xml,,,Tja,EN,Susan,,LS-Tracker,Z:\Produkte\F!Box allgemein\Info.txt\Release\25_Smart24-P2\2026.02,2/10/2026,2/10/2026,2/10/2026,Product Management,geliefert,FSc,
4630+Dreisprung_translations-[SPRACHE]-ONLINE_STORE_THEME.json,,,CST,EN,John,,LS-Tracker,Z:\Produkte\FRITZ!com\2026.02\KW07\Übersetzungen,2/10/2026,2/12/2026,2/13/2026,D2C Ecommerce,ausgecheckt,Lbo,
4630+Dreisprung_translations-[SPRACHE]-ONLINE_STORE_THEME.json,,,CST,ES,Alba,,LS-Tracker,Z:\Produkte\FRITZ!com\2026.02\KW07\Übersetzungen,2/10/2026,2/12/2026,2/13/2026,D2C Ecommerce,ausgecheckt,Lbo,
4630+Dreisprung_translations-[SPRACHE]-ONLINE_STORE_THEME.json,,,CST,FR,Martine,,LS-Tracker,Z:\Produkte\FRITZ!com\2026.02\KW07\Übersetzungen,2/10/2026,2/12/2026,2/13/2026,D2C Ecommerce,ausgecheckt,Lbo,
4630+Dreisprung_translations-[SPRACHE]-ONLINE_STORE_THEME.json,,,CST,IT,Laura,,LS-Tracker,Z:\Produkte\FRITZ!com\2026.02\KW07\Übersetzungen,2/10/2026,2/11/2026,2/13/2026,D2C Ecommerce,,Lbo,
4630+Dreisprung_translations-[SPRACHE]-ONLINE_STORE_THEME.json,,,CST,NL,Angelique,,LS-Tracker,Z:\Produkte\FRITZ!com\2026.02\KW07\Übersetzungen,2/10/2026,2/12/2026,2/13/2026,D2C Ecommerce,,Lbo,
"Produktankündigung FRITZ!Box 5690 Edition International (20003146) Übersetzun,752,,Apa,DE,Franziska,,LS-Tracker,""Z:\Produkte\Texte Web, Marketing, etc\deutsch\2026.02"",2/10/2026,2/17/2026,2/17/2026,Sales Marketing,geliefert,Hme,"
"Produktankündigung FRITZ!Box 5690 Edition International (20003146) Übersetzun,752,,Apa,EN,Lisa,,LS-Tracker,""Z:\Produkte\Texte Web, Marketing, etc\deutsch\2026.02"",2/10/2026,2/17/2026,2/17/2026,Sales Marketing,geliefert,Hme,"
"Produktankündigung FRITZ!Box 5690 Edition International (20003146) Übersetzun,752,,Apa,NL,Angelique,,LS-Tracker,""Z:\Produkte\Texte Web, Marketing, etc\deutsch\2026.02"",2/10/2026,2/17/2026,2/17/2026,Sales Marketing,geliefert,Hme,"
"Produktankündigung FRITZ!Box 5690 Edition International (20003146) Übersetzun,752,,Apa,FR,Martine,,LS-Tracker,""Z:\Produkte\Texte Web, Marketing, etc\deutsch\2026.02"",2/10/2026,2/17/2026,2/17/2026,Sales Marketing,geliefert,Hme,"
FRITZ!Fon Data Act-int-de.docx,170,,LLe,EN,John,Lisa,LS-Tracker,Z:\Produkte\Einleger und juristische Texte\Data Act\FRITZ!Fon\2026.02,2/10/2026,2/19/2026,2/27/2026,Technical Communication,geliefert,FSc,
FRITZ!Fon Data Act-int-de.docx,170,,LLe,Es,Alba,,LS-Tracker,Z:\Produkte\Einleger und juristische Texte\Data Act\FRITZ!Fon\2026.02,2/10/2026,2/27/2026,2/27/2026,Technical Communication,geliefert,FSc,
FRITZ!Fon Data Act-int-de.docx,170,,LLe,Fr,Marie,,LS-Tracker,Z:\Produkte\Einleger und juristische Texte\Data Act\FRITZ!Fon\2026.02,2/10/2026,2/20/2026,2/27/2026,Technical Communication,geliefert,FSc,
FRITZ!Fon Data Act-int-de.docx,170,,LLe,It,Cristina,Laura,LS-Tracker,Z:\Produkte\Einleger und juristische Texte\Data Act\FRITZ!Fon\2026.02,2/10/2026,2/27/2026,2/27/2026,Technical Communication,geliefert,FSc,
FRITZ!Fon Data Act-int-de.docx,170,,LLe,Nl,Angelique,,LS-Tracker,Z:\Produkte\Einleger und juristische Texte\Data Act\FRITZ!Fon\2026.02,2/10/2026,2/27/2026,2/27/2026,Technical Communication,geliefert,FSc,
FRITZ!Fon Data Act-int-de.docx,170,,LLe,Pl,Yabylon,,LS-Tracker,Z:\Produkte\Einleger und juristische Texte\Data Act\FRITZ!Fon\2026.02,2/10/2026,2/27/2026,2/27/2026,Technical Communication,geliefert,FSc,
0000_12-1100-1-17-1-27_translate-from-de.xml,1047174,,GAb,EN,John,,Mail,Z:\Produkte\F!Box allgemein\GUI-html2\deutsch\2026.02,2/10/2026,2/20/2026,,User Interface & Clients,geliefert,FSc,
0000_12-1100-1-17-1-27_translate-from-de.xml,1047174,,GAb,Es,Alba,,Mail,Z:\Produkte\F!Box allgemein\GUI-html2\deutsch\2026.02,2/10/2026,2/20/2026,,User Interface & Clients,geliefert,FSc,
0000_12-1100-1-17-1-27_translate-from-de.xml,1047174,,GAb,Fr,Marie,,Mail,Z:\Produkte\F!Box allgemein\GUI-html2\deutsch\2026.02,2/10/2026,2/20/2026,,User Interface & Clients,geliefert,FSc,
0000_12-1100-1-17-1-27_translate-from-de.xml,1047174,,GAb,It,Laura,,Mail,Z:\Produkte\F!Box allgemein\GUI-html2\deutsch\2026.02,2/10/2026,2/20/2026,,User Interface & Clients,geliefert,FSc,
0000_12-1100-1-17-1-27_translate-from-de.xml,1047174,,GAb,Nl,Angelique,,Mail,Z:\Produkte\F!Box allgemein\GUI-html2\deutsch\2026.02,2/10/2026,2/20/2026,,User Interface & Clients,geliefert,FSc,
0000_12-1100-1-17-1-27_translate-from-de.xml,3551,,GAb,Pl,Yabylon,,Mail,Z:\Produkte\F!Box allgemein\GUI-html2\deutsch\2026.02,2/10/2026,2/20/2026,,User Interface & Clients,geliefert,FSc,
0000_12-1100-1-17-1-27_translate-from-de.xml,3551,,GAb,SL,Yabylon,,Mail,Z:\Produkte\F!Box allgemein\GUI-html2\deutsch\2026.02,2/10/2026,2/20/2026,,User Interface & Clients,geliefert,FSc,
Bot-Begrüßungtextes,31,,YJo,IT,Laura,,LS-Tracker,Z:\Produkte\Support-Aufträge\02.2026\09.02.27,2/10/2026,2/10/2026,2/10/2026,Kundenservice 1st Level,,Rho,
KA_7630,1889,,MTA,EN,Susan,,LS-Tracker,Z:\Produkte\F!Box Kurzanleitungen\deutsch,2/11/2026,2/12/2026,2/12/2026,Provider Sales,,Msi,
KA.6850 5G,2159,,MTA,EN,Susan,,LS-Tracker,Z:\Produkte\F!Box Kurzanleitungen\deutsch,2/11/2026,2/12/2026,2/12/2026,Provider Sales,,Msi,
KA 6850 LTE,1793,,MTA,EN,Susan,,LS-Tracker,Z:\Produkte\F!Box Kurzanleitungen\deutsch,2/11/2026,2/12/2026,2/12/2026,Provider Sales,,Msi,
KA 6850 5G v2,1793,,MTA,EN,Susan,,LS-Tracker,Z:\Produkte\F!Box Kurzanleitungen\deutsch,2/11/2026,2/12/2026,2/12/2026,Provider Sales,,Msi,
KA 5690,2374,,MTA,EN,Susan,,LS-Tracker,Z:\Produkte\F!Box Kurzanleitungen\deutsch,2/11/2026,2/12/2026,2/12/2026,Provider Sales,,Msi,
KA 5690 Pro,2794,,MTA,EN,Susan,,LS-Tracker,Z:\Produkte\F!Box Kurzanleitungen\deutsch,2/11/2026,2/12/2026,2/12/2026,Provider Sales,,Msi,
KA 5630,2374,,MTA,EN,Susan,,LS-Tracker,Z:\Produkte\F!Box Kurzanleitungen\deutsch,2/11/2026,2/12/2026,2/12/2026,Provider Sales,,Msi,
3000-6000_Änderungen_translations-[Sprache]-ONLINE_STORE_THEME.json,,,CST,EN,John,,LS-Tracker,Z:\Produkte\FRITZ!com\2026.02\KW07\Übersetzungen,2/11/2026,2/20/2026,2/18/2026,D2C Ecommerce,geliefert,Lbo,
3000-6000_Änderungen_translations-[Sprache]-ONLINE_STORE_THEME.json,,,CST,ES,Alba,,LS-Tracker,Z:\Produkte\FRITZ!com\2026.02\KW07\Übersetzungen,2/11/2026,2/20/2026,2/18/2026,D2C Ecommerce,geliefert,Lbo,
3000-6000_Änderungen_translations-[Sprache]-ONLINE_STORE_THEME.json,,,CST,FR,Marie,,LS-Tracker,Z:\Produkte\FRITZ!com\2026.02\KW07\Übersetzungen,2/11/2026,2/20/2026,2/18/2026,D2C Ecommerce,geliefert,Lbo,
3000-6000_Änderungen_translations-[Sprache]-ONLINE_STORE_THEME.json,,,CST,IT,Laura,,LS-Tracker,Z:\Produkte\FRITZ!com\2026.02\KW07\Übersetzungen,2/11/2026,2/20/2026,2/18/2026,D2C Ecommerce,geliefert,Lbo,
3000-6000_Änderungen_translations-[Sprache]-ONLINE_STORE_THEME.json,,,CST,NL,Angelique,,LS-Tracker,Z:\Produkte\FRITZ!com\2026.02\KW07\Übersetzungen,2/11/2026,2/20/2026,2/18/2026,D2C Ecommerce,geliefert,Lbo,
Bot-Begrüßungtextes,31,,YJo,NL,Angelique,,LS-Tracker,Z:\Produkte\Support-Aufträge\02.2026\09.02.28,2/11/2026,2/11/2026,2/11/2026,Kundenservice 1st Level,,Rho,
Bot-Begrüßungtextes,31,,YJo,ES,Helena,,LS-Tracker,Z:\Produkte\Support-Aufträge\02.2026\09.02.29,2/12/2026,2/12/2026,2/12/2026,Kundenservice 1st Level,,Rho,
"Makro 4078 SMB-Zugriff über neu erstellte WireGuard-Verbindung nicht möglich,156,,MSW,EN,Susan,,LS-Tracker,""""""Z:\Produkte\Support-Aufträge\02.2026\19.02.26"",2/12/2026,2/18/2026,2/19/2026,Kundenservice 2nd Level,geliefert,Rho,"
"Makro 4078 SMB-Zugriff über neu erstellte WireGuard-Verbindung nicht möglich,156,,MSW,IT,Laura,,LS-Tracker,""""""Z:\Produkte\Support-Aufträge\02.2026\19.02.26"",2/12/2026,2/18/2026,2/19/2026,Kundenservice 2nd Level,geliefert,Rho,"
"Makro 4078 SMB-Zugriff über neu erstellte WireGuard-Verbindung nicht möglich,156,,MSW,NL,Angelique,,LS-Tracker,""""""Z:\Produkte\Support-Aufträge\02.2026\19.02.26"",2/12/2026,2/18/2026,2/19/2026,Kundenservice 2nd Level,geliefert,Rho,"
"Makro 4078 SMB-Zugriff über neu erstellte WireGuard-Verbindung nicht möglich,156,,MSW,ES,Helena,,LS-Tracker,""""""Z:\Produkte\Support-Aufträge\02.2026\19.02.26"",2/12/2026,2/19/2026,2/19/2026,Kundenservice 2nd Level,geliefert,Rho,"
FRITZ!Box 6860 5G,2159,,Ost,EN,Susan,,LS-Tracker,Z:\Produkte\F!Box Kurzanleitungen\international\FRITZ!Box 6860 5G,2/13/2026,2/16/2026,2/16/2026,Technical Communication,,Msi,
FRITZ!Box 6860 5G,2159,,Ost,IT,Laura,,LS-Tracker,Z:\Produkte\F!Box Kurzanleitungen\international\FRITZ!Box 6860 5G,2/13/2026,2/16/2026,2/16/2026,Technical Communication,,Msi,
FRITZ!Box 6860 5G,2159,,Ost,ES,Alba,,LS-Tracker,Z:\Produkte\F!Box Kurzanleitungen\international\FRITZ!Box 6860 5G,2/13/2026,2/16/2026,2/16/2026,Technical Communication,,Msi,
FRITZ!Box 6860 5G,2159,,Ost,NL,Angelique,,LS-Tracker,Z:\Produkte\F!Box Kurzanleitungen\international\FRITZ!Box 6860 5G,2/13/2026,2/16/2026,2/16/2026,Technical Communication,,Msi,
FRITZ!Box 6860 5G,2159,,Ost,FR,Martine,,LS-Tracker,Z:\Produkte\F!Box Kurzanleitungen\international\FRITZ!Box 6860 5G,2/13/2026,2/16/2026,2/16/2026,Technical Communication,,Msi,
"Ankuendigung_FRITZ!Smart Control_440-de.docx,468,,Apa,DE,Franziska,,LS-Tracker,""Z:\Produkte\Texte Web, Marketing, etc\deutsch\2026.02"",2/13/2026,2/16/2026,2/19/2026,Sales Marketing,geliefert,Msi,"
"Ankuendigung_FRITZ!Smart Control_440_DE_Draft.docx,468,,Apa,EN,Susan/John,,LS-Tracker,""Z:\Produkte\Texte Web, Marketing, etc\deutsch\2026.02"",2/13/2026,2/19/2026,2/19/2026,Sales Marketing,geliefert,Msi,"
"Ankuendigung_FRITZ!Smart Control_440_DE_Draft.docx,468,,Apa,IT,Cristina,Laura,LS-Tracker,""Z:\Produkte\Texte Web, Marketing, etc\deutsch\2026.02"",2/13/2026,2/19/2026,2/19/2026,Sales Marketing,geliefert,Msi,"
"Ankuendigung_FRITZ!Smart Control_440_DE_Draft.docx,468,,Apa,NL,Angelique,,LS-Tracker,""Z:\Produkte\Texte Web, Marketing, etc\deutsch\2026.02"",2/13/2026,2/19/2026,2/19/2026,Sales Marketing,geliefert,Msi,"
"Ankuendigung_FRITZ!Smart Control_440_DE_Draft.docx,468,,Apa,FR,Martine,,LS-Tracker,""Z:\Produkte\Texte Web, Marketing, etc\deutsch\2026.02"",2/13/2026,2/19/2026,2/19/2026,Sales Marketing,geliefert,Msi,"
"Ankuendigung_FRITZ!Smart Control_440_DE_Draft.docx,468,,Apa,ES,Alba,,LS-Tracker,""Z:\Produkte\Texte Web, Marketing, etc\deutsch\2026.02"",2/13/2026,2/19/2026,2/19/2026,Sales Marketing,geliefert,Msi,"
"Ankuendigung_FRITZ!Smart Control_440_DE_Draft.docx,468,,Apa,PL,Yabylon,,LS-Tracker,""Z:\Produkte\Texte Web, Marketing, etc\deutsch\2026.02"",2/13/2026,2/19/2026,2/19/2026,Sales Marketing,geliefert,Msi,"
"Ankuendigung_FRITZ!Smart Thermo 302-de.docx,537,,Apa,DE,Franziska,,LS-Tracker,""Z:\Produkte\Texte Web, Marketing, etc\deutsch\2026.02"",2/13/2026,2/16/2026,2/19/2026,Sales Marketing,geliefert,Msi,"
"Ankuendigung_FRITZ!Smart Thermo 302_DE_Draft.docx,537,,Apa,EN,Susan/John,,LS-Tracker,""Z:\Produkte\Texte Web, Marketing, etc\deutsch\2026.02"",2/13/2026,2/19/2026,2/19/2026,Sales Marketing,geliefert,Msi,"
"Ankuendigung_FRITZ!Smart Thermo 302_DE_Draft.docx,537,,Apa,IT,Cristina,Laura,LS-Tracker,""Z:\Produkte\Texte Web, Marketing, etc\deutsch\2026.02"",2/13/2026,2/19/2026,2/19/2026,Sales Marketing,geliefert,Msi,"
"Ankuendigung_FRITZ!Smart Thermo 302_DE_Draft.docx,537,,Apa,NL,Angelique,,LS-Tracker,""Z:\Produkte\Texte Web, Marketing, etc\deutsch\2026.02"",2/13/2026,2/19/2026,2/19/2026,Sales Marketing,geliefert,Msi,"
"Ankuendigung_FRITZ!Smart Thermo 302_DE_Draft.docx,537,,Apa,FR,Marie,,LS-Tracker,""Z:\Produkte\Texte Web, Marketing, etc\deutsch\2026.02"",2/13/2026,2/19/2026,2/19/2026,Sales Marketing,geliefert,Msi,"
"Ankuendigung_FRITZ!Smart Thermo 302_DE_Draft.docx,537,,Apa,ES,Alba,Helena,LS-Tracker,""Z:\Produkte\Texte Web, Marketing, etc\deutsch\2026.02"",2/13/2026,2/19/2026,2/19/2026,Sales Marketing,geliefert,Msi,"
"Ankuendigung_FRITZ!Smart Thermo 302_DE_Draft.docx,537,,Apa,PL,Yabylon,,LS-Tracker,""Z:\Produkte\Texte Web, Marketing, etc\deutsch\2026.02"",2/13/2026,2/19/2026,2/19/2026,Sales Marketing,geliefert,Msi,"
Datenschutzerklärung_v10-2026-02-13_D-00000053_T-00000973_EngineeringModules_de-DE_en-GB.xml,2679,,LLe,EN,John,,LS-Tracker,Z:\International\Tico\work,2/13/2026,2/25/2026,2/27/2026,Technical Communication,geliefert,Msi,
Datenschutzerklärung_v10-2026-02-13_D-00000053_T-00000972_EngineeringModules_de-DE_sl-SI.xml,2679,,LLe,SL,Yabylon,,LS-Tracker,Z:\International\Tico\work,2/13/2026,2/25/2026,2/27/2026,Technical Communication,geliefert,Msi,
Datenschutzerklärung_v10-2026-02-13_D-00000053_T-00000971_EngineeringModules_de-DE_pl-PL.xml,2679,,Lle,Pl,Yabylon,,LS-Tracker,Z:\International\Tico\work,2/13/2026,2/25/2026,2/27/2026,Technical Communication,geliefert,Msi,
Datenschutzerklärung_v10-2026-02-13_D-00000053_T-00000970_EngineeringModules_de-DE_nl-NL.xml,2679,,LLe,Nl,Angelique,,LS-Tracker,Z:\International\Tico\work,2/13/2026,2/25/2026,2/27/2026,Technical Communication,geliefert,Msi,
Datenschutzerklärung_v10-2026-02-13_D-00000053_T-00000969_EngineeringModules_de-DE_it-IT.xml,2679,,LLe,IT,Laura,,LS-Tracker,Z:\International\Tico\work,2/13/2026,2/27/2026,2/27/2026,Technical Communication,,Msi,
Datenschutzerklärung_v10-2026-02-13_D-00000053_T-00000968_EngineeringModules_de-DE_es-ES.xml,2679,,Lle,Es,Alba,,LS-Tracker,Z:\International\Tico\work,2/13/2026,2/25/2026,2/27/2026,Technical Communication,geliefert,Msi,
Datenschutzerklärung_v10-2026-02-13_D-00000053_T-00000967_EngineeringModules_de-DE_fr-FR.xml,2679,,LLe,Fr,Martine,,LS-Tracker,Z:\International\Tico\work,2/13/2026,2/25/2026,2/27/2026,Technical Communication,geliefert,Msi,
FRITZ!Box 6860 5G,2159,,Ost,DA,Helena,,LS-Tracker,Z:\Produkte\F!Box Kurzanleitungen\international\FRITZ!Box 6860 5G,2/13/2026,3/17/2026,3/17/2026,Technical Communication,,Msi,
FRITZ!Box 6860 5G,2159,,Ost,FI,Martine,,LS-Tracker,Z:\Produkte\F!Box Kurzanleitungen\international\FRITZ!Box 6860 5G,2/13/2026,3/17/2026,3/17/2026,Technical Communication,,Msi,
FRITZ!Box 6860 5G,2159,,Ost,SV,Helena,,LS-Tracker,Z:\Produkte\F!Box Kurzanleitungen\international\FRITZ!Box 6860 5G,2/13/2026,3/4/2026,3/17/2026,Technical Communication,geliefert,Msi,
FRITZ!Box 6860 5G,2159,,Ost,NO,Martine,,LS-Tracker,Z:\Produkte\F!Box Kurzanleitungen\international\FRITZ!Box 6860 5G,2/13/2026,3/4/2026,3/17/2026,Technical Communication,geliefert,Msi,
Bot-Begrüßungtextes,31,,YJo,FR,Martine,,LS-Tracker,Z:\Produkte\Support-Aufträge\02.2026\09.02.30,2/13/2026,2/13/2026,2/13/2026,Kundenservice 1st Level,,Rho,
Business Update DE Februar-02,,,AGi,DE,Franziska,,LS-Tracker,,2/16/2026,2/18/2026,2/18/2026,Channel Sales,geliefert,FSc,
"20260216_Ankuendigung_FRITZ!Box_5690_Edition_AON-de.docx,752,,Apa,DE,Franziska,,LS-Tracker,""Z:\Produkte\Texte Web, Marketing, etc\deutsch\2026.02"",2/16/2026,2/17/2026,2/20/2026,Sales Marketing,geliefert,Hme,"
"20260216_Ankuendigung_FRITZ!Box_5690_Edition_AON_DE_Final.docx,752,,Apa,EN,Lisa,,LS-Tracker,""Z:\Produkte\Texte Web, Marketing, etc\deutsch\2026.02"",2/16/2026,2/18/2026,2/20/2026,Sales Marketing,geliefert,Hme,"
"20260216_Ankuendigung_FRITZ!Box_5690_Edition_AON_DE_Final.docx,752,,Apa,IT,Cristina,Laura,LS-Tracker,""Z:\Produkte\Texte Web, Marketing, etc\deutsch\2026.02"",2/16/2026,2/19/2026,2/20/2026,Sales Marketing,geliefert,Hme,"
"20260216_Ankuendigung_FRITZ!Box_5690_Edition_AON_DE_Final.docx,752,,Apa,FR,Marie,,LS-Tracker,""Z:\Produkte\Texte Web, Marketing, etc\deutsch\2026.02"",2/16/2026,2/19/2026,2/20/2026,Sales Marketing,geliefert,Hme,"
"20260216_Ankuendigung_FRITZ!Box_5690_Edition_AON-de.docx,752,,Apa,NL,Angelique,,LS-Tracker,""Z:\Produkte\Texte Web, Marketing, etc\deutsch\2026.02"",2/16/2026,2/19/2026,2/20/2026,Sales Marketing,geliefert,,"
"20260216_Ankuendigung_FRITZ!Box 7632_Edition_International-de.docx,755,,Apa,DE,Franziska,,LS-Tracker,""Z:\Produkte\Texte Web, Marketing, etc\deutsch\2026.02"",2/16/2026,2/20/2026,2/20/2026,Sales Marketing,geliefert,Hme,"
"20260216_Ankuendigung_FRITZ!Box 7632_Edition_International_DE_Final.docx,755,,Apa,IT,Cristina,Laura,LS-Tracker,""Z:\Produkte\Texte Web, Marketing, etc\deutsch\2026.02"",2/16/2026,2/20/2026,2/20/2026,Sales Marketing,geliefert,Hme,"
"20260216_Ankuendigung_FRITZ!Box 7632_Edition_International_DE_Final.docx,755,,Apa,EN,John,Susan,LS-Tracker,""Z:\Produkte\Texte Web, Marketing, etc\deutsch\2026.02"",2/16/2026,2/20/2026,2/20/2026,Sales Marketing,geliefert,Hme,"
"20260216_Ankuendigung_FRITZ!Box 7632_Edition_International_DE_Final.docx,755,,Apa,NL,Marion,Angelique,LS-Tracker,""Z:\Produkte\Texte Web, Marketing, etc\deutsch\2026.02"",2/16/2026,2/20/2026,2/20/2026,Sales Marketing,geliefert,Hme,"
"20260216_Ankuendigung_FRITZ!Box 7632_Edition_International_DE_Final.docx,755,,Apa,FR,Marie,Martine,LS-Tracker,""Z:\Produkte\Texte Web, Marketing, etc\deutsch\2026.02"",2/16/2026,2/20/2026,2/20/2026,Sales Marketing,geliefert,Hme,"
"20260216_Ankuendigung_FRITZ!Box 7632_Edition_International_DE_Final.docx,755,,Apa,ES,Alba,Helena,LS-Tracker,""Z:\Produkte\Texte Web, Marketing, etc\deutsch\2026.02"",2/16/2026,2/20/2026,2/20/2026,Sales Marketing,geliefert,Hme,"
"20260216_Ankuendigung_FRITZ!Box 7632_Edition_International_DE_Final.docx,755,,Apa,PL,Yabylon,,LS-Tracker,""Z:\Produkte\Texte Web, Marketing, etc\deutsch\2026.02"",2/16/2026,2/20/2026,2/20/2026,Sales Marketing,geliefert,Hme,"
PSPs (4 Produkte),,,Tpo,EN,Laura,,LS-Tracker,,2/16/2026,2/17/2026,2/20/2026,Technical Communication,geliefert,Lbo,
PSPs (4 Produkte),,,Tpo,ES,Alba,,LS-Tracker,,2/16/2026,2/19/2026,2/20/2026,Technical Communication,geliefert,Lbo,
PSPs (4 Produkte),,,Tpo,FR,Laura,,LS-Tracker,,2/16/2026,2/18/2026,2/20/2026,Technical Communication,geliefert,Lbo,
PSPs (4 Produkte),,,Tpo,IT,Laura,,LS-Tracker,,2/16/2026,2/19/2026,2/20/2026,Technical Communication,geliefert,Lbo,
PSPs (4 Produkte),,,Tpo,NL,Laura,,LS-Tracker,,2/16/2026,2/19/2026,2/20/2026,Technical Communication,geliefert,Lbo,
DHL Express Versandhinweis,58,,Rsa,ES,Alba,,LS-Tracker,Z:\Produkte\FRITZ!com\2026.02\KW08\Übersetzungen,2/16/2026,2/23/2026,2/23/2026,D2C Ecommerce,geliefert,Lbo,
DHL Express Versandhinweis,58,,Rsa,FR,Martine,,LS-Tracker,Z:\Produkte\FRITZ!com\2026.02\KW08\Übersetzungen,2/16/2026,2/23/2026,2/23/2026,D2C Ecommerce,geliefert,Lbo,
DHL Express Versandhinweis,58,,Rsa,IT,Laura,,LS-Tracker,Z:\Produkte\FRITZ!com\2026.02\KW08\Übersetzungen,2/16/2026,2/23/2026,2/23/2026,D2C Ecommerce,geliefert,Lbo,
DHL Express Versandhinweis,58,,Rsa,NL,Angelique,,LS-Tracker,Z:\Produkte\FRITZ!com\2026.02\KW08\Übersetzungen,2/16/2026,2/23/2026,2/23/2026,D2C Ecommerce,geliefert,Lbo,
DHL Express Versandhinweis,58,,Rsa,PL,Yabylon,,LS-Tracker,Z:\Produkte\FRITZ!com\2026.02\KW08\Übersetzungen,2/16/2026,2/23/2026,2/23/2026,D2C Ecommerce,geliefert,Lbo,
 Makro 761 - Mailadresse des Kunden im Shop ändern,183,,OFO,EN,Lisa,,LS-Tracker,Z:\Produkte\Support-Aufträge\02.2026\20.02.26,2/16/2026,2/20/2026,8/20/2026,Kundenservice 2nd Level,geliefert,Rho,
 Makro 761 - Mailadresse des Kunden im Shop ändern,183,,OFO,IT,Laura,,LS-Tracker,Z:\Produkte\Support-Aufträge\02.2026\27.02.26,2/16/2026,2/27/2026,8/20/2026,Kundenservice 2nd Level,geliefert,Rho,
 Makro 761 - Mailadresse des Kunden im Shop ändern,183,,OFO,NL,Angelique,,LS-Tracker,Z:\Produkte\Support-Aufträge\02.2026\27.02.26,2/16/2026,2/27/2026,8/20/2026,Kundenservice 2nd Level,geliefert,Rho,
 Makro 761 - Mailadresse des Kunden im Shop ändern,183,,OFO,ES,Helena,,LS-Tracker,Z:\Produkte\Support-Aufträge\02.2026\20.02.26,2/16/2026,2/20/2026,8/20/2026,Kundenservice 2nd Level,geliefert,Rho,
 Makro 761 - Mailadresse des Kunden im Shop ändern,183,,OFO,FR,Marie,,LS-Tracker,Z:\Produkte\Support-Aufträge\02.2026\27.02.26,2/16/2026,2/27/2026,8/20/2026,Kundenservice 2nd Level,geliefert,Rho,
2026-02-17T13-04-24_PM-History-Texts.xml,,,TJa,DE,Franziska,,LS-Tracker,Z:\Produkte\F!Box allgemein\Info.txt\Release\25_Smart24-P2\2026.02,2/17/2026,2/17/2026,2/17/2026,Product Management,geliefert,FSc,
2026-02-17T14-41-04_PM-History-Texts_korr-de.xml,,,TJa,EN,Susan,,LS-Tracker,Z:\Produkte\F!Box allgemein\Info.txt\Release\25_Smart24-P2\2026.02,2/17/2026,2/17/2026,2/17/2026,Product Management,geliefert,FSc,
"Neuheiten MWC 2026_de.docx,337,,Bal,EN,John,,LS-Tracker,""Z:\Produkte\Texte Web, Marketing, etc\deutsch\2026.02"",2/17/2026,2/17/2026,2/19/2026,Corporate Communications,geliefert,Msi,"
SHOP-POLICY,10508,,Rsa,EN,Susan,,LS-Tracker,Z:\Produkte\FRITZ!com\2026.02\KW09\Übersetzungen,2/17/2026,3/6/2026,3/6/2026,D2C Ecommerce,geliefert,Lbo,
SHOP-POLICY,10508,,Rsa,ES,Helena,,LS-Tracker,Z:\Produkte\FRITZ!com\2026.02\KW09\Übersetzungen,2/17/2026,3/6/2026,3/6/2026,D2C Ecommerce,geliefert,Lbo,
SHOP-POLICY,10508,,Rsa,FR,Martine,,LS-Tracker,Z:\Produkte\FRITZ!com\2026.02\KW09\Übersetzungen,2/17/2026,3/6/2026,3/6/2026,D2C Ecommerce,geliefert,Lbo,
SHOP-POLICY,10508,,Rsa,IT,Laura,,LS-Tracker,Z:\Produkte\FRITZ!com\2026.02\KW09\Übersetzungen,2/17/2026,3/6/2026,3/6/2026,D2C Ecommerce,geliefert,Lbo,
SHOP-POLICY,10508,,Rsa,NL,Angelique,,LS-Tracker,Z:\Produkte\FRITZ!com\2026.02\KW09\Übersetzungen,2/17/2026,3/6/2026,3/6/2026,D2C Ecommerce,geliefert,Lbo,
Makro 4246 Nach Update des FRITZ!Repeaters fehlt das Mesh-Symbol,70,,MBR,EN,Lisa,,LS-Tracker,Z:\Produkte\Support-Aufträge\02.2026\20.02.26,2/17/2026,2/20/2026,2/25/2026,Kundenservice 2nd Level,geliefert,Rho,
Makro 4246 Nach Update des FRITZ!Repeaters fehlt das Mesh-Symbol,70,,MBR,IT,Laura,,LS-Tracker,Z:\Produkte\Support-Aufträge\03.2026\11.03.26,2/17/2026,3/11/2026,2/25/2026,Kundenservice 2nd Level,geliefert,Rho,
Makro 4246 Nach Update des FRITZ!Repeaters fehlt das Mesh-Symbol,70,,MBR,NL,Angelique,,LS-Tracker,Z:\Produkte\Support-Aufträge\02.2026\20.02.26,2/17/2026,2/20/2026,2/25/2026,Kundenservice 2nd Level,geliefert,Rho,
Makro 4246 Nach Update des FRITZ!Repeaters fehlt das Mesh-Symbol,70,,MBR,ES,Helena,,LS-Tracker,Z:\Produkte\Support-Aufträge\02.2026\20.02.26,2/17/2026,2/20/2026,2/25/2026,Kundenservice 2nd Level,geliefert,Rho,
2026-02-18_D-00000088_T-00000983_EngineeringModules_de-DE_en-GB.xml,2361,,Tvi,EN,Susan,,LS-Tracker,Z:\International\Tico\work\2026-02-18_D-00000088_T-00000983_de-DE_en-GB.xml\untranslated,2/18/2026,2/23/2026,2/23/2026,Product Management,,Msi,
INT_430_MU_[DE].idml,968,,LBu,EN,Susan,,LS-Tracker,Z:\Produkte\F!WLAN USB\Stick AC 430 MU-MIMO\international\Booklet\2026.02,2/18/2026,2/23/2026,2/23/2026,Technical Communication,Ü-fertig,Msi,
INT_430_MU_[DE].idml,968,,LBu,ES,Alba,,LS-Tracker,Z:\Produkte\F!WLAN USB\Stick AC 430 MU-MIMO\international\Booklet\2026.02,2/18/2026,2/23/2026,2/23/2026,Technical Communication,NICHT ausgecheckt,Msi,
INT_430_MU_[DE].idml,968,,LBu,IT,Laura,,LS-Tracker,Z:\Produkte\F!WLAN USB\Stick AC 430 MU-MIMO\international\Booklet\2026.02,2/18/2026,2/23/2026,2/23/2026,Technical Communication,,Msi,
INT_430_MU_[DE].idml,968,,LBu,NL,Angelique,,LS-Tracker,Z:\Produkte\F!WLAN USB\Stick AC 430 MU-MIMO\international\Booklet\2026.02,2/18/2026,2/23/2026,2/23/2026,Technical Communication,NICHT ausgecheckt,Msi,
INT_430_MU_[DE].idml,968,,LBu,FR,Martine,,LS-Tracker,Z:\Produkte\F!WLAN USB\Stick AC 430 MU-MIMO\international\Booklet\2026.02,2/18/2026,2/23/2026,2/23/2026,Technical Communication,Ü-fertig,Msi,
"Sales Points Liste NL,109,,Pse,NL,Angelique,,LS-Tracker,""Z:\Produkte\Texte Web, Marketing, etc\deutsch\2026.02"",2/18/2026,2/23/2026,2/25/2026,Channel Sales,geliefert,Hme,"
"20260216_Ankuendigung_FRITZ!Smart Control_350_Edition International-de.docx,495,,Apa,DE,Franziska,,LS-Tracker,""Z:\Produkte\Texte Web, Marketing, etc\deutsch\2026.02"",2/18/2026,2/18/2026,3/3/2026,Sales Marketing,geliefert,Hme,"
"PA FRITZ!Smart Control 350 Edition International,495,,Apa,EN,Lisa,,LS-Tracker,""Z:\Produkte\Texte Web, Marketing, etc\deutsch\2026.02"",2/18/2026,3/3/2026,3/3/2026,Sales Marketing,geliefert,Hme,"
"PA FRITZ!Smart Control 350 Edition International,495,,Apa,IT,Cristina,Laura,LS-Tracker,""Z:\Produkte\Texte Web, Marketing, etc\deutsch\2026.02"",2/18/2026,3/3/2026,3/3/2026,Sales Marketing,geliefert,Hme,"
"PA FRITZ!Smart Control 350 Edition International,495,,Apa,NL,Marion,Angelique,LS-Tracker,""Z:\Produkte\Texte Web, Marketing, etc\deutsch\2026.02"",2/18/2026,3/3/2026,3/3/2026,Sales Marketing,geliefert,Hme,"
"PA FRITZ!Smart Control 350 Edition International,495,,Apa,FR,Marie,Martine,LS-Tracker,""Z:\Produkte\Texte Web, Marketing, etc\deutsch\2026.02"",2/18/2026,3/3/2026,3/3/2026,Sales Marketing,geliefert,Hme,"
"PA FRITZ!Smart Control 350 Edition International,495,,Apa,ES,Alba,Helena,LS-Tracker,""Z:\Produkte\Texte Web, Marketing, etc\deutsch\2026.02"",2/18/2026,3/3/2026,3/3/2026,Sales Marketing,geliefert,Hme,"
"PA FRITZ!Smart Control 350 Edition International,495,,Apa,PL,Yabylon,,LS-Tracker,""Z:\Produkte\Texte Web, Marketing, etc\deutsch\2026.02"",2/18/2026,3/3/2026,3/3/2026,Sales Marketing,geliefert,Hme,"
"PI FRITZ! auf dem MWC 2026_4.docx,1858,,Dhr,DE,Franziska,,LS-Tracker,""Z:\Produkte\Texte Web, Marketing, etc\deutsch\2026.02"",2/19/2026,2/19/2026,2/20/2026,Corporate Communications,geliefert,Hme,"
"PI FRITZ! auf dem MWC 2026_4.docx,1858,,Dhr,EN,Susan/Lisa,,LS-Tracker,""Z:\Produkte\Texte Web, Marketing, etc\deutsch\2026.02"",2/19/2026,2/19/2026,2/20/2026,Corporate Communications,geliefert,Hme,"
section.customers_translations-[Sprache]-ONLINE_STORE_THEME.json,,,CST,EN,Lisa,,LS-Tracker,Z:\Produkte\FRITZ!com\2026.02\KW08\Übersetzungen,2/19/2026,2/20/2026,2/20/2026,D2C Ecommerce,geliefert,Lbo,
section.customers_translations-[Sprache]-ONLINE_STORE_THEME.json,,,CST,ES,Alba,,LS-Tracker,Z:\Produkte\FRITZ!com\2026.02\KW08\Übersetzungen,2/19/2026,2/20/2026,2/20/2026,D2C Ecommerce,geliefert,Lbo,
section.customers_translations-[Sprache]-ONLINE_STORE_THEME.json,,,CST,FR,Martine,,LS-Tracker,Z:\Produkte\FRITZ!com\2026.02\KW08\Übersetzungen,2/19/2026,2/20/2026,2/20/2026,D2C Ecommerce,geliefert,Lbo,
section.customers_translations-[Sprache]-ONLINE_STORE_THEME.json,,,CST,IT,Laura,,LS-Tracker,Z:\Produkte\FRITZ!com\2026.02\KW08\Übersetzungen,2/19/2026,2/20/2026,2/20/2026,D2C Ecommerce,geliefert,Lbo,
section.customers_translations-[Sprache]-ONLINE_STORE_THEME.json,,,CST,NL,Angelique,,LS-Tracker,Z:\Produkte\FRITZ!com\2026.02\KW08\Übersetzungen,2/19/2026,2/20/2026,2/20/2026,D2C Ecommerce,geliefert,Lbo,
Wartungshinweis-de.docx,53,,HCH,EN,John,Susan,LS-Tracker,Z:\Produkte\MyFRITZ\deutsch\2026.02,2/19/2026,2/23/2026,2/26/2026,IT,geliefert,FSc,
Wartungshinweis-de.docx,53,,HCH,Es,Alba,Helena,LS-Tracker,Z:\Produkte\MyFRITZ\deutsch\2026.02,2/19/2026,2/23/2026,2/26/2026,IT,geliefert,FSc,
Wartungshinweis-de.docx,53,,HCH,Fr,Marie,,LS-Tracker,Z:\Produkte\MyFRITZ\deutsch\2026.02,2/19/2026,2/23/2026,2/26/2026,IT,geliefert,FSc,
Wartungshinweis-de.docx,53,,HCH,It,Laura,,LS-Tracker,Z:\Produkte\MyFRITZ\italienisch\2026.02,2/19/2026,2/26/2026,2/26/2026,IT,geliefert,FSc,
Wartungshinweis-de.docx,53,,HCH,Nl,Angelique,,LS-Tracker,Z:\Produkte\MyFRITZ\deutsch\2026.02,2/19/2026,2/23/2026,2/26/2026,IT,geliefert,FSc,
Blog_6825_4G_translations-en-ONLINE_STORE_THEME,,,Dbo,EN,Susan,,LS-Tracker,Z:\Produkte\FRITZ!com\2026.02\KW08\DE,2/20/2026,2/24/2026,2/24/2026,Corporate Communications,,Msi,
Blog_6825_4G_translations-es-ONLINE_STORE_THEME,,,Dbo,ES,Alba,,LS-Tracker,Z:\Produkte\FRITZ!com\2026.02\KW08\DE,2/20/2026,2/24/2026,2/24/2026,Corporate Communications,,Msi,
Blog_6825_4G_translations-fr-ONLINE_STORE_THEME,,,Dbo,FR,Marie,Martine,LS-Tracker,Z:\Produkte\FRITZ!com\2026.02\KW08\DE,2/20/2026,2/24/2026,2/24/2026,Corporate Communications,Ü-fertig,Msi,
Blog_6825_4G_translations-it-ONLINE_STORE_THEME,,,Dbo,IT,Cristina,Laura,LS-Tracker,Z:\Produkte\FRITZ!com\2026.02\KW08\DE,2/20/2026,2/24/2026,2/24/2026,Corporate Communications,,Msi,
Blog_6825_4G_translations-nl-ONLINE_STORE_THEME,,,Dbo,NL,Marion,Angelique,LS-Tracker,Z:\Produkte\FRITZ!com\2026.02\KW08\DE,2/20/2026,2/23/2026,2/24/2026,Corporate Communications,NICHT ausgecheckt,Msi,
"Channel Excellence Award.docx,90,,Pse,IT,Cristina,Laura,LS-Tracker,""Z:\Produkte\Texte Web, Marketing, etc\deutsch\2026.02"",2/20/2026,2/27/2026,2/27/2026,Channel Sales,geliefert,Hme,"
"Channel Excellence Award.docx,90,,Pse,NL,Angelique,,LS-Tracker,""Z:\Produkte\Texte Web, Marketing, etc\deutsch\2026.02"",2/20/2026,2/27/2026,2/27/2026,Channel Sales,geliefert,Hme,"
"Channel Excellence Award.docx,90,,Pse,ES,Alba,Helena,LS-Tracker,""Z:\Produkte\Texte Web, Marketing, etc\deutsch\2026.02"",2/20/2026,2/27/2026,2/27/2026,Channel Sales,geliefert,Hme,"
"MWC_Infomudul_3A-de.docx,310,,AKh,DE,Franziska,,LS-Tracker,""Z:\Produkte\Texte Web, Marketing, etc\deutsch\2026.02"",2/23/2026,2/23/2026,2/23/2026,Corporate Communications,geliefert,MSi,"
"MWC_Infomudul_3A-de.docx,310,,AKh,EN,Susan,,LS-Tracker,""Z:\Produkte\Texte Web, Marketing, etc\deutsch\2026.02"",2/23/2026,2/23/2026,2/23/2026,Corporate Communications,geliefert,MSi,"
Übersetzung Newsletter Mobilfunk Kampagne.docx,145,,Atc,EN,John,,LS-Tracker,Z:\Produkte\D2C\englisch\2026.02,2/23/2026,2/26/2026,2/27/2026,D2C Ecommerce,geliefert,Lbo,
Übersetzung Newsletter Mobilfunk Kampagne.docx,145,,ATc,ES,Alba,,LS-Tracker,Z:\Produkte\D2C\spanisch\2026.02,2/23/2026,2/26/2026,2/27/2026,D2C Ecommerce,geliefert,Lbo,
Übersetzung Newsletter Mobilfunk Kampagne.docx,145,,Atc,IT,Cristina,Laura,LS-Tracker,Z:\Produkte\D2C\italienisch\2026.02,2/23/2026,2/26/2026,2/27/2026,D2C Ecommerce,geliefert,Lbo,
Übersetzung Newsletter Mobilfunk Kampagne.docx,145,,Atc,NL,Angelique,,LS-Tracker,Z:\Produkte\FRITZ!com\2026.02\KW09\Übersetzungen,2/23/2026,2/26/2026,2/27/2026,D2C Ecommerce,geliefert,Lbo,
Amazon_20260224_translations-de.docx,993,,JBl,DE,Franziska,,LS-Tracker,Z:\Produkte\D2C\deutsch\2026.02,2/24/2026,2/24/2026,2/24/2026,D2C Ecommerce,Ü-fertig,LBo,
2026-02-24T15-11-52_PM-History-Texts.xml,,,TJa,DE,Franziska,,LS-Tracker,Z:\Produkte\F!Box allgemein\Info.txt\Release\25_Smart24-P2\2026.02,2/24/2026,2/24/2026,2/24/2026,Product Management,geliefert,FSc,
2026-02-24T15-47-18_PM-History-Texts_korr-de.xml,,,TJa,EN,Susan,,LS-Tracker,Z:\Produkte\F!Box allgemein\Info.txt\Release\25_Smart24-P2\2026.02,2/24/2026,2/24/2026,2/24/2026,Product Management,geliefert,FSc,
"Mailvorlage E-Mail-Absender fritz.com.docx,,,AKh,EN,Susan,,LS-Tracker,""Z:\Produkte\Texte Web, Marketing, etc\deutsch\2026.02"",2/24/2026,2/24/2026,2/25/2026,Corporate Communications,geliefert,Msi,"
Amazon_20260224_translations-de.docx,993,,JBl,EN,Susan,,LS-Tracker,Z:\Produkte\D2C\deutsch\2026.02,2/24/2026,2/27/2026,2/27/2026,D2C Ecommerce,geliefert,Lbo,
Amazon_20260224_translations-de.docx,993,,JBl,ES,Alba,,LS-Tracker,Z:\Produkte\D2C\deutsch\2026.02,2/24/2026,2/27/2026,2/27/2026,D2C Ecommerce,geliefert,Lbo,
Amazon_20260224_translations-de.docx,993,,JBl,FR,Marie,,LS-Tracker,Z:\Produkte\D2C\deutsch\2026.02,2/24/2026,2/27/2026,2/27/2026,D2C Ecommerce,geliefert,Lbo,
Amazon_20260224_translations-de.docx,993,,JBl,IT,Cristina,Laura,LS-Tracker,Z:\Produkte\D2C\deutsch\2026.02,2/24/2026,2/27/2026,2/27/2026,D2C Ecommerce,geliefert,Lbo,
Amazon_20260224_translations-de.docx,993,,JBl,NL,Angelique,,LS-Tracker,Z:\Produkte\D2C\deutsch\2026.02,2/24/2026,2/27/2026,2/27/2026,D2C Ecommerce,geliefert,Lbo,
Amazon_20260224_translations-de.docx,993,,JBl,PL,Yabylon,,LS-Tracker,Z:\Produkte\D2C\polnisch\2026.02\Amazon_20260224_translations,2/24/2026,2/27/2026,2/27/2026,D2C Ecommerce,geliefert,Lbo,
Business Update De März 1,,,AGi,DE,Franziska,,LS-Tracker,,2/24/2026,2/25/2026,3/2/2026,Channel Sales,geliefert,FSc,
Mobilfunk - Kampagnenplanung _ Textassets_24022026.xlsx,153,,Reg,IT,Laura,,LS-Tracker,Z:\Produkte\D2C\deutsch\2026.02,2/24/2026,3/6/2026,3/6/2026,D2C Ecommerce,geliefert,LBo,
Mobilfunk - Kampagnenplanung _ Textassets_24022026.xlsx,153,,Reg,NL,Angelique,,LS-Tracker,Z:\Produkte\D2C\deutsch\2026.02,2/24/2026,3/6/2026,3/6/2026,D2C Ecommerce,geliefert,Lbo,
Mobilfunk - Kampagnenplanung _ Textassets_24022026.xlsx,153,,Reg,ES,Helena,,LS-Tracker,Z:\Produkte\D2C\deutsch\2026.02,2/24/2026,3/6/2026,3/6/2026,D2C Ecommerce,geliefert,Lbo,
Mobilfunk - Kampagnenplanung _ Textassets_24022026_FR.xlsx,153,,Reg,FR,Marie,,LS-Tracker,Z:\Produkte\D2C\deutsch\2026.02,2/24/2026,3/6/2026,3/6/2026,D2C Ecommerce,geliefert,Lbo,
Master_App_Version_Betriebssystem,226,,Lle,Es,Helena,,LS-Tracker,Z:\International\Tico\work,2/24/2026,3/12/2026,3/26/2026,Technical Communication,importiert,Hme,
Master_App_Version_Betriebssystem,226,,Lle,EN,Susan,,LS-Tracker,Z:\International\Tico\work,2/24/2026,3/12/2026,3/26/2026,Technical Communication,importiert,Msi,
Master_App_Version_Betriebssystem,226,,Lle,IT,Laura,,LS-Tracker,Z:\International\Tico\work,2/24/2026,3/26/2026,3/26/2026,Technical Communication,,Msi,
Master_App_Version_Betriebssystem,226,,Lle,NL,Angelique,,LS-Tracker,Z:\International\Tico\work,2/24/2026,3/26/2026,3/26/2026,Technical Communication,Ü-fertig,Msi,
Master_App_Version_Betriebssystem,226,,Lle,FR,Martine,,LS-Tracker,Z:\International\Tico\work,2/24/2026,3/26/2026,3/26/2026,Technical Communication,,Msi,
DHL Express Versandhinweis_v2,58,,Rsa,ES,Alba,,LS-Tracker,Z:\Produkte\FRITZ!com\2026.02\KW09\Übersetzungen,2/24/2026,2/27/2026,2/27/2026,D2C Ecommerce,geliefert,Lbo,
DHL Express Versandhinweis_v2,58,,Rsa,FR,Martine,,LS-Tracker,Z:\Produkte\FRITZ!com\2026.02\KW09\Übersetzungen,2/24/2026,2/27/2026,2/27/2026,D2C Ecommerce,geliefert,Lbo,
DHL Express Versandhinweis_v2,58,,Rsa,IT,Laura,,LS-Tracker,Z:\Produkte\FRITZ!com\2026.02\KW09\Übersetzungen,2/24/2026,2/27/2026,2/27/2026,D2C Ecommerce,geliefert,Lbo,
DHL Express Versandhinweis_v2,58,,Rsa,NL,Angelique,,LS-Tracker,Z:\Produkte\FRITZ!com\2026.02\KW09\Übersetzungen,2/24/2026,2/27/2026,2/27/2026,D2C Ecommerce,geliefert,Lbo,
DHL Express Versandhinweis_v2,58,,Rsa,PL,,,LS-Tracker,Z:\Produkte\FRITZ!com\2026.02\KW09\Übersetzungen,2/24/2026,2/27/2026,2/27/2026,D2C Ecommerce,geliefert,Lbo,
"Inhalte MWC-Screens 2026.docx,81,,BAl,DE,Franziska,,LS-Tracker,""Z:\Produkte\Texte Web, Marketing, etc\deutsch\2026.02"",2/25/2026,2/25/2026,2/25/2026,Corporate Communications,ausgecheckt,MSi,"
"Inhalte MWC-Screens 2026.docx,81,,BAl,EN,Susan,,LS-Tracker,""Z:\Produkte\Texte Web, Marketing, etc\deutsch\2026.02"",2/25/2026,2/26/2026,2/26/2026,Corporate Communications,geliefert,MSi,"
"Ecovadis-Award-de.docx,71,,Pse,IT,Cristina,Laura,LS-Tracker,""Z:\Produkte\Texte Web, Marketing, etc\deutsch\2026.02"",2/25/2026,3/3/2026,3/3/2026,Channel Sales,geliefert,Hme,"
"Ecovadis-Award-de.docx,71,,Pse,NL,Angelique,,LS-Tracker,""Z:\Produkte\Texte Web, Marketing, etc\deutsch\2026.02"",2/25/2026,3/3/2026,3/3/2026,Channel Sales,geliefert,Hme,"
"Ecovadis-Award-de.docx,71,,Pse,ES,Alba,Helena,LS-Tracker,""Z:\Produkte\Texte Web, Marketing, etc\deutsch\2026.02"",2/25/2026,3/3/2026,3/3/2026,Channel Sales,geliefert,Hme,"
"20260225_EN_C-Level_MSD_V2.docx,272,,FMn,EN,john,,LS-Tracker,""Z:\Produkte\Texte Web, Marketing, etc\englisch\2026.03"",2/25/2026,3/2/2026,3/4/2026,Sales Marketing,geliefert,Hme,"
"FRITZ! Management Summary.pptx,,,FMn,EN,john,,LS-Tracker,""Z:\Produkte\Texte Web, Marketing, etc\englisch\2026.03"",2/25/2026,3/2/2026,3/4/2026,Sales Marketing,geliefert,Hme,"
"PP_Mailprozess.docx,914,,AGi,IT,Cristina,Laura,LS-Tracker,""Z:\Produkte\Texte Web, Marketing, etc\italienisch\2026.02"",2/25/2026,3/6/2026,3/6/2026,Channel Sales,geliefert,Hme,"
Master_App_Version_Betriebssystem,226,,Lle,PL,Yabylon,,LS-Tracker,Z:\International\Tico\work,2/25/2026,3/26/2026,3/26/2026,Technical Communication,,Msi,
MyFapp_20260226-de.xml,,,StM,DE,Carsten,Franziska,jazz,Z:\Produkte\F!Apps\FappMyF\GUI\Android\deutsch\2026.02,2/26/2026,2/26/2026,3/2/2026,User Interface & Clients,Ü-fertig,,
"NL_Award Glitching.docx,53,,Pse,Nl,Angelique,,LS-Tracker,""Z:\Produkte\Texte Web, Marketing, etc\deutsch\2026.02"",2/26/2026,3/2/2026,3/3/2026,Channel Sales,geliefert,Hme,"
"IT_Awards_Tecnogazzetta.docx,55,,Pse,IT,Cristina,Laura,LS-Tracker,""Z:\Produkte\Texte Web, Marketing, etc\italienisch\2026.02"",2/26/2026,3/2/2026,3/3/2026,Channel Sales,geliefert,Hme,"
Master_OH_FRep_M21-2026-02-26_D-00000051_T-00001000_EngineeringModules_de-DE_en-GB.xml,15653,,Cmi,EN,Susan,,LS-Tracker,Z:\International\Tico\work,2/26/2026,3/12/2026,3/17/2026,Technical Communication,importiert,,
Master_OH_FRep_M21-2026-02-26_D-00000051_T-00000999_EngineeringModules_de-DE_nl-NL.xml,,,Cmi,Nl,Angelique,,LS-Tracker,Z:\International\Tico\work,2/26/2026,3/17/2026,3/17/2026,Technical Communication,Ü-fertig,,
Master_OH_FRep_M21-2026-02-26_D-00000051_T-00000998_EngineeringModules_de-DE_it-IT.xml,,,Lle,IT,Laura,,LS-Tracker,Z:\International\Tico\work,2/26/2026,3/10/2026,3/17/2026,Technical Communication,,,
Master_OH_FRep_M21-2026-02-26_D-00000051_T-00000997_EngineeringModules_de-DE_es-ES.xml,,,Lle,Es,Helena,,LS-Tracker,Z:\International\Tico\work,2/26/2026,3/17/2026,3/17/2026,Technical Communication,importiert,,
Master_OH_FRep_M21-2026-02-26_D-00000051_T-00000996_EngineeringModules_de-DE_fr-FR.xml,,,Lle,FR,Martine,,LS-Tracker,Z:\International\Tico\work,2/26/2026,3/17/2026,3/17/2026,Technical Communication,,,
Master_OH_FB_M21-2026-02-26_D-00000020_T-00000995_EngineeringModules_de-DE_en-GB.Fragments.xml,10,,Lle,EN,Susan,,jazz,Z:\International\Tico\work,2/26/2026,3/11/2026,3/17/2026,Technical Communication,importiert,,
Master_OH_FB_M21-2026-02-26_D-00000020_T-00000995_EngineeringModules_de-DE_en-GB.xml,15653,,Lle,EN,Susan,,jazz,Z:\International\Tico\work,2/26/2026,3/11/2026,3/17/2026,Technical Communication,importiert,,
Master_OH_FB_M21-2026-02-26_D-00000020_T-00000992_EngineeringModules_de-DE_es-ES.xml,2977,,Cmi,Es,Helena,,jazz,Z:\International\Tico\work,2/26/2026,3/11/2026,3/17/2026,Technical Communication,importiert,,
Master_OH_FB_M21-2026-02-26_D-00000020_T-00000991_EngineeringModules_de-DE_fr-FR.xml,2869,,Cmi,FR,Martine,,jazz,Z:\International\Tico\work,2/26/2026,3/11/2026,3/17/2026,Technical Communication,geliefert,,
2026-02-26_D-00000079_T-00000990_EngineeringModules_de-DE_sl-SI.Fragments.xml,17,,Lle,SL,Yabylon,,LS-Tracker,Z:\International\Tico\work,2/26/2026,3/4/2026,3/25/2026,Technical Communication,,Msi,
2026-02-26_D-00000079_T-00000990_EngineeringModules_de-DE_sl-SI.xml,227,,Lle,SL,Yabylon,,LS-Tracker,Z:\International\Tico\work,2/26/2026,3/4/2026,3/25/2026,Technical Communication,,Msi,
Master_OH_FB_M21-2026-02-26_D-00000020_T-00000994_EngineeringModules_de-DE_nl-NL.xml,,,Lle,Nl,Angelique,,jazz,Z:\International\Tico\work,2/26/2026,6/9/2026,,Technical Communication,,abgebrochen,
Master_OH_FB_M21-2026-02-26_D-00000020_T-00000993_EngineeringModules_de-DE_it-IT.xml,,,Lle,IT,Laura,,jazz,Z:\International\Tico\work,2/26/2026,6/9/2026,,Technical Communication,,abgebrochen,
Verpackung_1260_Wi-Fi_Set-de.docx,182,,BAl,DE,Franziska,,LS-Tracker,Z:\Produkte\F!Powerline\1260v2_Bundle\international,2/27/2026,2/27/2026,2/27/2026,Corporate Communications,,MSi,
Verpackung_1260_Wi-Fi_Set-de.docx,182,,BAl,EN,Lisa,,LS-Tracker,Z:\Produkte\F!Powerline\1260v2_Bundle\international,2/27/2026,3/2/2026,3/3/2026,Corporate Communications,Ü-fertig,MSi,
PSP 1240E,,,Tpo,EN,,,LS-Tracker,Z:\Produkte\FRITZ!com\2026.02\KW09\Übersetzungen,2/27/2026,2/27/2026,3/6/2026,Technical Communication,,Lbo,
PSP 1240E,,,Tpo,ES,,,LS-Tracker,Z:\Produkte\FRITZ!com\2026.02\KW09\Übersetzungen,2/27/2026,2/27/2026,3/6/2026,Technical Communication,,Lbo,
PSP 1240E,,,Tpo,FR,,,LS-Tracker,Z:\Produkte\FRITZ!com\2026.02\KW09\Übersetzungen,2/27/2026,2/27/2026,3/6/2026,Technical Communication,,Lbo,
PSP 1240E,,,Tpo,IT,,,LS-Tracker,Z:\Produkte\FRITZ!com\2026.02\KW09\Übersetzungen,2/27/2026,2/27/2026,3/6/2026,Technical Communication,,Lbo,
PSP 1240E,,,Tpo,NL,,,LS-Tracker,Z:\Produkte\FRITZ!com\2026.02\KW09\Übersetzungen,2/27/2026,2/27/2026,3/6/2026,Technical Communication,,Lbo,
"4742_it-IT_internetnutzung_im_unternehmen_gezielt_steuern_20260227-102501.xml,668,,Pse,IT,Cristina,Laura,LS-Tracker,""Z:\Produkte\Texte Web, Marketing, etc\italienisch\2026.02"",2/27/2026,3/9/2026,3/9/2026,Channel Sales,geliefert,Hme,"
"4743_nl-NL_internetnutzung_im_unternehmen_gezielt_steuern_20260227-102537.xml,668,,Pse,NL,Angelique,,LS-Tracker,""Z:\Produkte\Texte Web, Marketing, etc\niederlaendisch\2026.02"",2/27/2026,3/9/2026,3/9/2026,Channel Sales,geliefert,Hme,"
"4744_es-ES_internetnutzung_im_unternehmen_gezielt_steuern_20260227-102555.xml,668,,Pse,ES,Helena,,LS-Tracker,""Z:\Produkte\Texte Web, Marketing, etc\spanisch\2026.02"",2/27/2026,3/9/2026,3/9/2026,Channel Sales,geliefert,Hme,"
Makro 4255 Nach FRITZ!OS-Update zeigen LEDs nicht korrekte Zustände in Betriebsart LAN...,87,,MBR,EN,Lisa,,LS-Tracker,Z:\Produkte\Support-Aufträge\03.2026\06.03.26,2/27/2026,3/6/2026,3/6/2026,Kundenservice 2nd Level,geliefert,Rho,
Makro 4255 Nach FRITZ!OS-Update zeigen LEDs nicht korrekte Zustände in Betriebsart LAN...,87,,MBR,IT,Laura,,LS-Tracker,Z:\Produkte\Support-Aufträge\03.2026\06.03.26,2/27/2026,3/6/2026,3/6/2026,Kundenservice 2nd Level,geliefert,Rho,
Makro 4255 Nach FRITZ!OS-Update zeigen LEDs nicht korrekte Zustände in Betriebsart LAN...,87,,MBR,NL,Angelique,,LS-Tracker,Z:\Produkte\Support-Aufträge\03.2026\06.03.26,2/27/2026,3/6/2026,3/6/2026,Kundenservice 2nd Level,geliefert,Rho,
Makro 4255 Nach FRITZ!OS-Update zeigen LEDs nicht korrekte Zustände in Betriebsart LAN...,87,,MBR,ES,Helena,,LS-Tracker,Z:\Produkte\Support-Aufträge\03.2026\11.03.26,2/27/2026,3/11/2026,3/6/2026,Kundenservice 2nd Level,geliefert,Rho,
FappBoxSetup_20260301-de.xliff,1775,,RWr,DE,Carsten,Franziska,jazz,Z:\Produkte\F!Apps\FappBoxSetup\deutsch\2026.03,3/2/2026,3/2/2026,3/2/2026,User Interface & Clients,geliefert,FSc,
MyFapp_20260301-de.xliff,12043,,KNu,DE,Carsten,Franziska,jazz,Z:\Produkte\F!Apps\FappMyF\GUI\iOS\deutsch\2026.03,3/2/2026,3/3/2026,3/3/2026,User Interface & Clients,geliefert,FSc,
MyFapp_20260226-de.xml,190892,,StM,EN,Susan,,jazz,Z:\Produkte\F!Apps\FappMyF\GUI\Android\deutsch\2026.02,3/2/2026,3/5/2026,3/4/2026,User Interface & Clients,geliefert,FSc,
MyFapp_20260226-de.xml,190892,,StM,Es,Helena,,jazz,Z:\Produkte\F!Apps\FappMyF\GUI\Android\deutsch\2026.02,3/2/2026,3/5/2026,3/4/2026,User Interface & Clients,geliefert,FSc,
MyFapp_20260226-de.xml,190892,,StM,Fr,Marie,,jazz,Z:\Produkte\F!Apps\FappMyF\GUI\Android\deutsch\2026.02,3/2/2026,3/5/2026,3/4/2026,User Interface & Clients,geliefert,FSc,
MyFapp_20260226-de.xml,190892,,StM,It,Laura,,jazz,Z:\Produkte\F!Apps\FappMyF\GUI\Android\italienisch\2026.02,3/2/2026,3/5/2026,3/4/2026,User Interface & Clients,geliefert,FSc,
MyFapp_20260226-de.xml,190892,,StM,Nl,Angelique,,jazz,Z:\Produkte\F!Apps\FappMyF\GUI\Android\deutsch\2026.02,3/2/2026,3/5/2026,3/4/2026,User Interface & Clients,geliefert,FSc,
MyFapp_20260226-de.xml,190892,,StM,Pl,Yabylon,,jazz,Z:\Produkte\F!Apps\FappMyF\GUI\Android\deutsch\2026.02,3/2/2026,3/5/2026,3/5/2026,User Interface & Clients,geliefert,FSc,
MyFapp_20260226-de.xml,190892,,StM,SL,Yabylon,,jazz,Z:\Produkte\F!Apps\FappMyF\GUI\Android\deutsch\2026.02,3/2/2026,3/5/2026,3/5/2026,User Interface & Clients,geliefert,FSc,
2026-03-03T15-21-28_PM-History-Texts.xml,,,TJa,DE,Franziska,,LS-Tracker,Z:\Produkte\F!Box allgemein\Info.txt\Release\25_Smart24-P2\2026.03,3/3/2026,3/3/2026,3/3/2026,Product Management,geliefert,FSc,
2026-03-03T16-23-02_PM-History-Texts_korr-de.xml,,,TJa,EN,Lisa,,LS-Tracker,Z:\Produkte\F!Box allgemein\Info.txt\Release\25_Smart24-P2\2026.03,3/3/2026,3/3/2026,3/4/2026,Product Management,geliefert,FSc,
"Screens L&B 2026_de.docx,508,,BAl,DE,Franziska,,LS-Tracker,""Z:\Produkte\Texte Web, Marketing, etc\deutsch\2026.03"",3/3/2026,3/3/2026,3/5/2026,Corporate Communications,geliefert,MSi,"
"Screens L&B 2026_de.docx,508,,BAl,EN,Lisa,,LS-Tracker,""Z:\Produkte\Texte Web, Marketing, etc\deutsch\2026.02"",3/3/2026,3/4/2026,3/5/2026,Corporate Communications,Ü-fertig,MSi,"
Hinweistext bei Anmeldung zum Newsletter.docx,88,,Atc,EN,Susan,,LS-Tracker,Z:\Produkte\D2C\deutsch\2026.03,3/3/2026,3/4/2026,3/5/2026,D2C Ecommerce,geliefert,Lbo,
Hinweistext bei Anmeldung zum Newsletter.docx,88,,ATc,IT,Cristina,Laura,LS-Tracker,Z:\Produkte\D2C\deutsch\2026.03,3/3/2026,3/4/2026,3/5/2026,D2C Ecommerce,geliefert,Lbo,
Hinweistext bei Anmeldung zum Newsletter.docx,88,,Atc,NL,Angelique,,LS-Tracker,Z:\Produkte\D2C\deutsch\2026.03,3/3/2026,3/4/2026,3/5/2026,D2C Ecommerce,geliefert,Lbo,
Hinweistext bei Anmeldung zum Newsletter.docx,88,,Atc,FR,Marie,Martine,LS-Tracker,Z:\Produkte\D2C\deutsch\2026.03,3/3/2026,3/4/2026,3/5/2026,D2C Ecommerce,geliefert,Lbo,
Hinweistext bei Anmeldung zum Newsletter.docx,88,,Atc,ES,Helena,,LS-Tracker,Z:\Produkte\D2C\spanisch\2026.03,3/3/2026,3/4/2026,3/5/2026,D2C Ecommerce,geliefert,Lbo,
Failsafe Bundle auf EN,,,Lca,EN,John,,LS-Tracker,Z:\Produkte\FRITZ!com\2026.03\KW10\Übersetzungen,3/3/2026,3/4/2026,3/5/2026,D2C Ecommerce,geliefert,Lbo,
Neue Hinweise in E-Mail Footer.docx,50,,Atc,EN,John,,LS-Tracker,Z:\Produkte\D2C\deutsch\2026.03,3/3/2026,3/4/2026,3/5/2026,D2C Ecommerce,geliefert,Lbo,
Neue Hinweise in E-Mail Footer.docx,50,,Atc,IT,Laura,,LS-Tracker,Z:\Produkte\D2C\deutsch\2026.03,3/3/2026,3/4/2026,3/5/2026,D2C Ecommerce,geliefert,Lbo,
Neue Hinweise in E-Mail Footer.docx,50,,Atc,NL,Angelique,,LS-Tracker,Z:\Produkte\D2C\deutsch\2026.03,3/3/2026,3/4/2026,3/5/2026,D2C Ecommerce,geliefert,Lbo,
Neue Hinweise in E-Mail Footer.docx,50,,Atc,FR,Martine,,LS-Tracker,Z:\Produkte\D2C\deutsch\2026.03,3/3/2026,3/4/2026,3/5/2026,D2C Ecommerce,geliefert,Lbo,
Neue Hinweise in E-Mail Footer.docx,50,,Atc,ES,Helena,,LS-Tracker,Z:\Produkte\D2C\spanisch\2026.03,3/3/2026,3/4/2026,3/5/2026,D2C Ecommerce,geliefert,Lbo,
Translations_Easter-Spring Deals_Banner_de.docx,23,,Kgo,EN,Susan,,LS-Tracker,Z:\Produkte\D2C\deutsch\2026.03,3/3/2026,3/6/2026,3/6/2026,D2C Ecommerce,geliefert,Lbo,
Translations_Easter-Spring Deals_Banner_de.docx,23,,Kgo,ES,Helena,,LS-Tracker,Z:\Produkte\D2C\spanisch\2026.03,3/3/2026,3/6/2026,3/6/2026,D2C Ecommerce,geliefert,Lbo,
Translations_Easter-Spring Deals_Banner_de.docx,23,,Kgo,FR,Marie,Martine,LS-Tracker,Z:\Produkte\D2C\deutsch\2026.03,3/3/2026,3/6/2026,3/6/2026,D2C Ecommerce,geliefert,Lbo,
Translations_Easter-Spring Deals_Banner_de.docx,23,,Kgo,IT,Cristina,Laura,LS-Tracker,Z:\Produkte\D2C\deutsch\2026.03,3/3/2026,3/6/2026,3/6/2026,D2C Ecommerce,geliefert,Lbo,
Translations_Easter-Spring Deals_Banner_de.docx,23,,Kgo,NL,Angelique,,LS-Tracker,Z:\Produkte\D2C\deutsch\2026.03,3/3/2026,3/6/2026,3/6/2026,D2C Ecommerce,geliefert,Lbo,
MyFapp_20260303-de-ES.xliff,12043,,KNu,Es,Helena,,jazz,Z:\Produkte\F!Apps\FappMyF\GUI\iOS\spanisch\2026.03,3/3/2026,3/9/2026,3/6/2026,User Interface & Clients,geliefert,FSc,
MyFapp_20260303-de-FR.xliff,12043,,KNu,Fr,Marie,,jazz,Z:\Produkte\F!Apps\FappMyF\GUI\iOS\franzoesisch\2026.03,3/3/2026,3/9/2026,3/6/2026,User Interface & Clients,geliefert,FSc,
MyFapp_20260303-de-IT.xliff,12043,,KNu,It,Laura,,jazz,Z:\Produkte\F!Apps\FappMyF\GUI\iOS\italienisch\2026.03,3/3/2026,3/9/2026,3/6/2026,User Interface & Clients,geliefert,FSc,
MyFapp_20260303-de-NL.xliff,12043,,KNu,Nl,Angelique,,jazz,Z:\Produkte\F!Apps\FappMyF\GUI\iOS\niederlaendisch\2026.03,3/3/2026,3/9/2026,3/6/2026,User Interface & Clients,geliefert,FSc,
MyFapp_20260303-de-PL.xliff,12043,,KNu,Pl,Yabylon,,jazz,Z:\Produkte\F!Apps\FappMyF\GUI\iOS\polnisch\2026.03,3/3/2026,3/9/2026,3/6/2026,User Interface & Clients,geliefert,FSc,
MyFapp_20260303-de-SL.xliff,12043,,KNu,SL,Yabylon,,jazz,Z:\Produkte\F!Apps\FappMyF\GUI\iOS\slowenisch\2026.03,3/3/2026,3/9/2026,3/6/2026,User Interface & Clients,geliefert,FSc,
MyFapp_20260303-de-US.xliff,12043,,KNu,EN,Susan,,jazz,Z:\Produkte\F!Apps\FappMyF\GUI\iOS\englisch\2026.03,3/3/2026,3/9/2026,3/6/2026,User Interface & Clients,geliefert,FSc,
FRITZ!_für_Unternehmen-translations-en-ONLINE_STORE_THEME.json,,,LCa,EN,John,,LS-Tracker,Z:\Produkte\FRITZ!com\2026.03\KW10\Übersetzungen,3/4/2026,3/5/2026,3/5/2026,D2C Ecommerce,,Lbo,
FRITZ!_für_Unternehmen-translations-en-PAGE.json,,,Lca,EN,john,,LS-Tracker,Z:\Produkte\FRITZ!com\2026.03\KW10\Übersetzungen,3/4/2026,3/5/2026,3/5/2026,D2C Ecommerce,,Lbo,
FappBoxSetup_20260304-de-ES.xliff,1755,,RWr,Es,Helena,,jazz,Z:\Produkte\F!Apps\FappBoxSetup\spanisch\2026.03,3/4/2026,3/5/2026,3/5/2026,User Interface & Clients,geliefert,FSc,
FappBoxSetup_20260304-de-FR.xliff,1755,,RWr,Fr,Marie,,jazz,Z:\Produkte\F!Apps\FappBoxSetup\franzoesisch\2026.03,3/4/2026,3/5/2026,3/5/2026,User Interface & Clients,geliefert,FSc,
FappBoxSetup_20260304-de-IT.xliff,1755,,RWr,It,Laura,,jazz,Z:\Produkte\F!Apps\FappBoxSetup\italienisch\2026.03,3/4/2026,3/5/2026,3/5/2026,User Interface & Clients,geliefert,FSc,
FappBoxSetup_20260304-de-NL.xliff,1755,,RWr,Nl,Angelique,,jazz,Z:\Produkte\F!Apps\FappBoxSetup\niederlaendisch\2026.03,3/4/2026,3/5/2026,3/5/2026,User Interface & Clients,geliefert,FSc,
FappBoxSetup_20260304-de-PL.xliff,1755,,RWr,Pl,Yabylon,,jazz,Z:\Produkte\F!Apps\FappBoxSetup\polnisch\2026.03,3/4/2026,3/5/2026,3/5/2026,User Interface & Clients,geliefert,FSc,
FappBoxSetup_20260304-de-SL.xliff,1755,,RWr,SL,Yabylon,,jazz,Z:\Produkte\F!Apps\FappBoxSetup\slowenisch\2026.03,3/4/2026,3/5/2026,3/5/2026,User Interface & Clients,geliefert,FSc,
FappBoxSetup_20260304-de-US.xliff,1755,,RWr,EN,Lisa,,jazz,Z:\Produkte\F!Apps\FappBoxSetup\englisch\2026.03,3/4/2026,3/5/2026,3/5/2026,User Interface & Clients,geliefert,FSc,
B2B-translations-en-METAOBJECT.json,,,Lca,EN,Susan,,LS-Tracker,Z:\Produkte\FRITZ!com\2026.03\KW10\Übersetzungen,3/4/2026,3/5/2026,3/5/2026,D2C Ecommerce,,Lbo,
B2B-translations-en-ONLINE_STORE_THEME.json,,,Lca,EN,Susan,,LS-Tracker,Z:\Produkte\FRITZ!com\2026.03\KW10\Übersetzungen,3/4/2026,3/5/2026,3/5/2026,D2C Ecommerce,,Lbo,
INT_Booklet_6700_[DE]_yabylon.idml,1700,,Cmi,DA,Yabylon,,LS-Tracker,Z:\Produkte\F!WLAN USB\Stick 6700\INT\2026.02_2\LS,3/4/2026,3/9/2026,3/9/2026,Technical Communication,geliefert,MSi,
INT_Booklet_6700_[DE]_yabylon.idml,1700,,Cmi,SV,Yabylon,,LS-Tracker,Z:\Produkte\F!WLAN USB\Stick 6700\INT\2026.02_2\LS,3/4/2026,3/9/2026,3/9/2026,Technical Communication,geliefert,MSi,
INT_Booklet_6700_[DE]_yabylon.idml,1700,,Cmi,DA,Yabylon,,LS-Tracker,Z:\Produkte\F!WLAN USB\Stick 6700\INT\2026.02_2\LS,3/4/2026,3/9/2026,3/9/2026,Technical Communication,geliefert,MSi,
INT_Booklet_6700_[DE]_yabylon.idml,1700,,Cmi,FI,Yabylon,,LS-Tracker,Z:\Produkte\F!WLAN USB\Stick 6700\INT\2026.02_2\LS,3/4/2026,3/9/2026,3/9/2026,Technical Communication,geliefert,MSi,
"dc-dsgvo.docx,110,,JKS,FR,Martine,,LS-Tracker,""""""Z:\Produkte\Support-Aufträge\03.2026\06.03.26"",3/4/2026,3/6/2026,3/13/2026,Kundenservice,geliefert,Rho,"
"PI_FRITZ_auf_der_L-B_1.docx,552,,Dhr,DE,Franziska,,LS-Tracker,""Z:\Produkte\Texte Web, Marketing, etc\deutsch\2026.03"",3/5/2026,3/6/2026,3/6/2026,Corporate Communications,,MSi,"
"PI_FRITZ_auf_der_L-B_1.docx,552,,Dhr,EN,Lisa,,LS-Tracker,""Z:\Produkte\Texte Web, Marketing, etc\deutsch\2026.03"",3/5/2026,3/6/2026,3/6/2026,Corporate Communications,Ü-fertig,MSi,"
FappSH_20260305-de.xml,15800,,LHe,DE,Carsten,Franziska,jazz,Z:\Produkte\F!Apps\FappSmartHome\GUI\Android\deutsch\2026.03,3/5/2026,3/10/2026,3/10/2026,User Interface & Clients,geliefert,FSc,
Changelogs.docx,106,,LHe,EN,Susan,,156115 + 155855,Z:\Produkte\F!Apps\Apps_allgemein,3/5/2026,3/10/2026,3/11/2026,User Interface & Clients,geliefert,FSc,
Changelogs.docx,106,,LHe,Es,Helena,,156115 + 155855,Z:\Produkte\F!Apps\Apps_allgemein,3/5/2026,3/10/2026,3/11/2026,User Interface & Clients,geliefert,FSc,
Changelogs.docx,106,,LHe,Fr,Marie,,156115 + 155855,Z:\Produkte\F!Apps\Apps_allgemein,3/5/2026,3/10/2026,3/11/2026,User Interface & Clients,geliefert,FSc,
Changelogs.docx,106,,LHe,It,Laura,,156115 + 155855,Z:\Produkte\F!Apps\Apps_allgemein,3/5/2026,3/10/2026,3/11/2026,User Interface & Clients,geliefert,FSc,
Changelogs.docx,106,,LHe,Nl,Angelique,,156115 + 155855,Z:\Produkte\F!Apps\Apps_allgemein,3/5/2026,3/10/2026,3/11/2026,User Interface & Clients,geliefert,FSc,
Changelogs.docx,106,,LHe,Pl,Yabylon,,156115 + 155855,Z:\Produkte\F!Apps\Apps_allgemein,3/5/2026,3/10/2026,3/11/2026,User Interface & Clients,geliefert,FSc,
Changelogs.docx,106,,LHe,SL,Yabylon,,156115 + 155855,Z:\Produkte\F!Apps\Apps_allgemein,3/5/2026,3/10/2026,3/11/2026,User Interface & Clients,geliefert,FSc,
"Newsletterhinweis.docx,166,,Pse,NL,Angelique,,LS-Tracker,""Z:\Produkte\Texte Web, Marketing, etc\deutsch\2026.03"",3/5/2026,3/10/2026,3/12/2026,Channel Sales,geliefert,Hme,"
"Newsletterhinweis.docx,166,,Pse,IT,Helena,,LS-Tracker,""Z:\Produkte\Texte Web, Marketing, etc\deutsch\2026.03"",3/5/2026,3/10/2026,3/12/2026,Channel Sales,geliefert,Hme,"
translations-[Sprache]-PRODUCT.json,,,CST,EN,John,,LS-Tracker,Z:\Produkte\FRITZ!com\2026.03\KW10,3/5/2026,3/12/2026,3/13/2026,D2C Ecommerce,geliefert,Lbo,
translations-[Sprache]-PRODUCT.json,,,CST,ES,Helena,,LS-Tracker,Z:\Produkte\FRITZ!com\2026.03\KW10,3/5/2026,3/10/2026,3/13/2026,D2C Ecommerce,geliefert,Lbo,
translations-[Sprache]-PRODUCT.json,,,CST,FR,Martine,,LS-Tracker,Z:\Produkte\FRITZ!com\2026.03\KW10,3/5/2026,3/12/2026,3/13/2026,D2C Ecommerce,geliefert,Lbo,
translations-[Sprache]-PRODUCT.json,,,CST,IT,Laura,,LS-Tracker,Z:\Produkte\FRITZ!com\2026.03\KW10,3/5/2026,3/12/2026,3/13/2026,D2C Ecommerce,geliefert,Lbo,
translations-[Sprache]-PRODUCT.json,,,CST,NL,Angelique,,LS-Tracker,Z:\Produkte\FRITZ!com\2026.03\KW10,3/5/2026,3/12/2026,3/13/2026,D2C Ecommerce,geliefert,Lbo,
translations-[Sprache]-METAFIELD.json,,,CST,EN,John,,LS-Tracker,Z:\Produkte\FRITZ!com\2026.03\KW10,3/5/2026,3/12/2026,3/13/2026,D2C Ecommerce,geliefert,Lbo,
translations-[Sprache]-METAFIELD.json,,,CST,ES,Helena,,LS-Tracker,Z:\Produkte\FRITZ!com\2026.03\KW10,3/5/2026,3/10/2026,3/13/2026,D2C Ecommerce,geliefert,Lbo,
translations-[Sprache]-METAFIELD.json,,,CST,FR,Martine,,LS-Tracker,Z:\Produkte\FRITZ!com\2026.03\KW10,3/5/2026,3/12/2026,3/13/2026,D2C Ecommerce,geliefert,Lbo,
translations-[Sprache]-METAFIELD.json,,,CST,IT,Laura,,LS-Tracker,Z:\Produkte\FRITZ!com\2026.03\KW10,3/5/2026,3/12/2026,3/13/2026,D2C Ecommerce,geliefert,Lbo,
translations-[Sprache]-METAFIELD.json,,,CST,NL,Angelique,,LS-Tracker,Z:\Produkte\FRITZ!com\2026.03\KW10,3/5/2026,3/12/2026,3/13/2026,D2C Ecommerce,geliefert,Lbo,
PDP_7682_7632-translations-[Sprache]-METAOBJECT.json,,,CST,EN,John,,LS-Tracker,Z:\Produkte\FRITZ!com\2026.03\KW10,3/5/2026,3/12/2026,3/13/2026,D2C Ecommerce,geliefert,Lbo,
PDP_7682_7632-translations-[Sprache]-METAOBJECT.json,,,CST,ES,Helena,,LS-Tracker,Z:\Produkte\FRITZ!com\2026.03\KW10,3/5/2026,3/10/2026,3/13/2026,D2C Ecommerce,geliefert,Lbo,
PDP_7682_7632-translations-[Sprache]-METAOBJECT.json,,,CST,FR,Martine,,LS-Tracker,Z:\Produkte\FRITZ!com\2026.03\KW10,3/5/2026,3/12/2026,3/13/2026,D2C Ecommerce,geliefert,Lbo,
PDP_7682_7632-translations-[Sprache]-METAOBJECT.json,,,CST,IT,Laura,,LS-Tracker,Z:\Produkte\FRITZ!com\2026.03\KW10,3/5/2026,3/12/2026,3/13/2026,D2C Ecommerce,geliefert,Lbo,
PDP_7682_7632-translations-[Sprache]-METAOBJECT.json,,,CST,NL,Angelique,,LS-Tracker,Z:\Produkte\FRITZ!com\2026.03\KW10,3/5/2026,3/12/2026,3/13/2026,D2C Ecommerce,geliefert,Lbo,
PDP_7682_7632-translations-[Sprache]-ONLINE_STORE_THEME.json,,,CST,EN,John,,LS-Tracker,Z:\Produkte\FRITZ!com\2026.03\KW10,3/5/2026,3/12/2026,3/13/2026,D2C Ecommerce,geliefert,Lbo,
PDP_7682_7632-translations-[Sprache]-ONLINE_STORE_THEME.json,,,CST,ES,Helena,,LS-Tracker,Z:\Produkte\FRITZ!com\2026.03\KW10,3/5/2026,3/10/2026,3/13/2026,D2C Ecommerce,geliefert,Lbo,
PDP_7682_7632-translations-[Sprache]-ONLINE_STORE_THEME.json,,,CST,FR,Martine,,LS-Tracker,Z:\Produkte\FRITZ!com\2026.03\KW10,3/5/2026,3/12/2026,3/13/2026,D2C Ecommerce,geliefert,Lbo,
PDP_7682_7632-translations-[Sprache]-ONLINE_STORE_THEME.json,,,CST,IT,Laura,,LS-Tracker,Z:\Produkte\FRITZ!com\2026.03\KW10,3/5/2026,3/12/2026,3/13/2026,D2C Ecommerce,geliefert,Lbo,
PDP_7682_7632-translations-[Sprache]-ONLINE_STORE_THEME.json,,,CST,NL,Angelique,,LS-Tracker,Z:\Produkte\FRITZ!com\2026.03\KW10,3/5/2026,3/12/2026,3/13/2026,D2C Ecommerce,geliefert,Lbo,
Verpackung3000AX-Int_de.docx,160,,Bal,DE,Franziska,,LS-Tracker,Z:\Produkte\F!WLAN Repeater\FRITZ!Repeater 3000 AX\deutsch\Verpackung,3/6/2026,3/6/2026,3/10/2026,Corporate Communications,geliefert,MSi,
Verpackung3000AX-Int_de.docx,160,,Bal,EN,Lisa,,LS-Tracker,Z:\Produkte\F!WLAN Repeater\FRITZ!Repeater 3000 AX\deutsch\Verpackung,3/6/2026,3/10/2026,3/10/2026,Corporate Communications,Ü-fertig,MSi,
Beglaubigte Übersetzung Handelsregisterauszug,,,JRI,EN,Yabylon,,LS-Tracker,Z:\Produkte\Einleger und juristische Texte\Handelsregisterauszug_HRB 111009 B,3/9/2026,3/11/2026,3/11/2026,Finance,geliefert,Hme,
Amazon Seller Homepage Germany - Help.docx,2076,,Tgo,IT,Cristina,Laura,LS-Tracker,Z:\Produkte\Einleger und juristische Texte\Amazon Seller Italy Hompepage legal feedback request,3/9/2026,3/13/2026,3/13/2026,Corporate Legal,geliefert,Hme,
Amazon Seller Homepage Germany Delivery Policy.docx,522,,Tgo,IT,Cristina,Laura,LS-Tracker,Z:\Produkte\Einleger und juristische Texte\Amazon Seller Italy Hompepage legal feedback request,3/9/2026,3/13/2026,3/13/2026,Corporate Legal,geliefert,Hme,
Amazon Seller Homepage Germany Other policies.docx,1798,,Tgo,IT,Cristina,Laura,LS-Tracker,Z:\Produkte\Einleger und juristische Texte\Amazon Seller Italy Hompepage legal feedback request,3/9/2026,3/13/2026,3/13/2026,Corporate Legal,geliefert,Hme,
amazon Seller Homepage Germany Refunds Policy.docx,641,,Tgo,IT,Cristina,Laura,LS-Tracker,Z:\Produkte\Einleger und juristische Texte\Amazon Seller Italy Hompepage legal feedback request,3/9/2026,3/13/2026,3/13/2026,Corporate Legal,geliefert,Hme,
Amazon Seller Homepage Germany.docx,230,,Tgo,IT,Cristina,Laura,LS-Tracker,Z:\Produkte\Einleger und juristische Texte\Amazon Seller Italy Hompepage legal feedback request,3/9/2026,3/13/2026,3/13/2026,Corporate Legal,geliefert,Hme,
Amazon Seller Homepage Germany - Help.docx,2076,,Tgo,ES,Alba,Helena,LS-Tracker,Z:\Produkte\Einleger und juristische Texte\Amazon Seller Italy Hompepage legal feedback request,3/9/2026,3/13/2026,3/13/2026,Corporate Legal,geliefert,Hme,
Amazon Seller Homepage Germany Delivery Policy.docx,522,,Tgo,ES,Alba,Helena,LS-Tracker,Z:\Produkte\Einleger und juristische Texte\Amazon Seller Italy Hompepage legal feedback request,3/9/2026,3/13/2026,3/13/2026,Corporate Legal,geliefert,Hme,
Amazon Seller Homepage Germany Other policies.docx,1798,,Tgo,ES,Alba,Helena,LS-Tracker,Z:\Produkte\Einleger und juristische Texte\Amazon Seller Italy Hompepage legal feedback request,3/9/2026,3/13/2026,3/13/2026,Corporate Legal,geliefert,Hme,
amazon Seller Homepage Germany Refunds Policy.docx,641,,Tgo,ES,Alba,Helena,LS-Tracker,Z:\Produkte\Einleger und juristische Texte\Amazon Seller Italy Hompepage legal feedback request,3/9/2026,3/13/2026,3/13/2026,Corporate Legal,geliefert,Hme,
Amazon Seller Homepage Germany.docx,230,,Tgo,ES,Alba,Helena,LS-Tracker,Z:\Produkte\Einleger und juristische Texte\Amazon Seller Italy Hompepage legal feedback request,3/9/2026,3/13/2026,3/13/2026,Corporate Legal,geliefert,Hme,
Amazon Seller Homepage Germany - Help.docx,2076,,Tgo,NL,Angelique,,LS-Tracker,Z:\Produkte\Einleger und juristische Texte\Amazon Seller Italy Hompepage legal feedback request,3/9/2026,3/13/2026,3/13/2026,Corporate Legal,geliefert,Hme,
Amazon Seller Homepage Germany Delivery Policy.docx,522,,Tgo,NL,Angelique,,LS-Tracker,Z:\Produkte\Einleger und juristische Texte\Amazon Seller Italy Hompepage legal feedback request,3/9/2026,3/13/2026,3/13/2026,Corporate Legal,geliefert,Hme,
Amazon Seller Homepage Germany Other policies.docx,1798,,Tgo,NL,Angelique,,LS-Tracker,Z:\Produkte\Einleger und juristische Texte\Amazon Seller Italy Hompepage legal feedback request,3/9/2026,3/13/2026,3/13/2026,Corporate Legal,geliefert,Hme,
amazon Seller Homepage Germany Refunds Policy.docx,641,,Tgo,NL,Angelique,,LS-Tracker,Z:\Produkte\Einleger und juristische Texte\Amazon Seller Italy Hompepage legal feedback request,3/9/2026,3/13/2026,3/13/2026,Corporate Legal,geliefert,Hme,
Amazon Seller Homepage Germany.docx,230,,Tgo,NL,Angelique,,LS-Tracker,Z:\Produkte\Einleger und juristische Texte\Amazon Seller Italy Hompepage legal feedback request,3/9/2026,3/13/2026,3/13/2026,Corporate Legal,geliefert,Hme,
Amazon Seller Homepage Germany - Help.docx,2076,,Tgo,PL,Yabylon,,LS-Tracker,Z:\Produkte\Einleger und juristische Texte\Amazon Seller Italy Hompepage legal feedback request,3/9/2026,3/13/2026,3/13/2026,Corporate Legal,geliefert,Hme,
Amazon Seller Homepage Germany Delivery Policy.docx,522,,Tgo,PL,Yabylon,,LS-Tracker,Z:\Produkte\Einleger und juristische Texte\Amazon Seller Italy Hompepage legal feedback request,3/9/2026,3/13/2026,3/13/2026,Corporate Legal,geliefert,Hme,
Amazon Seller Homepage Germany Other policies.docx,1798,,Tgo,PL,Yabylon,,LS-Tracker,Z:\Produkte\Einleger und juristische Texte\Amazon Seller Italy Hompepage legal feedback request,3/9/2026,3/13/2026,3/13/2026,Corporate Legal,geliefert,Hme,
amazon Seller Homepage Germany Refunds Policy.docx,641,,Tgo,PL,Yabylon,,LS-Tracker,Z:\Produkte\Einleger und juristische Texte\Amazon Seller Italy Hompepage legal feedback request,3/9/2026,3/13/2026,3/13/2026,Corporate Legal,geliefert,Hme,
Amazon Seller Homepage Germany.docx,230,,Tgo,PL,Yabylon,,LS-Tracker,Z:\Produkte\Einleger und juristische Texte\Amazon Seller Italy Hompepage legal feedback request,3/9/2026,3/13/2026,3/13/2026,Corporate Legal,geliefert,Hme,
Amazon Seller Homepage Germany - Help.docx,2076,,Tgo,FR,Marie,,LS-Tracker,Z:\Produkte\Einleger und juristische Texte\Amazon Seller Italy Hompepage legal feedback request,3/9/2026,3/13/2026,3/13/2026,Corporate Legal,geliefert,Hme,
Amazon Seller Homepage Germany Delivery Policy.docx,522,,Tgo,FR,Marie,,LS-Tracker,Z:\Produkte\Einleger und juristische Texte\Amazon Seller Italy Hompepage legal feedback request,3/9/2026,3/13/2026,3/13/2026,Corporate Legal,geliefert,Hme,
Amazon Seller Homepage Germany Other policies.docx,1798,,Tgo,FR,Marie,,LS-Tracker,Z:\Produkte\Einleger und juristische Texte\Amazon Seller Italy Hompepage legal feedback request,3/9/2026,3/13/2026,3/13/2026,Corporate Legal,geliefert,Hme,
amazon Seller Homepage Germany Refunds Policy.docx,641,,Tgo,FR,Marie,,LS-Tracker,Z:\Produkte\Einleger und juristische Texte\Amazon Seller Italy Hompepage legal feedback request,3/9/2026,3/13/2026,3/13/2026,Corporate Legal,geliefert,Hme,
Amazon Seller Homepage Germany.docx,230,,Tgo,FR,Marie,,LS-Tracker,Z:\Produkte\Einleger und juristische Texte\Amazon Seller Italy Hompepage legal feedback request,3/9/2026,3/13/2026,3/13/2026,Corporate Legal,geliefert,Hme,
2026-03-10T15-06-38_PM-History-Texts.xml,,,TJa,DE,Franziska,,LS-Tracker,Z:\Produkte\F!Box allgemein\Info.txt\Release\25_Smart24-P2\2026.03,3/10/2026,3/10/2026,3/10/2026,Product Management,geliefert,FSc,
2026-03-10T15-43-40_PM-History-Texts_korr-de.xml,,,TJa,EN,Lisa,,LS-Tracker,Z:\Produkte\F!Box allgemein\Info.txt\Release\25_Smart24-P2\2026.03,3/10/2026,3/10/2026,3/10/2026,Product Management,geliefert,FSc,
translations--smart24p2nl1--2026-03-10_de.po,,,MXB,EN,Susan,,Cloud,Z:\Produkte\F!Box allgemein\GUI-JS3\[Sprache]\2026.03,3/10/2026,3/12/2026,3/12/2026,User Interface & Clients,geliefert,Lbo,
translations--smart24p2nl1--2026-03-10_de.po,,,MXB,ES,Helena,,Cloud,Z:\Produkte\F!Box allgemein\GUI-JS3\[Sprache]\2026.03,3/10/2026,3/11/2026,3/12/2026,User Interface & Clients,geliefert,Lbo,
translations--smart24p2nl1--2026-03-10_de.po,,,MXB,FR,Martine,,Cloud,Z:\Produkte\F!Box allgemein\GUI-JS3\[Sprache]\2026.03,3/10/2026,3/11/2026,3/12/2026,User Interface & Clients,geliefert,Lbo,
translations--smart24p2nl1--2026-03-10_de.po,,,MXB,IT,Laura,,Cloud,Z:\Produkte\F!Box allgemein\GUI-JS3\[Sprache]\2026.03,3/10/2026,3/11/2026,3/12/2026,User Interface & Clients,geliefert,Lbo,
translations--smart24p2nl1--2026-03-10_de.po,,,MXB,NL,Angelique,,Cloud,Z:\Produkte\F!Box allgemein\GUI-JS3\[Sprache]\2026.03,3/10/2026,3/11/2026,3/12/2026,User Interface & Clients,geliefert,Lbo,
translations--smart24p2nl1--2026-03-10_de.po,,,MXB,PL,Yabylon,,Cloud,Z:\Produkte\F!Box allgemein\GUI-JS3\[Sprache]\2026.03,3/10/2026,3/12/2026,3/12/2026,User Interface & Clients,geliefert,Lbo,
translations--smart24p2nl1--2026-03-10_de.po,,,MXB,SL,Yabylon,,Cloud,Z:\Produkte\F!Box allgemein\GUI-JS3\[Sprache]\2026.03,3/10/2026,3/12/2026,3/12/2026,User Interface & Clients,geliefert,Lbo,
translations--myfosp1--2026-03-10_de.po,,,MXB,EN,Susan,,Cloud,Z:\Produkte\F!Box allgemein\GUI-JS3\[Sprache]\2026.03,3/10/2026,3/12/2026,3/12/2026,User Interface & Clients,Ü-fertig,Lbo,
translations--myfosp1--2026-03-10_de.po,,,MXB,ES,Helena,,Cloud,Z:\Produkte\F!Box allgemein\GUI-JS3\[Sprache]\2026.03,3/10/2026,3/12/2026,3/12/2026,User Interface & Clients,ausgecheckt,Lbo,
translations--myfosp1--2026-03-10_de.po,,,MXB,FR,Martine,,Cloud,Z:\Produkte\F!Box allgemein\GUI-JS3\[Sprache]\2026.03,3/10/2026,3/12/2026,3/12/2026,User Interface & Clients,ausgecheckt,Lbo,
translations--myfosp1--2026-03-10_de.po,,,MXB,IT,Laura,,Cloud,Z:\Produkte\F!Box allgemein\GUI-JS3\[Sprache]\2026.03,3/10/2026,3/12/2026,3/12/2026,User Interface & Clients,ausgecheckt,Lbo,
translations--myfosp1--2026-03-10_de.po,,,MXB,NL,Angelique,,Cloud,Z:\Produkte\F!Box allgemein\GUI-JS3\[Sprache]\2026.03,3/10/2026,3/12/2026,3/12/2026,User Interface & Clients,Ü-fertig,Lbo,
translations--myfosp1--2026-03-10_de.po,,,MXB,PL,Yabylon,,Cloud,Z:\Produkte\F!Box allgemein\GUI-JS3\[Sprache]\2026.03,3/10/2026,3/13/2026,3/12/2026,User Interface & Clients,ausgecheckt,Lbo,
translations--myfosp1--2026-03-10_de.po,,,MXB,SL,Yabylon,,Cloud,Z:\Produkte\F!Box allgemein\GUI-JS3\[Sprache]\2026.03,3/10/2026,3/13/2026,3/12/2026,User Interface & Clients,ausgecheckt,Lbo,
FappSH_20260305-de.xml,,,LHe,EN,Susan,,jazz,Z:\Produkte\F!Apps\FappSmartHome\GUI\Android\deutsch\2026.03,3/10/2026,3/11/2026,3/12/2026,User Interface & Clients,geliefert,FSc,
FappSH_20260305-de.xml,,,LHe,Es,Helena,,jazz,Z:\Produkte\F!Apps\FappSmartHome\GUI\Android\deutsch\2026.03,3/10/2026,3/11/2026,3/12/2026,User Interface & Clients,geliefert,FSc,
FappSH_20260305-de.xml,,,LHe,Fr,Marie,,jazz,Z:\Produkte\F!Apps\FappSmartHome\GUI\Android\deutsch\2026.03,3/10/2026,3/11/2026,3/12/2026,User Interface & Clients,geliefert,FSc,
FappSH_20260305-de.xml,,,LHe,It,Laura,,jazz,Z:\Produkte\F!Apps\FappSmartHome\GUI\Android\deutsch\2026.03,3/10/2026,3/11/2026,3/12/2026,User Interface & Clients,geliefert,FSc,
FappSH_20260305-de.xml,,,LHe,Nl,Angelique,,jazz,Z:\Produkte\F!Apps\FappSmartHome\GUI\Android\deutsch\2026.03,3/10/2026,3/11/2026,3/12/2026,User Interface & Clients,geliefert,FSc,
FappSH_20260305-de.xml,,,LHe,Pl,Yabylon,,jazz,Z:\Produkte\F!Apps\FappSmartHome\GUI\Android\deutsch\2026.03,3/10/2026,3/11/2026,3/12/2026,User Interface & Clients,geliefert,FSc,
FappSH_20260305-de.xml,,,LHe,SL,Yabylon,,jazz,Z:\Produkte\F!Apps\FappSmartHome\GUI\Android\deutsch\2026.03,3/10/2026,3/11/2026,3/12/2026,User Interface & Clients,geliefert,FSc,
"Aufsteller_Jobflyer_2026_210x297mm_DE.pdf,,,HHB,DE,Franziska,,LS-Tracker,""Z:\Produkte\Texte Web, Marketing, etc\deutsch\2026.03"",3/10/2026,3/10/2026,3/13/2026,Corporate Communications,geliefert,Hme,"
"Jobflyer_2026_105x210mm_DE.pdf,,,HHB,DE,Franziska,,LS-Tracker,""Z:\Produkte\Texte Web, Marketing, etc\deutsch\2026.03"",3/10/2026,3/10/2026,3/13/2026,Corporate Communications,geliefert,Hme,"
"Aufsteller_Jobflyer_2026_210x297mm_IT.pdf,,,HHB,IT,Laura,,LS-Tracker,""Z:\Produkte\Texte Web, Marketing, etc\italienisch\2026.03"",3/10/2026,3/10/2026,3/13/2026,Corporate Communications,geliefert,Hme,"
"Jobflyer_2026_105x210mm_IT_EUL.pdf,,,HHB,IT,Laura,,LS-Tracker,""Z:\Produkte\Texte Web, Marketing, etc\italienisch\2026.03"",3/10/2026,3/10/2026,3/13/2026,Corporate Communications,geliefert,Hme,"
Business Update DE März 2,,,AGi,DE,Franziska,,LS-Tracker,Business Update DE März 2,3/10/2026,3/16/2026,3/15/2026,Channel Sales,geliefert,FSc,
CH/AT: Lektorat Business Update für März ,,,PSe,DE,Franziska,,LS-Tracker,AT/CH: Lektorat Business Update für März,3/10/2026,3/16/2026,3/16/2026,Channel Sales,geliefert,FSc,
Übersetzung Automail Oster-Gewinnspiel.docx,189,,Atc,EN,John,,LS-Tracker,Z:\Produkte\D2C\deutsch\2026.03,3/10/2026,3/17/2026,3/17/2026,D2C Ecommerce,geliefert,Lbo,
Übersetzung Automail Oster-Gewinnspiel.docx,189,,Atc,IT,Cristina,Laura,LS-Tracker,Z:\Produkte\D2C\deutsch\2026.03,3/10/2026,3/17/2026,3/17/2026,D2C Ecommerce,geliefert,Lbo,
Übersetzung Automail Oster-Gewinnspiel.docx,189,,Atc,NL,Angelique,,LS-Tracker,Z:\Produkte\D2C\deutsch\2026.03,3/10/2026,3/17/2026,3/17/2026,D2C Ecommerce,geliefert,Lbo,
Übersetzung Automail Oster-Gewinnspiel.docx,189,,Atc,ES,Helena,,LS-Tracker,Z:\Produkte\D2C\spanisch\2026.03,3/10/2026,3/17/2026,3/17/2026,D2C Ecommerce,geliefert,Lbo,
"Texte Awin Profil.docx,379,,ALP,DE,Franziska,,LS-Tracker,""Z:\Produkte\Texte Web, Marketing, etc\deutsch\2026.03"",3/10/2026,3/16/2026,3/24/2026,Corporate Communications,,MSi,"
"Allgemeine Teilnahmebedingungen zum Partnerprogramm FRITZ91_legal.docx,425,,ALP,DE,Franziska,,LS-Tracker,""Z:\Produkte\Texte Web, Marketing, etc\deutsch\2026.03"",3/10/2026,3/16/2026,3/24/2026,Corporate Communications,,MSi,"
"FRITZ Marken Richtlinien Affiliate_legal.docx,410,,ALP,DE,Franziska,,LS-Tracker,""Z:\Produkte\Texte Web, Marketing, etc\deutsch\2026.03"",3/10/2026,3/16/2026,3/24/2026,Corporate Communications,,MSi,"
"Texte Awin Profil.docx,379,,ALP,ES,Alba,Helena,LS-Tracker,""Z:\Produkte\Texte Web, Marketing, etc\deutsch\2026.03"",3/10/2026,3/23/2026,3/24/2026,Corporate Communications,,MSi,"
"Allgemeine Teilnahmebedingungen zum Partnerprogramm FRITZ91_legal.docx,425,,ALP,ES,Alba,Helena,LS-Tracker,""Z:\Produkte\Texte Web, Marketing, etc\deutsch\2026.03"",3/10/2026,3/23/2026,3/24/2026,Corporate Communications,,MSi,"
"FRITZ Marken Richtlinien Affiliate_legal.docx,410,,ALP,ES,Alba,Helena,LS-Tracker,""Z:\Produkte\Texte Web, Marketing, etc\deutsch\2026.03"",3/10/2026,3/23/2026,3/24/2026,Corporate Communications,,MSi,"
"Aufsteller_Jobflyer_2026_210x297mm_DE.pdf,,,HHB,DE,Franziska,,LS-Tracker,""Z:\Produkte\Texte Web, Marketing, etc\deutsch\2026.03"",3/10/2026,3/12/2026,,Corporate Communications,,Hme,"
"Jobflyer_2026_105x210mm_DE.pdf,,,HHB,DE,Franziska,,LS-Tracker,""Z:\Produkte\Texte Web, Marketing, etc\deutsch\2026.03"",3/10/2026,3/12/2026,,Corporate Communications,,Hme,"
"Aufsteller_Jobflyer_2026_210x297mm_IT.pdf,,,HHB,IT,Laura,,LS-Tracker,""Z:\Produkte\Texte Web, Marketing, etc\italienisch\2026.03"",3/10/2026,3/12/2026,,Corporate Communications,,Hme,"
"Jobflyer_2026_105x210mm_IT_EUL.pdf,,,HHB,IT,Laura,,LS-Tracker,""Z:\Produkte\Texte Web, Marketing, etc\italienisch\2026.03"",3/10/2026,3/12/2026,,Corporate Communications,,Hme,"
TLF FRITZ!Box 5690 DE.docx,699,,ALP,DE,Franziska,,LS-Tracker,Z:\Produkte\Testleitfaden\5690,3/11/2026,3/12/2026,3/12/2026,Corporate Communications,geliefert,FSc,
TLF FRITZ!Repeater 2700 DE.docx,1016,,ALP,DE,Franziska,,LS-Tracker,Z:\Produkte\Testleitfaden\FR2700,3/11/2026,3/12/2026,3/12/2026,Corporate Communications,geliefert,FSc,
TLF FRITZ!Box 6825 4G DE.docx,898,,ALP,DE,Franziska,,LS-Tracker,Z:\Produkte\Testleitfaden\6825_4G,3/11/2026,3/12/2026,3/12/2026,Corporate Communications,geliefert,FSc,
AllgemeineTeilnahmebedingungen_zumPartnerprogrammFRITZ91_legal-de.docx,437,,ALp,DE,Franziska,,LS-Tracker,Z:\Produkte\Einleger und juristische Texte\Affiliate-PlattformAWIN,3/11/2026,3/16/2026,3/16/2026,Corporate Communications,,MSi,
FRITZ_Marken-RichtlinienAffiliate_legal-de.docx,,,ALp,DE,Franziska,,LS-Tracker,Z:\Produkte\Einleger und juristische Texte\Affiliate-PlattformAWIN,3/11/2026,3/16/2026,3/16/2026,Corporate Communications,,MSi,
TexteAwin-Profil-de.docx,,,ALp,DE,Franziska,,LS-Tracker,Z:\Produkte\Einleger und juristische Texte\Affiliate-PlattformAWIN,3/11/2026,3/16/2026,3/16/2026,Corporate Communications,,MSi,
CTA und Sternchentext_Oster Gewinnspiel.docx,21,,Kgo,EN,John,,LS-Tracker,Z:\Produkte\D2C\[Sprache]\2026.03,3/11/2026,3/17/2026,3/17/2026,D2C Ecommerce,geliefert,Lbo,
CTA und Sternchentext_Oster Gewinnspiel.docx,21,,Kgo,IT,Cristina,Laura,LS-Tracker,Z:\Produkte\D2C\[Sprache]\2026.03,3/11/2026,3/17/2026,3/17/2026,D2C Ecommerce,geliefert,Lbo,
CTA und Sternchentext_Oster Gewinnspiel.docx,21,,Kgo,NL,Angelique,,LS-Tracker,Z:\Produkte\D2C\[Sprache]\2026.03,3/11/2026,3/17/2026,3/17/2026,D2C Ecommerce,geliefert,Lbo,
CTA und Sternchentext_Oster Gewinnspiel.docx,21,,Kgo,ES,Helena,,LS-Tracker,Z:\Produkte\D2C\[Sprache]\2026.03,3/11/2026,3/17/2026,3/17/2026,D2C Ecommerce,geliefert,Lbo,
Teilnahmebedingungen FRITZ! Oster Wimmelbild Gewinnspiel_fsh_TGO.json,,,Kgo,EN,John,,LS-Tracker,Z:\Produkte\D2C\[Sprache]\2026.03,3/11/2026,3/16/2026,3/17/2026,D2C Ecommerce,geliefert,Lbo,
Teilnahmebedingungen FRITZ! Oster Wimmelbild Gewinnspiel_fsh_TGO.json,,,Kgo,IT,Cristina,Laura,LS-Tracker,Z:\Produkte\D2C\[Sprache]\2026.03,3/11/2026,3/16/2026,3/17/2026,D2C Ecommerce,geliefert,Lbo,
Teilnahmebedingungen FRITZ! Oster Wimmelbild Gewinnspiel_fsh_TGO.json,,,Kgo,NL,Angelique,,LS-Tracker,Z:\Produkte\D2C\[Sprache]\2026.03,3/11/2026,3/16/2026,3/17/2026,D2C Ecommerce,geliefert,Lbo,
Teilnahmebedingungen FRITZ! Oster Wimmelbild Gewinnspiel_fsh_TGO.json,,,Kgo,ES,Helena,,LS-Tracker,Z:\Produkte\D2C\[Sprache]\2026.03,3/11/2026,3/16/2026,3/17/2026,D2C Ecommerce,geliefert,Lbo,
"Texte_aus_Bildern.docx,157,,PSe,NL,Angelique,,LS-Tracker,""Z:\Produkte\Texte Web, Marketing, etc\deutsch\2026.03"",3/11/2026,3/17/2026,3/19/2026,Channel Sales,geliefert,Hme,"
"4789_nl-NL_die_welt_ist_dein_hotspot_20260311-090655.xml,,,PSe,NL,Angelique,,LS-Tracker,""Z:\Produkte\Texte Web, Marketing, etc\deutsch\2026.03"",3/11/2026,3/17/2026,3/19/2026,Channel Sales,geliefert,Hme,"
TLF FRITZ!Box 5690 DE.docx,699,,ALP,EN,Susan,,LS-Tracker,Z:\Produkte\Testleitfaden\5690,3/11/2026,3/18/2026,3/20/2026,Corporate Communications,geliefert,FSc,
TLF FRITZ!Repeater 2700 DE.docx,1016,,ALP,EN,Lisa,,LS-Tracker,Z:\Produkte\Testleitfaden\FR2700,3/11/2026,3/18/2026,3/20/2026,Corporate Communications,geliefert,FSc,
TLF FRITZ!Box 6825 4G DE.docx,898,,ALP,EN,Susan,,LS-Tracker,Z:\Produkte\Testleitfaden\6825_4G,3/11/2026,3/18/2026,3/20/2026,Corporate Communications,geliefert,FSc,
"4798_it-IT_vpn_mit_fritz_20260311-135748.xml,1018,,PSe,IT,Cristina,Laura,LS-Tracker,""Z:\Produkte\Texte Web, Marketing, etc\italienisch\2026.03"",3/11/2026,3/23/2026,3/23/2026,Channel Sales,geliefert,Hme,"
"4799_es-ES_vpn_mit_fritz_20260311-135807.xml,1018,,PSe,ES,Alba,Helena,LS-Tracker,""Z:\Produkte\Texte Web, Marketing, etc\deutsch\2026.03"",3/11/2026,3/23/2026,3/23/2026,Channel Sales,geliefert,Hme,"
"4796_nl-NL_vpn_mit_fritz_20260311-135731.xml,1018,,PSe,NL,Angelique,,LS-Tracker,""Z:\Produkte\Texte Web, Marketing, etc\deutsch\2026.03"",3/11/2026,3/23/2026,3/23/2026,Channel Sales,geliefert,Hme,"
"Übersetzung Zertifikate.docx,75,,Bal,IT,Laura,,LS-Tracker,""Z:\Produkte\Texte Web, Marketing, etc\deutsch\2026.03"",3/12/2026,3/13/2026,3/16/2026,Corporate Communications,geliefert,Hme,"
"Übersetzung Zertifikate.docx,75,,Bal,NL,Angelique,,LS-Tracker,""Z:\Produkte\Texte Web, Marketing, etc\deutsch\2026.03"",3/12/2026,3/13/2026,3/16/2026,Corporate Communications,geliefert,Hme,"
"Übersetzung Zertifikate.docx,75,,Bal,ES,Helena,,LS-Tracker,""Z:\Produkte\Texte Web, Marketing, etc\deutsch\2026.03"",3/12/2026,3/13/2026,3/16/2026,Corporate Communications,geliefert,Hme,"
Übersetzungen_Shop_5690_Pro.docx,104,,JBl,EN,Lisa,,LS-Tracker,Z:\Produkte\FRITZ!com\2026.03\KW11,3/12/2026,3/16/2026,3/16/2026,D2C Ecommerce,geliefert,Lbo,
Versand-Timeline_Service-Box-translations-[Sprache]-ONLINE_STORE_THEME.json,,,CST,EN,Lisa,,LS-Tracker,Z:\Produkte\FRITZ!com\2026.03\KW11,3/12/2026,3/18/2026,3/19/2026,D2C Ecommerce,geliefert,Lbo,
Versand-Timeline_Service-Box-translations-[Sprache]-ONLINE_STORE_THEME.json,,,CST,ES,Helena,,LS-Tracker,Z:\Produkte\FRITZ!com\2026.03\KW11,3/12/2026,3/18/2026,3/19/2026,D2C Ecommerce,geliefert,Lbo,
Versand-Timeline_Service-Box-translations-[Sprache]-ONLINE_STORE_THEME.json,,,CST,FR,Marie,,LS-Tracker,Z:\Produkte\FRITZ!com\2026.03\KW11,3/12/2026,3/18/2026,3/19/2026,D2C Ecommerce,geliefert,Lbo,
Versand-Timeline_Service-Box-translations-[Sprache]-ONLINE_STORE_THEME.json,,,CST,IT,Laura,,LS-Tracker,Z:\Produkte\FRITZ!com\2026.03\KW11,3/12/2026,3/18/2026,3/19/2026,D2C Ecommerce,geliefert,Lbo,
Versand-Timeline_Service-Box-translations-[Sprache]-ONLINE_STORE_THEME.json,,,CST,NL,Angelique,,LS-Tracker,Z:\Produkte\FRITZ!com\2026.03\KW11,3/12/2026,3/18/2026,3/19/2026,D2C Ecommerce,geliefert,Lbo,
2 UWG-Hinweise in Forms-App.docx,212,,Tpo,EN,Lisa,,LS-Tracker,Z:\Produkte\FRITZ!com\2026.03\KW11,3/12/2026,3/27/2026,3/26/2026,Technical Communication,geliefert,Lbo,
2 UWG-Hinweise in Forms-App.docx,212,,Tpo,ES,Helena,,LS-Tracker,Z:\Produkte\FRITZ!com\2026.03\KW11,3/12/2026,3/27/2026,3/26/2026,Technical Communication,geliefert,Lbo,
2 UWG-Hinweise in Forms-App.docx,212,,Tpo,FR,Marie,,LS-Tracker,Z:\Produkte\FRITZ!com\2026.03\KW11,3/12/2026,3/27/2026,3/26/2026,Technical Communication,geliefert,Lbo,
2 UWG-Hinweise in Forms-App.docx,212,,Tpo,IT,Cristina,Laura,LS-Tracker,Z:\Produkte\FRITZ!com\2026.03\KW11,3/12/2026,3/27/2026,3/26/2026,Technical Communication,geliefert,Lbo,
2 UWG-Hinweise in Forms-App.docx,212,,Tpo,NL,Angelique,,LS-Tracker,Z:\Produkte\FRITZ!com\2026.03\KW11,3/12/2026,3/27/2026,3/26/2026,Technical Communication,geliefert,Lbo,
B2B_20260312-translations-[Sprache]-METAOBJECT.json,,,Lca,ES,Alba,Helena,LS-Tracker,Z:\Produkte\FRITZ!com\2026.03\KW11,3/12/2026,3/31/2026,3/31/2026,D2C Ecommerce,geliefert,Lbo,
B2B_20260312-translations-[Sprache]-ONLINE_STORE_THEME.json,,,Lca,ES,Alba,Helena,LS-Tracker,Z:\Produkte\FRITZ!com\2026.03\KW11,3/12/2026,3/31/2026,3/31/2026,D2C Ecommerce,geliefert,Lbo,
B2B_20260312-translations-[Sprache]-PAGE.json,,,Lca,ES,Alba,Helena,LS-Tracker,Z:\Produkte\FRITZ!com\2026.03\KW11,3/12/2026,3/31/2026,3/31/2026,D2C Ecommerce,geliefert,Lbo,
B2B_20260312-translations-[Sprache]-METAOBJECT.json,,,Lca,FR,Marie,Martine,LS-Tracker,Z:\Produkte\FRITZ!com\2026.03\KW11,3/12/2026,3/30/2026,3/31/2026,D2C Ecommerce,geliefert,Lbo,
B2B_20260312-translations-[Sprache]-ONLINE_STORE_THEME.json,,,Lca,FR,Marie,Martine,LS-Tracker,Z:\Produkte\FRITZ!com\2026.03\KW11,3/12/2026,3/30/2026,3/31/2026,D2C Ecommerce,geliefert,Lbo,
B2B_20260312-translations-[Sprache]-PAGE.json,,,Lca,FR,Marie,Martine,LS-Tracker,Z:\Produkte\FRITZ!com\2026.03\KW11,3/12/2026,3/30/2026,3/31/2026,D2C Ecommerce,geliefert,Lbo,
B2B_20260312-translations-[Sprache]-METAOBJECT.json,,,Lca,IT,Cristina,Laura,LS-Tracker,Z:\Produkte\FRITZ!com\2026.03\KW11,3/12/2026,3/30/2026,3/31/2026,D2C Ecommerce,geliefert,Lbo,
B2B_20260312-translations-[Sprache]-ONLINE_STORE_THEME.json,,,Lca,IT,Cristina,Laura,LS-Tracker,Z:\Produkte\FRITZ!com\2026.03\KW11,3/12/2026,3/30/2026,3/31/2026,D2C Ecommerce,geliefert,Lbo,
B2B_20260312-translations-[Sprache]-PAGE.json,,,Lca,IT,Cristina,Laura,LS-Tracker,Z:\Produkte\FRITZ!com\2026.03\KW11,3/12/2026,3/30/2026,3/31/2026,D2C Ecommerce,geliefert,Lbo,
B2B_20260312-translations-[Sprache]-METAOBJECT.json,,,Lca,NL,Angelique,,LS-Tracker,Z:\Produkte\FRITZ!com\2026.03\KW11,3/12/2026,3/30/2026,3/31/2026,D2C Ecommerce,geliefert,Lbo,
B2B_20260312-translations-[Sprache]-ONLINE_STORE_THEME.json,,,Lca,NL,Angelique,,LS-Tracker,Z:\Produkte\FRITZ!com\2026.03\KW11,3/12/2026,3/30/2026,3/31/2026,D2C Ecommerce,geliefert,Lbo,
B2B_20260312-translations-[Sprache]-PAGE.json,,,Lca,NL,Angelique,,LS-Tracker,Z:\Produkte\FRITZ!com\2026.03\KW11,3/12/2026,3/30/2026,3/31/2026,D2C Ecommerce,geliefert,Lbo,
d2c_enh.docx,59,,JKS,EN,Lisa,,LS-Tracker,Z:\Produkte\Support-Aufträge\03.2026\25.03.26,3/12/2026,3/25/2026,3/20/2026,Kundenservice,geliefert,Rho,
d2c_enh.docx,59,,JKS,IT,Laura,,LS-Tracker,Z:\Produkte\Support-Aufträge\03.2026\25.03.26,3/12/2026,3/25/2026,3/20/2026,Kundenservice,geliefert,Rho,
d2c_enh.docx,59,,JKS,NL,Angelique,,LS-Tracker,Z:\Produkte\Support-Aufträge\03.2026\18-03-26,3/12/2026,3/18/2026,3/20/2026,Kundenservice,geliefert,Rho,
d2c_enh.docx,59,,JKS,ES,Helena,,LS-Tracker,Z:\Produkte\Support-Aufträge\03.2026\25.03.26,3/12/2026,3/25/2026,3/20/2026,Kundenservice,geliefert,Rho,
d2c_enh.docx,59,,JKS,FR,Marie,,LS-Tracker,Z:\Produkte\Support-Aufträge\03.2026\18-03-26,3/12/2026,3/18/2026,3/20/2026,Kundenservice,geliefert,Rho,
"Mobile World Congress 2026-de.docx,480,,Jwg,IT,Cristina,Laura,LS-Tracker,""Z:\Produkte\Texte Web, Marketing, etc\deutsch\2026.03"",3/13/2026,3/19/2026,3/19/2026,Channel Sales,geliefert,Hme,"
"Mobile World Congress 2026-de.docx,480,,Jwg,NL,Angelique,,LS-Tracker,""Z:\Produkte\Texte Web, Marketing, etc\deutsch\2026.03"",3/13/2026,3/19/2026,3/19/2026,Channel Sales,geliefert,Hme,"
"Mobile World Congress 2026-de.docx,480,,Jwg,ES,Alba,Helena,LS-Tracker,""Z:\Produkte\Texte Web, Marketing, etc\deutsch\2026.03"",3/13/2026,3/19/2026,3/19/2026,Channel Sales,geliefert,Hme,"
Amazon Vergleichstabelle.docx,108,,Lca,EN,John,,LS-Tracker,Z:\Produkte\D2C\deutsch\2026.03,3/13/2026,3/20/2026,3/20/2026,D2C Ecommerce,geliefert,Lbo,
Amazon Vergleichstabelle.docx,108,,Lca,IT,Laura,,LS-Tracker,Z:\Produkte\D2C\deutsch\2026.03,3/13/2026,3/20/2026,3/20/2026,D2C Ecommerce,geliefert,Lbo,
Amazon Vergleichstabelle.docx,108,,Lca,NL,Angelique,,LS-Tracker,Z:\Produkte\D2C\deutsch\2026.03,3/13/2026,3/20/2026,3/20/2026,D2C Ecommerce,geliefert,Lbo,
Amazon Vergleichstabelle.docx,108,,Lca,FR,Martine,,LS-Tracker,Z:\Produkte\D2C\deutsch\2026.03,3/13/2026,3/20/2026,3/20/2026,D2C Ecommerce,geliefert,Lbo,
Amazon Vergleichstabelle.docx,108,,Lca,ES,Alba,,LS-Tracker,Z:\Produkte\D2C\deutsch\2026.03,3/13/2026,3/20/2026,3/20/2026,D2C Ecommerce,geliefert,Lbo,
Amazon Vergleichstabelle.docx,108,,Lca,PL,Yabylon,,LS-Tracker,Z:\Produkte\D2C\deutsch\2026.03,3/13/2026,3/20/2026,3/20/2026,D2C Ecommerce,geliefert,Lbo,
Master_OH_FPowerline_2026-03-13_D-00000090_T-00001006_EngineeringModules_de-DE_en-GB.xml,1473,,Lle,EN,Lisa,,LS-Tracker,Z:\International\Tico\work\2026-03-13_D-00000090_T-00001006_de-DE_en-GB.xml\untranslated\,3/13/2026,3/23/2026,3/26/2026,Technical Communication,Ü-fertig,msi,
Master_OH_FPowerline_2026-03-13_D-00000090_T-00001006_EngineeringModules_de-DE_en-GB.Fragments.xml,56,,LLe,EN,Lisa,,LS-Tracker,Z:\International\Tico\work\2026-03-13_D-00000090_T-00001006_de-DE_en-GB.xml\untranslated\,3/13/2026,3/26/2026,3/26/2026,Technical Communication,Ü-fertig,msi,
Master_OH_FPowerline_2026-03-13_D-00000090_T-00001005_EngineeringModules_de-DE_nl-NL.xml,1473,,Lle,NL,Angelique,,LS-Tracker,Z:\International\Tico\work\2026-03-13_D-00000090_T-00001005_de-DE_nl-NL.xml\untranslated\,3/13/2026,3/29/2026,3/26/2026,Technical Communication,Ü-fertig,msi,
Master_OH_FPowerline_2026-03-13_D-00000090_T-00001005_EngineeringModules_de-DE_nl-NL.Fragments.xml,56,,LLe,NL,Angelique,,LS-Tracker,Z:\International\Tico\work\2026-03-13_D-00000090_T-00001005_de-DE_nl-NL.xml\untranslated\,3/13/2026,4/1/2026,3/26/2026,Technical Communication,Ü-fertig,msi,
Master_OH_FPowerline_2026-03-13_D-00000090_T-00001002_EngineeringModules_de-DE_fr-FR.xml,1473,,LLe,FR,Martine,,LS-Tracker,Z:\International\Tico\work\2026-03-13_D-00000090_T-00001002_de-DE_fr-FR.xml\untranslated\,3/13/2026,4/4/2026,3/26/2026,Technical Communication,,msi,
Master_OH_FPowerline_2026-03-13_D-00000090_T-00001002_EngineeringModules_de-DE_fr-FR.Fragments.xml,56,,LLe,FR,Martine,,LS-Tracker,Z:\International\Tico\work\2026-03-13_D-00000090_T-00001002_de-DE_fr-FR.xml\untranslated\,3/13/2026,4/7/2026,3/26/2026,Technical Communication,,msi,
Master_OH_FPowerline_2026-03-13_D-00000090_T-00001003_EngineeringModules_de-DE_es-ES.xml,1473,,LLe,ES,Helena,,LS-Tracker,Z:\International\Tico\work\2026-03-13_D-00000090_T-00001003_de-DE_es-ES.xml\,3/13/2026,3/17/2026,3/26/2026,Technical Communication,,msi,
Master_OH_FPowerline_2026-03-13_D-00000090_T-00001003_EngineeringModules_de-DE_es-ES.Fragments.xml,56,,LLe,ES,Helena,,LS-Tracker,Z:\International\Tico\work\2026-03-13_D-00000090_T-00001003_de-DE_es-ES.xml\,3/13/2026,3/17/2026,3/26/2026,Technical Communication,,msi,
Master_OH_FPowerline_2026-03-13_D-00000090_T-00001004_EngineeringModules_de-DE_it-IT.xml,1473,,LLe,IT,Laura,,LS-Tracker,Z:\International\Tico\work\2026-03-13_D-00000090_T-00001004_de-DE_it-IT.xml\untranslated\,3/13/2026,3/24/2026,3/26/2026,Technical Communication,,msi,
Master_OH_FPowerline_2026-03-13_D-00000090_T-00001004_EngineeringModules_de-DE_it-IT.Fragments.xml,56,,LLe,IT,Laura,,LS-Tracker,Z:\International\Tico\work\2026-03-13_D-00000090_T-00001004_de-DE_it-IT.xml\untranslated\,3/13/2026,3/26/2026,3/26/2026,Technical Communication,,msi,
"Übersetzung Business Update März,,,Jwg,IT,Cristina,Laura,LS-Tracker,""Z:\Produkte\Texte Web, Marketing, etc\deutsch\2026.03"",3/16/2026,3/20/2026,3/20/2026,Channel Sales,geliefert,Hme,"
"ES: Übersetzung Business Update März,,,Jwg,ES,Alba,Helena,LS-Tracker,""Z:\Produkte\Texte Web, Marketing, etc\deutsch\2026.03"",3/16/2026,3/20/2026,3/20/2026,Channel Sales,geliefert,Hme,"
"Ankuendigung_FRITZ!Box 7630_Edition_International-de.docx,707,,APa,EN,Lisa,John,LS-Tracker,""Z:\Produkte\Texte Web, Marketing, etc\deutsch\2026.03"",3/16/2026,3/23/2026,3/24/2026,Sales Marketing,ausgecheckt,Hme,"
"Ankuendigung_FRITZ!Box 7630_Edition_International-de.docx,707,,APa,IT,Cristina,Laura,LS-Tracker,""Z:\Produkte\Texte Web, Marketing, etc\italienisch\2026.03"",3/16/2026,3/23/2026,3/24/2026,Sales Marketing,ausgecheckt,Hme,"
"Ankuendigung_FRITZ!Box 7630_Edition_International_DE_korrigiert.docx,707,,APa,NL,Angelique,,LS-Tracker,""Z:\Produkte\Texte Web, Marketing, etc\deutsch\2026.03"",3/16/2026,3/23/2026,3/24/2026,Sales Marketing,ausgecheckt,Hme,"
"Ankuendigung_FRITZ!Box 7630_Edition_International_DE_korrigiert.docx,707,,APa,FR,Marie,,LS-Tracker,""Z:\Produkte\Texte Web, Marketing, etc\deutsch\2026.03"",3/16/2026,3/23/2026,3/24/2026,Sales Marketing,ausgecheckt,Hme,"
"Ankuendigung_FRITZ!Box 7630_Edition_International_DE_korrigiert.docx,707,,APa,ES,Alba,Helena,LS-Tracker,""Z:\Produkte\Texte Web, Marketing, etc\deutsch\2026.03"",3/16/2026,3/23/2026,3/24/2026,Sales Marketing,ausgecheckt,Hme,"
"Ankuendigung_FRITZ!Box 7630_Edition_International_DE_korrigiert.docx,707,,APa,PL,Yabylon,,LS-Tracker,""Z:\Produkte\Texte Web, Marketing, etc\deutsch\2026.03"",3/16/2026,3/23/2026,3/24/2026,Sales Marketing,ausgecheckt,Hme,"
2026-03-17T14-05-55_PM-History-Texts.xml,,,TJa,DE,Franziska,,LS-Tracker,Z:\Produkte\F!Box allgemein\Info.txt\Release\25_Smart24-P2\2026.03,3/17/2026,3/17/2026,3/17/2026,Product Management,geliefert,FSc,
2026-03-17T15-28-26_PM-History-Texts_korr-de.xml,,,TJa,EN,Lisa,,LS-Tracker,Z:\Produkte\F!Box allgemein\Info.txt\Release\25_Smart24-P2\2026.03,3/17/2026,3/17/2026,3/17/2026,Product Management,geliefert,FSc,
Master_HB_FB_Smart24p2-2026-03-17_D-00000088_T-00001012_EngineeringModules_de-DE_en-GB.Fragments.xml,15,,Cmi,EN,John,,jazz,Z:\International\Tico\work\2026-03-17_D-00000088_T-00001012_de-DE_en-GB.xml\translated,3/17/2026,3/20/2026,3/19/2026,Technical Communication,ausgecheckt,msi,
Master_HB_FB_Smart24p2-2026-03-17_D-00000088_T-00001012_EngineeringModules_de-DE_en-GB.xml,1987,,Cmi,EN,John,,jazz,Z:\International\Tico\work\2026-03-17_D-00000088_T-00001012_de-DE_en-GB.xml\translated,3/17/2026,3/20/2026,3/19/2026,Technical Communication,ausgecheckt,msi,
OH_FB_Sm24p2_v8-2026-03-17_D-00000084_T-00001010_EngineeringModules_de-DE_nl-NL.Fragments.xml,3,,Cmi,NL,Angelique,,jazz,Z:\International\Tico\work,3/17/2026,3/23/2026,3/24/2026,Technical Communication,ausgecheckt,msi,
OH_FB_Sm24p2_v8-2026-03-17_D-00000084_T-00001010_EngineeringModules_de-DE_nl-NL.xml,553,,Cmi,NL,Angelique,,jazz,Z:\International\Tico\work,3/17/2026,3/23/2026,3/24/2026,Technical Communication,ausgecheckt,msi,
OH_FB_Sm24p2_v8-2026-03-17_D-00000084_T-00001011_EngineeringModules_de-DE_en-GB.Fragments.xml,3,,Cmi,EN,John,,jazz,Z:\International\Tico\work,3/17/2026,3/19/2026,3/24/2026,Technical Communication,ausgecheckt,msi,
OH_FB_Sm24p2_v8-2026-03-17_D-00000084_T-00001011_EngineeringModules_de-DE_en-GB.xml,214,,Cmi,EN,John,,jazz,Z:\International\Tico\work,3/17/2026,3/19/2026,3/24/2026,Technical Communication,ausgecheckt,msi,
OH_FB_Sm24p2_v8-2026-03-17_D-00000084_T-00001009_EngineeringModules_de-DE_it-IT.Fragments.xml,3,,Cmi,IT,Laura,,jazz,Z:\International\Tico\work,3/17/2026,3/20/2026,3/24/2026,Technical Communication,ausgecheckt,msi,
OH_FB_Sm24p2_v8-2026-03-17_D-00000084_T-00001009_EngineeringModules_de-DE_it-IT.xml,214,,Cmi,IT,Laura,,jazz,Z:\International\Tico\work,3/17/2026,3/20/2026,3/24/2026,Technical Communication,ausgecheckt,msi,
OH_FB_Sm24p2_v8-2026-03-17_D-00000084_T-00001008_EngineeringModules_de-DE_es-ES.Fragments.xml,3,,Cmi,ES,Helena,,jazz,Z:\International\Tico\work,3/17/2026,3/20/2026,3/24/2026,Technical Communication,ausgecheckt,msi,
OH_FB_Sm24p2_v8-2026-03-17_D-00000084_T-00001008_EngineeringModules_de-DE_es-ES.xml,231,,Cmi,ES,Helena,,jazz,Z:\International\Tico\work,3/17/2026,3/20/2026,3/24/2026,Technical Communication,ausgecheckt,msi,
OH_FB_Sm24p2_v8-2026-03-17_D-00000084_T-00001007_EngineeringModules_de-DE_fr-FR.Fragments.xml,3,,Cmi,FR,Martine,,jazz,Z:\International\Tico\work,3/17/2026,3/20/2026,3/24/2026,Technical Communication,ausgecheckt,msi,
OH_FB_Sm24p2_v8-2026-03-17_D-00000084_T-00001007_EngineeringModules_de-DE_fr-FR.xml,231,,Cmi,FR,Martine,,jazz,Z:\International\Tico\work,3/17/2026,3/20/2026,3/24/2026,Technical Communication,ausgecheckt,msi,
Übersetzung Newsletter Osterangebote.docx,82,,ATC,IT,Cristina,Laura,LS-Tracker,Z:\Produkte\D2C\deutsch\2026.03,3/17/2026,3/23/2026,3/24/2026,D2C Ecommerce,geliefert,Lbo,
FappSH_20260318-de.xliff,8282,,CWy,DE,CMi/EBu/FSc,,jazz,Z:\Produkte\F!Apps\FappSmartHome\GUI\iOS\deutsch\2026.03,3/18/2026,3/19/2026,3/19/2026,User Interface & Clients,geliefert,FSc,
Übersetzung Formular Oster-Gewinnspiel.docx,82,,ATC,IT,Cristina,Laura,LS-Tracker,Z:\Produkte\D2C\deutsch\2026.03,3/18/2026,3/20/2026,3/20/2026,D2C Ecommerce,geliefert,Lbo,
Übersetzung Formular Oster-Gewinnspiel.docx,82,,ATC,NL,Angelique,,LS-Tracker,Z:\Produkte\D2C\deutsch\2026.03,3/18/2026,3/20/2026,3/20/2026,D2C Ecommerce,geliefert,Lbo,indd fertig
"Übersetzung Formular Oster-Gewinnspiel.docx,82,,ATC,ES,Helena,,LS-Tracker,Z:\Produkte\D2C\deutsch\2026.03,3/18/2026,3/20/2026,3/20/2026,D2C Ecommerce,geliefert,Lbo,""indd fertig, Layout Kontrolle"""
OH_FB_Sm24p2_v8_Teil2-2026-03-18_D-00000084_T-00001019_EngineeringModules_de-DE_it-IT.xml.xml,214,,Cmi,IT,Laura,,LS-Tracker,Z:\International\Tico\work,3/20/2026,3/20/2026,3/20/2026,Technical Communication,,msi,indd fertig
"OH_FB_Sm24p2_v8_Teil2-2026-03-18_D-00000084_T-00001018_EngineeringModules_de-DE_es-ES.xml.xml,231,,Cmi,ES,Helena,,LS-Tracker,Z:\International\Tico\work,3/20/2026,3/20/2026,3/20/2026,Technical Communication,,msi,""indd fertig, muss gekürzt werden"""
OH_FB_Sm24p2_v8_Teil2-2026-03-18_D-00000084_T-00001018_EngineeringModules_Fragments_de-DE_es-ES.xml.xml,3,,Cmi,ES,Helena,,LS-Tracker,Z:\International\Tico\work,3/20/2026,3/20/2026,3/20/2026,Technical Communication,,msi,
OH_FB_Sm24p2_v8_Teil2-2026-03-18_D-00000084_T-00001020_EngineeringModules_de-DE_nl-NL.xml.xml,,,Cmi,NL,Angelique,,LS-Tracker,Z:\International\Tico\work,3/20/2026,3/20/2026,3/20/2026,Technical Communication,,msi,
OH_FB_Sm24p2_v8_Teil2-2026-03-18_D-00000084_T-00001020_EngineeringModules_Fragments_de-DE_nl-NL.xml.xml,231,,Cmi,NL,Angelique,,LS-Tracker,Z:\International\Tico\work,3/20/2026,3/20/2026,3/20/2026,Technical Communication,,msi,
OH_FB_Sm24p2_v8_Teil2-2026-03-18_D-00000084_T-00001017_EngineeringModules_de-DE_fr-FR.xml.xml,231,,Cmi,FR,Martine,,LS-Tracker,Z:\International\Tico\work,3/20/2026,3/20/2026,3/20/2026,Technical Communication,,msi,
OH_FB_Sm24p2_v8_Teil2-2026-03-18_D-00000084_T-00001017_EngineeringModules_Fragments_de-DE_fr-FR.xml.xml,3,,Cmi,FR,Martine,,LS-Tracker,Z:\International\Tico\work,3/20/2026,3/20/2026,3/20/2026,Technical Communication,,msi,
FappSH_20260320-de.xliff,8282,,CWy,Es,Alba,Helena,jazz,Z:\Produkte\F!Apps\FappSmartHome\GUI\iOS\spanisch\2026.03,3/20/2026,3/25/2026,3/25/2026,User Interface & Clients,geliefert,FSc,
FappSH_20260320-de.xliff,8282,,CWy,Fr,Marie,,jazz,Z:\Produkte\F!Apps\FappSmartHome\GUI\iOS\franzoesisch\2026.03,3/20/2026,3/25/2026,3/25/2026,User Interface & Clients,geliefert,FSc,
FappSH_20260320-de.xliff,8282,,CWy,It,Laura,,jazz,Z:\Produkte\F!Apps\FappSmartHome\GUI\iOS\italienisch\2026.03,3/20/2026,3/25/2026,3/25/2026,User Interface & Clients,geliefert,FSc,
FappSH_20260320-de.xliff,8282,,CWy,Nl,Angelique,,jazz,Z:\Produkte\F!Apps\FappSmartHome\GUI\iOS\niederlaendisch\2026.03,3/20/2026,3/25/2026,3/25/2026,User Interface & Clients,geliefert,FSc,
FappSH_20260320-de.xliff,8282,,CWy,Pl,Yabylon,,jazz,Z:\Produkte\F!Apps\FappSmartHome\GUI\iOS\polnisch\2026.03,3/20/2026,3/25/2026,3/25/2026,User Interface & Clients,geliefert,FSc,
FappSH_20260320-de.xliff,8282,,CWy,SL,Yabylon,,jazz,Z:\Produkte\F!Apps\FappSmartHome\GUI\iOS\slowenisch\2026.03,3/20/2026,3/25/2026,3/25/2026,User Interface & Clients,geliefert,FSc,
FappSH_20260320-de.xliff,8282,,CWy,EN,Susan,,jazz,Z:\Produkte\F!Apps\FappSmartHome\GUI\iOS\englisch\2026.03,3/20/2026,3/25/2026,3/25/2026,User Interface & Clients,geliefert,FSc,
5690_Pro-Claim und Bullets.docx,,,JBl,EN,Susan,,LS-Tracker,Z:\Produkte\FRITZ!com\2026.03\KW13,3/20/2026,3/24/2026,3/25/2026,D2C Ecommerce,,Lbo,
5690_Pro-translations-en-ONLINE_STORE_THEME.json,,,JBl,EN,Susan,,LS-Tracker,Z:\Produkte\FRITZ!com\2026.03\KW13,3/20/2026,3/24/2026,3/25/2026,D2C Ecommerce,,Lbo,
Bewertungen_Awards-translations-[Sprache]-METAOBJECT.json,,,CST,EN,Lisa,,LS-Tracker,Z:\Produkte\FRITZ!com\2026.03\KW12,3/20/2026,3/30/2026,3/30/2026,D2C Ecommerce,geliefert,Lbo,
Bewertungen_Awards-translations-[Sprache]-METAOBJECT.json,,,CST,ES,Helena,,LS-Tracker,Z:\Produkte\FRITZ!com\2026.03\KW12,3/20/2026,3/31/2026,3/30/2026,D2C Ecommerce,geliefert,Lbo,
Bewertungen_Awards-translations-[Sprache]-METAOBJECT.json,,,CST,FR,Marie,Martine,LS-Tracker,Z:\Produkte\FRITZ!com\2026.03\KW12,3/20/2026,3/30/2026,3/30/2026,D2C Ecommerce,geliefert,Lbo,
Bewertungen_Awards-translations-[Sprache]-METAOBJECT.json,,,CST,IT,Laura,,LS-Tracker,Z:\Produkte\FRITZ!com\2026.03\KW12,3/20/2026,3/30/2026,3/30/2026,D2C Ecommerce,geliefert,Lbo,
Bewertungen_Awards-translations-[Sprache]-METAOBJECT.json,,,CST,NL,Angelique,,LS-Tracker,Z:\Produkte\FRITZ!com\2026.03\KW12,3/20/2026,3/30/2026,3/30/2026,D2C Ecommerce,geliefert,Lbo,
Master_HB_FFon_v16-2026-03-20_D-00000010_T-00001025_EngineeringModules_de-DE_fr-FR.xml.xml,758,,Cmi,FR,Marie,,LS-Tracker,Z:\International\Tico\work,3/20/2026,4/7/2026,4/7/2026,Technical Communication,ausgecheckt,MSi,
Master_HB_FFon_v16-2026-03-20_D-00000010_T-00001026_EngineeringModules_de-DE_es-ES.xml.xml,758,,Cmi,ES,Alba,,LS-Tracker,Z:\International\Tico\work,3/20/2026,4/7/2026,4/7/2026,Technical Communication,ausgecheckt,MSi,
Master_HB_FFon_v16-2026-03-20_D-00000010_T-00001027_EngineeringModules_de-DE_it-IT.xml.xml,758,,Cmi,IT,Laura,,LS-Tracker,Z:\International\Tico\work,3/20/2026,4/7/2026,4/7/2026,Technical Communication,importiert,MSi,
Master_HB_FFon_v16-2026-03-20_D-00000010_T-00001028_EngineeringModules_de-DE_nl-NL.xml.xml,758,,Cmi,NL,Angelique,,LS-Tracker,Z:\International\Tico\work,3/20/2026,4/7/2026,4/7/2026,Technical Communication,ausgecheckt,MSi,
Master_HB_FFon_v16-2026-03-20_D-00000010_T-00001029_EngineeringModules_de-DE_en-GB.xml.xml,12027,,Cmi,EN,Susan,,LS-Tracker,Z:\International\Tico\work,3/20/2026,4/7/2026,4/7/2026,Technical Communication,ausgecheckt,MSi,
Master_HB_FFon_v16-2026-03-20_D-00000010_T-00001029_EngineeringModules_Fragments_de-DE_en-GB.xml.xml,14,,Cmi,EN,Susan,,LS-Tracker,Z:\International\Tico\work,3/20/2026,4/7/2026,4/7/2026,Technical Communication,ausgecheckt,MSi,
404 - Seite nicht gefunden.docx,19,,CST,EN,Susan,,LS-Tracker,Z:\Produkte\FRITZ!com\2026.03\KW14,3/20/2026,4/2/2026,4/2/2026,D2C Ecommerce,geliefert,Lbo,
404 - Seite nicht gefunden.docx,19,,CST,ES,Helena,,LS-Tracker,Z:\Produkte\FRITZ!com\2026.03\KW14,3/20/2026,4/2/2026,4/2/2026,D2C Ecommerce,geliefert,Lbo,
404 - Seite nicht gefunden.docx,19,,CST,FR,Marie,,LS-Tracker,Z:\Produkte\FRITZ!com\2026.03\KW14,3/20/2026,4/2/2026,4/2/2026,D2C Ecommerce,geliefert,Lbo,
404 - Seite nicht gefunden.docx,19,,CST,IT,Laura,,LS-Tracker,Z:\Produkte\FRITZ!com\2026.03\KW14,3/20/2026,4/2/2026,4/2/2026,D2C Ecommerce,geliefert,Lbo,
404 - Seite nicht gefunden.docx,19,,CST,NL,Angelique,,LS-Tracker,Z:\Produkte\FRITZ!com\2026.03\KW14,3/20/2026,4/14/2026,4/13/2026,D2C Ecommerce,geliefert,Lbo,
"Spotlight_Feedback_2026_DE.docx,275,,Kba,EN,Susan/Lisa,,LS-Tracker,""Z:\Produkte\Texte Web, Marketing, etc\deutsch\2026.03"",3/23/2026,3/23/2026,3/24/2026,Corporate Communications,Ü-fertig,msi,"
OH_FB_Sm24p2_v8_Teil3-2026-03-23_D-00000084_T-00001031_EngineeringModules_de-DE_nl-NL.xml.xml,553,,Cmi,NL,Angelique,,LS-Tracker,Z:\International\Tico\work,3/23/2026,3/24/2026,3/24/2026,Technical Communication,importiert,msi,
OH_FR_Sm24p2_v8_Teil3-2026-03-23_D-00000084_T-00001030_engineeringModules_de-DE_it-IT.xml.xml,553,,Cmi,IT,Laura,,LS-Tracker,Z:\International\Tico\work,3/23/2026,3/23/2026,3/24/2026,Technical Communication,,msi,
OH_FB_M21_v38-2026-03-23_D-00000020_T-00001034_EngineeringModules_de-DE_it-IT.xml.xml,878,,Cmi,IT,Laura,,LS-Tracker,Z:\International\Tico\work,3/23/2026,3/24/2026,3/27/2026,Technical Communication,,msi,
OH_FB_M21_v38-2026-03-23_D-00000020_T-00001035_EngineeringModules_de-DE_nl-NL.xml.xml,879,,Cmi,NL,Angelique,,LS-Tracker,Z:\International\Tico\work,3/23/2026,3/27/2026,3/27/2026,Technical Communication,importiert,msi,
"Award_Kieskeurig.docx,127,,PSe,NL,Angelique,,LS-Tracker,""Z:\Produkte\Texte Web, Marketing, etc\deutsch\2026.03"",3/23/2026,3/26/2026,3/30/2026,Channel Sales,,Hme,"
"Landingpage FRITZ!-König,,,Pse,NL,Angelique,,LS-Tracker,""Z:\Produkte\Texte Web, Marketing, etc\deutsch\2026.03"",3/23/2026,3/27/2026,3/30/2026,Channel Sales,Ü-fertig,hme,"
"NL: Award Kieskeurig,127,,Pse,NL,Angelique,,LS-Tracker,""Z:\Produkte\Texte Web, Marketing, etc\deutsch\2026.03"",3/23/2026,3/27/2026,3/30/2026,Channel Sales,Ü-fertig,hme,"
"Übersetzung ins UK Englische | Video Routerfreiheit,,,Ehf,EN,John,,LS-Tracker,""Z:\Produkte\Texte Web, Marketing, etc\deutsch\2026.03"",3/23/2026,4/7/2026,4/2/2026,Corporate Communications,geliefert,msi,"
OH_FRep_sm24p2_v1-2026-03-25_D-00000092_T-00001040_EngineeringModules_de-DE_en-GB.xml.xml,256,,Cmi,EN,Susan,,LS-Tracker,Z:\International\Tico\work,3/24/2026,3/25/2026,3/25/2026,Technical Communication,,msi,
OH_FRep_sm24p2_v1-2026-03-25_D-00000092_T-00001038_EngineeringModules_de-DE_it-IT.xml.xml,256,,Cmi,IT,Laura,,LS-Tracker,Z:\International\Tico\work,3/24/2026,3/25/2026,3/25/2026,Technical Communication,,msi,
OH_FRep_sm24p2_v1-2026-03-25_D-00000092_T-00001039_EngineeringModules_de-DE_nl-NL.xml.xml,256,,Cmi,NL,Angelique,,LS-Tracker,Z:\International\Tico\work,3/24/2026,3/25/2026,3/25/2026,Technical Communication,Ü-fertig,msi,
OH_FRep_sm24p2_v1-2026-03-25_D-00000092_T-00001036_EngineeringModules_de-DE_fr-FR.xml.xml,256,,Cmi,FR,Martine,,LS-Tracker,Z:\International\Tico\work,3/24/2026,3/25/2026,3/25/2026,Technical Communication,,msi,
Labortexte - KW13,,,TJa,DE,Franziska,,LS-Tracker,Z:\Produkte\F!Box allgemein\Info.txt\Release\25_Smart24-P2\2026.03,3/24/2026,3/25/2026,3/25/2026,Product Management,geliefert,Fsc,
"FTTH 2026_de.docx,,,Bal,DE,Franziska,,LS-Tracker,""Z:\Produkte\Texte Web, Marketing, etc\deutsch\2026.03"",3/24/2026,3/26/2026,3/26/2026,Corporate Communications,,msi,"
"FTTH 2026_de.docx,,,Bal,EN,Susan/Lisa,,LS-Tracker,""Z:\Produkte\Texte Web, Marketing, etc\deutsch\2026.03"",3/24/2026,3/26/2026,3/26/2026,Corporate Communications,,msi,"
OH_FRep_sm24p2_v1-2026-03-25_D-00000092_T-00001037_EngineeringModules_de-DE_es-ES.xml.xml,256,,Cmi,ES,Helena,,LS-Tracker,Z:\International\Tico\work,3/24/2026,3/26/2026,3/26/2026,Technical Communication,Ü-fertig,msi,
6860_v2-translations-[Sprache]-ONLINE_STORE_THEME.json,,,Lca,EN,,,LS-Tracker,Z:\Produkte\FRITZ!com\2026.03\KW13,3/24/2026,3/26/2026,3/27/2026,D2C Ecommerce,,Lbo,
6860_v2-translations-[Sprache]-ONLINE_STORE_THEME.json,,,Lca,ES,,,LS-Tracker,Z:\Produkte\FRITZ!com\2026.03\KW13,3/24/2026,3/26/2026,3/27/2026,D2C Ecommerce,,Lbo,
6860_v2-translations-[Sprache]-ONLINE_STORE_THEME.json,,,Lca,FR,,,LS-Tracker,Z:\Produkte\FRITZ!com\2026.03\KW13,3/24/2026,3/26/2026,3/27/2026,D2C Ecommerce,,Lbo,
6860_v2-translations-[Sprache]-ONLINE_STORE_THEME.json,,,Lca,IT,,,LS-Tracker,Z:\Produkte\FRITZ!com\2026.03\KW13,3/24/2026,3/26/2026,3/27/2026,D2C Ecommerce,,Lbo,
6860_v2-translations-[Sprache]-ONLINE_STORE_THEME.json,,,Lca,NL,,,LS-Tracker,Z:\Produkte\FRITZ!com\2026.03\KW13,3/24/2026,3/26/2026,3/27/2026,D2C Ecommerce,,Lbo,
Labortexte - KW13,,,TJa,EN,Lisa,,LS-Tracker,Z:\Produkte\F!Box allgemein\Info.txt\Release\25_Smart24-P2\2026.03,3/25/2026,3/25/2026,3/25/2026,Product Management,geliefert,FSc,
PSP_6700-translations-[Sprache]-ONLINE_STORE_THEME.json,,,Tpo,EN,,,LS-Tracker,Z:\Produkte\FRITZ!com\2026.03\KW13,3/25/2026,3/31/2026,4/8/2026,Technical Communication,geliefert,Lbo,
PSP_6700-translations-[Sprache]-ONLINE_STORE_THEME.json,,,Tpo,ES,,,LS-Tracker,Z:\Produkte\FRITZ!com\2026.03\KW13,3/25/2026,3/31/2026,4/8/2026,Technical Communication,geliefert,Lbo,
"PSP_6700-translations-[Sprache]-ONLINE_STORE_THEME.json,,,Tpo,FR,,,LS-Tracker,Z:\Produkte\FRITZ!com\2026.03\KW13,3/25/2026,3/31/2026,4/8/2026,Technical Communication,geliefert,Lbo,""Ü. geliefert, muss noch kontrolliert werden"""
PSP_6700-translations-[Sprache]-ONLINE_STORE_THEME.json,,,Tpo,IT,,,LS-Tracker,Z:\Produkte\FRITZ!com\2026.03\KW13,3/25/2026,3/31/2026,4/8/2026,Technical Communication,geliefert,Lbo,
PSP_6700-translations-[Sprache]-ONLINE_STORE_THEME.json,,,Tpo,NL,,,LS-Tracker,Z:\Produkte\FRITZ!com\2026.03\KW13,3/25/2026,3/31/2026,4/8/2026,Technical Communication,geliefert,Lbo,
"Newsletter April,213,,PSe,NL,Angelique,,LS-Tracker,""Z:\Produkte\Texte Web, Marketing, etc\deutsch\2026.03"",3/26/2026,3/27/2026,3/27/2026,Channel Sales,Ü-fertig,Hme,"
INT_105x73_Booklet_1260v3 Set_DE.idml,921,,Lin,EN,Susan,,jazz,Z:\Produkte\F!Powerline\1260v3_Bundle\INT,3/26/2026,4/14/2026,4/2/2026,Product Management,geliefert,Hme,
INT_105x73_Booklet_1260v3 Set_DE.idml,921,,Lin,ES,Helena,,jazz,Z:\Produkte\F!Powerline\1260v3_Bundle\INT,3/26/2026,4/14/2026,4/2/2026,Product Management,geliefert,Hme,
INT_105x73_Booklet_1260v3 Set_DE.idml,921,,Lin,NL,Angelique,,jazz,Z:\Produkte\F!Powerline\1260v3_Bundle\INT,3/26/2026,4/14/2026,4/2/2026,Product Management,geliefert,Hme,
INT_105x73_Booklet_1260v3 Set_DE.idml,921,,Lin,IT,Laura,,jazz,Z:\Produkte\F!Powerline\1260v3_Bundle\INT,3/26/2026,4/14/2026,4/2/2026,Product Management,geliefert,Hme,
INT_105x73_Booklet_1260v3 Set_DE.idml,921,,Lin,FR,Marie,,jazz,Z:\Produkte\F!Powerline\1260v3_Bundle\INT,3/26/2026,4/14/2026,4/2/2026,Product Management,geliefert,Hme,
AT: Lektorat Business Update April,,,PSe,DE,Franziska,,LS-Tracker,,3/26/2026,3/30/2026,4/2/2026,Channel Sales,geliefert,FSc,
CH: Lektorat Business Update April,,,PSe,DE,Franziska,,LS-Tracker,,3/26/2026,3/30/2026,4/2/2026,Channel Sales,geliefert,FSc,
Gewährleistungsretoure,141,,Ofo,EN,Lisa,,LS-Tracker,Z:\Produkte\Support-Aufträge\03.2026\13.03.26,3/26/2026,4/13/2026,4/13/2026,Kundenservice 2nd Level,geliefert,Rho,
Gewährleistungsretoure,141,,Ofo,IT,Laura,,LS-Tracker,Z:\Produkte\Support-Aufträge\03.2026\10.03.26,3/26/2026,4/13/2026,4/13/2026,Kundenservice 2nd Level,geliefert,Rho,
Gewährleistungsretoure,141,,Ofo,NL,Angelique,,LS-Tracker,Z:\Produkte\Support-Aufträge\03.2026\13.03.26,3/26/2026,4/13/2026,4/13/2026,Kundenservice 2nd Level,geliefert,Rho,
Gewährleistungsretoure,141,,Ofo,FR,Martine,,LS-Tracker,Z:\Produkte\Support-Aufträge\03.2026\10.03.26,3/26/2026,4/13/2026,4/13/2026,Kundenservice 2nd Level,geliefert,Rho,
Gewährleistungsretoure,141,,Ofo,ES,Helena,,LS-Tracker,Z:\Produkte\Support-Aufträge\03.2026\10.03.26,3/26/2026,4/13/2026,4/13/2026,Kundenservice 2nd Level,geliefert,Rho,
"4814_nl-NL_sicherheit_beginnt_am_router_20260327-105154.xml,436,,PSe,NL,Angelique,,LS-Tracker,""Z:\Produkte\Texte Web, Marketing, etc\deutsch\2026.03"",3/27/2026,3/27/2026,3/27/2026,Channel Sales,,msi,"
TLF_FRITZ!Mesh_Set2700-de.docx,1349,,Ali,DE,Franziska,,LS-Tracker,Z:\Produkte\Testleitfaden,3/27/2026,3/27/2026,3/27/2026,Finance,geliefert,Hme,
TLF_FRITZ!Mesh_Set4200-de.docx,1535,,Ali,DE,Franziska,,LS-Tracker,Z:\Produkte\Testleitfaden,3/27/2026,3/27/2026,3/27/2026,Finance,geliefert,Hme,
TLF_FRITZ!Mesh_Set2700-de.docx,1349,,Alp,EN,Susan,,LS-Tracker,Z:\Produkte\Testleitfaden,3/27/2026,4/1/2026,4/1/2026,Corporate Communications,geliefert,Hme,
TLF_FRITZ!Mesh_Set4200-de.docx,1535,,Alp,EN,Susan,,LS-Tracker,Z:\Produkte\Testleitfaden,3/27/2026,4/1/2026,4/1/2026,Corporate Communications,geliefert,Hme,
Form FRITZ! Shop.docx,14,,Tpo,EN,Susan,,LS-Tracker,Z:\Produkte\FRITZ!com\2026.03\KW13,3/27/2026,3/31/2026,4/1/2026,Technical Communication,geliefert,Lbo,
Form FRITZ! Shop.docx,14,,Tpo,ES,Helena,,LS-Tracker,Z:\Produkte\FRITZ!com\2026.03\KW13,3/27/2026,3/31/2026,4/1/2026,Technical Communication,geliefert,Lbo,
Form FRITZ! Shop.docx,14,,Tpo,FR,Martine,,LS-Tracker,Z:\Produkte\FRITZ!com\2026.03\KW13,3/27/2026,3/31/2026,4/1/2026,Technical Communication,geliefert,Lbo,
Form FRITZ! Shop.docx,14,,Tpo,IT,Laura,,LS-Tracker,Z:\Produkte\FRITZ!com\2026.03\KW13,3/27/2026,3/31/2026,4/1/2026,Technical Communication,geliefert,Lbo,
Form FRITZ! Shop.docx,14,,Tpo,NL,Angelique,,LS-Tracker,Z:\Produkte\FRITZ!com\2026.03\KW13,3/27/2026,3/31/2026,4/1/2026,Technical Communication,geliefert,Lbo,
"ES Newsletter April.docx,117,,Jwg,ES,Helena,,LS-Tracker,""Z:\Produkte\Texte Web, Marketing, etc\deutsch\2026.03"",3/27/2026,4/7/2026,4/2/2026,Channel Sales,geliefert,Hme,"
translations-[Sprache]-PRODUCT.json,,,JBl,EN,John,,LS-Tracker,Z:\Produkte\FRITZ!com\2026.03\KW14,3/30/2026,4/1/2026,4/7/2026,D2C Ecommerce,geliefert,Lbo,
translations-[Sprache]-PRODUCT.json,,,JBl,ES,Alba,,LS-Tracker,Z:\Produkte\FRITZ!com\2026.03\KW14,3/30/2026,4/2/2026,4/7/2026,D2C Ecommerce,geliefert,Lbo,
translations-[Sprache]-PRODUCT.json,,,JBl,FR,Marie,,LS-Tracker,Z:\Produkte\FRITZ!com\2026.03\KW14,3/30/2026,4/2/2026,4/7/2026,D2C Ecommerce,geliefert,Lbo,
translations-[Sprache]-PRODUCT.json,,,JBl,IT,Laura,,LS-Tracker,Z:\Produkte\FRITZ!com\2026.03\KW14,3/30/2026,4/1/2026,4/7/2026,D2C Ecommerce,geliefert,Lbo,
translations-[Sprache]-PRODUCT.json,,,JBl,NL,Angelique,,LS-Tracker,Z:\Produkte\FRITZ!com\2026.03\KW14,3/30/2026,4/14/2026,4/7/2026,D2C Ecommerce,geliefert,Lbo,
translations-[Sprache]-METAFIELD.json,,,JBl,EN,John,,LS-Tracker,Z:\Produkte\FRITZ!com\2026.03\KW14,3/30/2026,4/1/2026,4/7/2026,D2C Ecommerce,geliefert,Lbo,
translations-[Sprache]-METAFIELD.json,,,JBl,ES,Helena,,LS-Tracker,Z:\Produkte\FRITZ!com\2026.03\KW14,3/30/2026,4/2/2026,4/7/2026,D2C Ecommerce,geliefert,Lbo,
translations-[Sprache]-METAFIELD.json,,,JBl,FR,Marie,,LS-Tracker,Z:\Produkte\FRITZ!com\2026.03\KW14,3/30/2026,4/2/2026,4/7/2026,D2C Ecommerce,geliefert,Lbo,
translations-[Sprache]-METAFIELD.json,,,JBl,IT,Laura,,LS-Tracker,Z:\Produkte\FRITZ!com\2026.03\KW14,3/30/2026,4/1/2026,4/7/2026,D2C Ecommerce,geliefert,Lbo,
translations-[Sprache]-METAFIELD.json,,,JBl,NL,Angelique,,LS-Tracker,Z:\Produkte\FRITZ!com\2026.03\KW14,3/30/2026,4/14/2026,4/7/2026,D2C Ecommerce,geliefert,Lbo,
PDP_6700-translations-[Sprache]-ONLINE_STORE_THEME.json,,,JBl,EN,Susan,,LS-Tracker,Z:\Produkte\FRITZ!com\2026.03\KW14,3/30/2026,4/1/2026,4/7/2026,D2C Ecommerce,geliefert,Lbo,
PDP_6700-translations-[Sprache]-ONLINE_STORE_THEME.json,,,JBl,ES,Helena,,LS-Tracker,Z:\Produkte\FRITZ!com\2026.03\KW14,3/30/2026,4/2/2026,4/7/2026,D2C Ecommerce,geliefert,Lbo,
PDP_6700-translations-[Sprache]-ONLINE_STORE_THEME.json,,,JBl,FR,Marie,,LS-Tracker,Z:\Produkte\FRITZ!com\2026.03\KW14,3/30/2026,4/2/2026,4/7/2026,D2C Ecommerce,geliefert,Lbo,
PDP_6700-translations-[Sprache]-ONLINE_STORE_THEME.json,,,JBl,IT,Laura,,LS-Tracker,Z:\Produkte\FRITZ!com\2026.03\KW14,3/30/2026,4/1/2026,4/7/2026,D2C Ecommerce,geliefert,Lbo,
PDP_6700-translations-[Sprache]-ONLINE_STORE_THEME.json,,,JBl,NL,Angelique,,LS-Tracker,Z:\Produkte\FRITZ!com\2026.03\KW14,3/30/2026,4/14/2026,4/7/2026,D2C Ecommerce,geliefert,Lbo,
PSPs_6690_5630_5630XGS-translations-[Sprache]-ONLINE_STORE_THEME.json,,,Tpo,EN,Laura,,LS-Tracker,Z:\Produkte\FRITZ!com\2026.03\KW14,3/30/2026,3/31/2026,4/10/2026,Technical Communication,geliefert,Lbo,
PSPs_6690_5630_5630XGS-translations-[Sprache]-ONLINE_STORE_THEME.json,,,Tpo,ES,Laura,,LS-Tracker,Z:\Produkte\FRITZ!com\2026.03\KW14,3/30/2026,3/31/2026,4/10/2026,Technical Communication,geliefert,Lbo,
PSPs_6690_5630_5630XGS-translations-[Sprache]-ONLINE_STORE_THEME.json,,,Tpo,FR,Laura,,LS-Tracker,Z:\Produkte\FRITZ!com\2026.03\KW14,3/30/2026,3/31/2026,4/10/2026,Technical Communication,geliefert,Lbo,
PSPs_6690_5630_5630XGS-translations-[Sprache]-ONLINE_STORE_THEME.json,,,Tpo,IT,Laura,,LS-Tracker,Z:\Produkte\FRITZ!com\2026.03\KW14,3/30/2026,3/31/2026,4/10/2026,Technical Communication,geliefert,Lbo,
PSPs_6690_5630_5630XGS-translations-[Sprache]-ONLINE_STORE_THEME.json,,,Tpo,NL,Laura,,LS-Tracker,Z:\Produkte\FRITZ!com\2026.03\KW14,3/30/2026,3/31/2026,4/10/2026,Technical Communication,geliefert,Lbo,
Fapp_adc_20260206-de.xml,5573,,KSu,EN,Susan,,jazz,Z:\Produkte\F!Apps\Apps_allgemein\ADC\deutsch\2026.02,3/30/2026,4/10/2026,4/15/2026,User Interface & Clients,geliefert,FSc,
Fapp_adc_20260206-de.xml,5573,,KSu,Es,Helena,,jazz,Z:\Produkte\F!Apps\Apps_allgemein\ADC\deutsch\2026.02,3/30/2026,4/10/2026,4/15/2026,User Interface & Clients,geliefert,FSc,
Fapp_adc_20260206-de.xml,5573,,KSu,Fr,Marie,,jazz,Z:\Produkte\F!Apps\Apps_allgemein\ADC\deutsch\2026.02,3/30/2026,4/10/2026,4/15/2026,User Interface & Clients,geliefert,FSc,
Fapp_adc_20260206-de.xml,5573,,KSu,It,Laura,,jazz,Z:\Produkte\F!Apps\Apps_allgemein\ADC\deutsch\2026.02,3/30/2026,4/10/2026,4/15/2026,User Interface & Clients,geliefert,FSc,
Fapp_adc_20260206-de.xml,5573,,KSu,Nl,Angelique,,jazz,Z:\Produkte\F!Apps\Apps_allgemein\ADC\deutsch\2026.02,3/30/2026,4/13/2026,4/15/2026,User Interface & Clients,geliefert,FSc,
Fapp_adc_20260206-de.xml,5573,,KSu,Pl,Yabylon,,jazz,Z:\Produkte\F!Apps\Apps_allgemein\ADC\deutsch\2026.02,3/30/2026,4/10/2026,4/15/2026,User Interface & Clients,geliefert,FSc,
Fapp_adc_20260206-de.xml,5573,,KSu,SL,Yabylon,,jazz,Z:\Produkte\F!Apps\Apps_allgemein\ADC\deutsch\2026.02,3/30/2026,4/10/2026,4/15/2026,User Interface & Clients,geliefert,FSc,
Fapp_fundamentals_20260206-de.xml,50,,KSu,EN,Susan,,jazz,Z:\Produkte\F!Apps\Apps_allgemein\Fundamentals\deutsch\2026.02,3/30/2026,4/7/2026,4/15/2026,User Interface & Clients,geliefert,FSc,
Fapp_fundamentals_20260206-de.xml,50,,KSu,Es,Helena,,jazz,Z:\Produkte\F!Apps\Apps_allgemein\Fundamentals\deutsch\2026.02,3/30/2026,4/7/2026,4/15/2026,User Interface & Clients,geliefert,FSc,
Fapp_fundamentals_20260206-de.xml,50,,KSu,Fr,Marie,,jazz,Z:\Produkte\F!Apps\Apps_allgemein\Fundamentals\deutsch\2026.02,3/30/2026,4/7/2026,4/15/2026,User Interface & Clients,geliefert,FSc,
Fapp_fundamentals_20260206-de.xml,50,,KSu,It,Laura,,jazz,Z:\Produkte\F!Apps\Apps_allgemein\Fundamentals\italienisch\2026.02,3/30/2026,4/7/2026,4/15/2026,User Interface & Clients,geliefert,FSc,
Fapp_fundamentals_20260206-de.xml,50,,KSu,Nl,Angelique,,jazz,Z:\Produkte\F!Apps\Apps_allgemein\Fundamentals\deutsch\2026.02,3/30/2026,4/13/2026,4/15/2026,User Interface & Clients,geliefert,FSc,
Fapp_fundamentals_20260206-de.xml,50,,KSu,Pl,Yabylon,,jazz,Z:\Produkte\F!Apps\Apps_allgemein\Fundamentals\deutsch\2026.02,3/30/2026,4/7/2026,4/15/2026,User Interface & Clients,geliefert,FSc,
Fapp_fundamentals_20260206-de.xml,50,,KSu,SL,Yabylon,,jazz,Z:\Produkte\F!Apps\Apps_allgemein\Fundamentals\deutsch\2026.02,3/30/2026,4/7/2026,4/15/2026,User Interface & Clients,geliefert,FSc,
"Landingpage Digitale Souveränität,436,,Pse,ES,Helena,,LS-Tracker,""Z:\Produkte\Texte Web, Marketing, etc\deutsch\2026.03"",3/30/2026,4/14/2026,4/17/2026,Channel Sales,geliefert,Hme,"
"Landingpage Digitale Souveränität,436,,Pse,IT,Cristina,Laura,LS-Tracker,""Z:\Produkte\Texte Web, Marketing, etc\deutsch\2026.03"",3/30/2026,4/14/2026,4/17/2026,Channel Sales,geliefert,Hme,"
5690 Banner - Übersetzung.docx,34,,LCa,EN,Susan,,LS-Tracker,Z:\Produkte\FRITZ!com\2026.04\KW14,4/1/2026,4/2/2026,4/2/2026,D2C Ecommerce,geliefert,Lbo,
5690 Banner - Übersetzung.docx,34,,LCa,ES,Helena,,LS-Tracker,Z:\Produkte\FRITZ!com\2026.04\KW14,4/1/2026,4/2/2026,4/2/2026,D2C Ecommerce,geliefert,Lbo,
5690 Banner - Übersetzung.docx,34,,LCa,FR,Marie,,LS-Tracker,Z:\Produkte\FRITZ!com\2026.04\KW14,4/1/2026,4/2/2026,4/2/2026,D2C Ecommerce,geliefert,Lbo,
5690 Banner - Übersetzung.docx,34,,LCa,IT,Laura,,LS-Tracker,Z:\Produkte\FRITZ!com\2026.04\KW14,4/1/2026,4/2/2026,4/2/2026,D2C Ecommerce,geliefert,Lbo,
5690 Banner - Übersetzung.docx,34,,LCa,NL,Yabylon,,LS-Tracker,Z:\Produkte\FRITZ!com\2026.04\KW14,4/1/2026,4/2/2026,4/2/2026,D2C Ecommerce,geliefert,Lbo,
"Anga 2026 Save the Date_de.docx,189,,Bal,EN,Susan,,LS-Tracker,""Z:\Produkte\Texte Web, Marketing, etc\deutsch\2026.04"",4/1/2026,4/7/2026,4/2/2026,Corporate Communications,geliefert,Hme,"
BE-Berlin_(Charlottenburg)_HRB_111009+AD-20260401114534.pdf,,,SPI,ES,Yabylon,,Mail,Z:\Produkte\Einleger und juristische Texte\Handelsregisterauszug_HRB 111009 B,4/1/2026,4/7/2026,4/8/2026,Finance,digitale Version geliefert,msi,
Blog_FRITZ!_glänzt-translations-[Sprache]-ARTICLE.json,,,Dbo,ES,Helena,,LS-Tracker,Z:\Produkte\FRITZ!com\2026.04\KW14,4/1/2026,4/13/2026,4/13/2026,Corporate Communications,importiert,msi,
Blog_FRITZ!_glänzt-translations-[Sprache]-ARTICLE.json,,,Dbo,FR,Marie,Martine,LS-Tracker,Z:\Produkte\FRITZ!com\2026.04\KW14,4/1/2026,4/13/2026,4/13/2026,Corporate Communications,importiert,msi,
Blog_FRITZ!_glänzt-translations-[Sprache]-ARTICLE.json,,,Dbo,IT,Cristina,Laura,LS-Tracker,Z:\Produkte\FRITZ!com\2026.04\KW14,4/1/2026,4/13/2026,4/13/2026,Corporate Communications,importiert,msi,
Blog_FRITZ!_glänzt-translations-[Sprache]-ONLINE_STORE_THEME.json,,,Dbo,ES,Helena,,LS-Tracker,Z:\Produkte\FRITZ!com\2026.04\KW14,4/1/2026,4/13/2026,4/13/2026,Corporate Communications,importiert,msi,
Blog_FRITZ!_glänzt-translations-[Sprache]-ONLINE_STORE_THEME.json,,,Dbo,FR,Marie,Martine,LS-Tracker,Z:\Produkte\FRITZ!com\2026.04\KW14,4/1/2026,4/13/2026,4/13/2026,Corporate Communications,importiert,msi,
Blog_FRITZ!_glänzt-translations-[Sprache]-ONLINE_STORE_THEME.json,,,Dbo,IT,Cristina,Laura,LS-Tracker,Z:\Produkte\FRITZ!com\2026.04\KW14,4/1/2026,4/13/2026,4/13/2026,Corporate Communications,importiert,msi,
Blog_FRITZ!_glänzt-translations-[Sprache]-ARTICLE.json,,,Dbo,nl,Angelique,,LS-Tracker,Z:\Produkte\FRITZ!com\2026.04\KW14,4/1/2026,4/13/2026,4/17/2026,Corporate Communications,,msi,
Blog_FRITZ!_glänzt-translations-[Sprache]-ARTICLE.json,,,Dbo,NL,,,LS-Tracker,Z:\Produkte\FRITZ!com\2026.04\KW14,4/1/2026,4/13/2026,4/17/2026,Corporate Communications,,msi,
Blog_FRITZ!_glänzt-translations-[Sprache]-ONLINE_STORE_THEME.json,,,Dbo,EN,John,,LS-Tracker,Z:\Produkte\FRITZ!com\2026.04\KW14,4/1/2026,4/13/2026,4/17/2026,Corporate Communications,,msi,
Blog_FRITZ!_glänzt-translations-[Sprache]-ONLINE_STORE_THEME.json,,,Dbo,NL,Angelique,,LS-Tracker,Z:\Produkte\FRITZ!com\2026.04\KW14,4/1/2026,4/13/2026,4/17/2026,Corporate Communications,,msi,
"IT_Newsletter_April.docx,173,,JWg,It,Cristina,Laura,LS-Tracker,""Z:\Produkte\Texte Web, Marketing, etc\italienisch\2026.04"",4/7/2026,4/14/2026,4/14/2026,Channel Sales,ausgecheckt,msi,"
Blog_Use Cases Shopify-translations-en-ARTICLE.json,,,JBl,EN,John,,LS-Tracker,Z:\Produkte\FRITZ!com\2026.04\KW15\DE,4/8/2026,4/8/2026,4/9/2026,D2C Ecommerce,,msi,
2026-04-09T11-33-00_PM-History-Texts.xml,,,TJa,DE,Franziska,,LS-Tracker,Z:\Produkte\F!Box allgemein\Info.txt\Release\25_Smart24-P2\2026.04,4/8/2026,4/9/2026,4/9/2026,Product Management,geliefert,FSc,
2026-04-09T13-07-54_PM-History-Texts_korr-de.xml,,,TJa,EN,Susan,,LS-Tracker,Z:\Produkte\F!Box allgemein\Info.txt\Release\25_Smart24-P2\2026.04,4/8/2026,4/9/2026,4/9/2026,Product Management,geliefert,FSc,
"Übersetzung FaeB EN 2026-04.docx,21,,Bal,EN,John,,LS-Tracker,""Z:\Produkte\Texte Web, Marketing, etc\deutsch\2026.04"",4/8/2026,4/9/2026,4/10/2026,Corporate Communications,,msi,"
HB_FB_sm24p1_v7-2026-04-08_D-00000083_T-00001045_EngineeringModules_de-DE_en-GB.xml.xml,32,,Cmi,EN,John,,LS-Tracker,Z:\International\Tico\work,4/8/2026,4/15/2026,4/15/2026,Technical Communication,importiert,msi,
OH_FB_Sm24P2_v10-2026-04-08_D-00000084_T-00001054_EngineeringModules_de-DE_en-GB.xml,,,Cmi,EN,Susan,,LS-Tracker,Z:\International\Tico\work,4/8/2026,4/15/2026,4/15/2026,Technical Communication,Ü-fertig,msi,
HB_FB_sm24p1_v7-2026-04-08_D-00000083_T-00001041_EngineeringModules_Fragments_de-DE_fr-FR.xml.xml,15,,Cmi,Fr,Martine,,LS-Tracker,Z:\International\Tico\work,4/8/2026,4/24/2026,4/21/2026,Technical Communication,importiert,msi,
HB_FB_sm24p1_v7-2026-04-08_D-00000083_T-00001042_EngineeringModules_de-DE_es-ES.xml.xml,2399,,Cmi,Es,Helena,,LS-Tracker,Z:\International\Tico\work,4/8/2026,4/24/2026,4/21/2026,Technical Communication,importiert,msi,
HB_FB_sm24p1_v7-2026-04-08_D-00000083_T-00001042_EngineeringModules_Fragments_de-DE_es-ES.xml.xml,15,,Cmi,Es,Helena,,LS-Tracker,Z:\International\Tico\work,4/8/2026,4/24/2026,4/21/2026,Technical Communication,importiert,msi,
HB_FB_sm24p1_v7-2026-04-08_D-00000083_T-00001043_EngineeringModules_de-DE_it-IT.xml.xml,1682,,Cmi,It,Laura,,LS-Tracker,Z:\International\Tico\work,4/8/2026,4/21/2026,4/21/2026,Technical Communication,importiert,msi,
HB_FB_sm24p1_v7-2026-04-08_D-00000083_T-00001043_EngineeringModules_Fragments_de-DE_it-IT.xml.xml,15,,Cmi,It,Laura,,LS-Tracker,Z:\International\Tico\work,4/8/2026,4/21/2026,4/21/2026,Technical Communication,importiert,msi,
HB_FB_sm24p1_v7-2026-04-08_D-00000083_T-00001044_EngineeringModules_de-DE_nl-NL.xml.xml,7781,,Cmi,Nl,Angelique,,LS-Tracker,Z:\International\Tico\work,4/8/2026,4/21/2026,4/21/2026,Technical Communication,Ü-fertig,msi,
HB_FB_sm24p1_v7-2026-04-08_D-00000083_T-00001044_EngineeringModules_Fragments_de-DE_nl-NL.xml.xml,15,,Cmi,Nl,Angelique,,LS-Tracker,Z:\International\Tico\work,4/8/2026,4/21/2026,4/21/2026,Technical Communication,Ü-fertig,msi,
HB_FB_sm24p1_v7-2026-04-08_D-00000083_T-00001041_EngineeringModules_de-DE_fr-FR.xml.xml,2399,,Cmi,Fr,Martine,,LS-Tracker,Z:\International\Tico\work,4/8/2026,4/24/2026,4/22/2026,Technical Communication,importiert,msi,
HB_FB_Sm24p2_v4-2026-04-08_D-00000088_T-00001049_EngineeringModules_de-DE_nl-NL.xml.xml,653,,Cmi,Nl,Angelique,,LS-Tracker,Z:\International\Tico\work,4/8/2026,4/23/2026,4/23/2026,Technical Communication,importiert,msi,
HB_FB_Sm24p2_v4-2026-04-08_D-00000088_T-00001048_EngineeringModules_de-DE_it-IT.xml.xml,653,,Cmi,It,Laura,,LS-Tracker,Z:\International\Tico\work,4/8/2026,4/24/2026,4/23/2026,Technical Communication,,msi,
HB_FB_Sm24p2_v4-2026-04-08_D-00000088_T-00001047_EngineeringModules_de-DE_es-ES.xml.xml,653,,Cmi,Es,Helena,,LS-Tracker,Z:\International\Tico\work,4/8/2026,4/24/2026,4/23/2026,Technical Communication,importiert,msi,
OH_FB_Sm24P2_v10-2026-04-08_D-00000084_T-00001053_EngineeringModules_de-DE_nl-NL.xml,,,Cmi,Nl,Angelique,,LS-Tracker,Z:\International\Tico\work,4/8/2026,4/23/2026,4/23/2026,Technical Communication,Ü-fertig,msi,
OH_FB_Sm24P2_v10-2026-04-08_D-00000084_T-00001052_EngineeringModules_de-DE_it-IT.xml,,,Cmi,It,Laura,,LS-Tracker,Z:\International\Tico\work,4/8/2026,4/24/2026,4/23/2026,Technical Communication,,msi,
OH_FB_Sm24P2_v10-2026-04-08_D-00000084_T-00001051_EngineeringModules_de-DE_es-ES.xml,,,Cmi,Es,Helena,,LS-Tracker,Z:\International\Tico\work,4/8/2026,4/24/2026,4/23/2026,Technical Communication,importiert,msi,
OH_FB_Sm24P2_v10-2026-04-08_D-00000084_T-00001050_EngineeringModules_de-DE_fr-FR.xml,,,Cmi,Fr,Martine,,LS-Tracker,Z:\International\Tico\work,4/8/2026,4/23/2026,4/23/2026,Technical Communication,,msi,
HB_FB_Sm24p2_v4-2026-04-08_D-00000088_T-00001046_EngineeringModules_de-DE_fr-FR.xml.xml,653,,Cmi,Fr,Martine,,LS-Tracker,Z:\International\Tico\work,4/8/2026,5/11/2026,5/11/2026,Technical Communication,,msi,
Übersetzung Oster-Gewinnspiel Gewinner-Mail,93,,Atc,It,Cristina,Laura,LS-Tracker,Z:\Produkte\FRITZ!com\2026.04\KW15\DE,4/9/2026,4/16/2026,4/16/2026,D2C Ecommerce,geliefert,msi,
Übersetzung Oster-Gewinnspiel Trostpreis-Mail,,,Atc,It,Cristina,Laura,LS-Tracker,Z:\Produkte\FRITZ!com\2026.04\KW15\DE,4/9/2026,4/16/2026,4/16/2026,D2C Ecommerce,geliefert,msi,
Übersetzung Oster-Gewinnspiel Gewinner-Mail,93,,Atc,Es,Helena,,LS-Tracker,Z:\Produkte\FRITZ!com\2026.04\KW15\DE,4/9/2026,4/16/2026,4/16/2026,D2C Ecommerce,geliefert,msi,
Übersetzung Oster-Gewinnspiel Trostpreis-Mail,,,Atc,Es,Helena,,LS-Tracker,Z:\Produkte\FRITZ!com\2026.04\KW15\DE,4/9/2026,4/16/2026,4/16/2026,D2C Ecommerce,geliefert,msi,
Übersetzung Oster-Gewinnspiel Gewinner-Mail,93,,Atc,Nl,Angelique,,LS-Tracker,Z:\Produkte\FRITZ!com\2026.04\KW15\DE,4/9/2026,4/16/2026,4/16/2026,D2C Ecommerce,geliefert,msi,
Übersetzung Oster-Gewinnspiel Trostpreis-Mail,,,Atc,Nl,Angelique,,LS-Tracker,Z:\Produkte\FRITZ!com\2026.04\KW15\DE,4/9/2026,4/16/2026,4/16/2026,D2C Ecommerce,geliefert,msi,
09042026_Uebersetzungen_A+Content,,,JBl,EN,John,,LS-Tracker,Z:\Produkte\D2C\deutsch\2026.04,4/10/2026,4/15/2026,4/15/2026,D2C Ecommerce,geliefert,Lbo,
09042026_Uebersetzungen_A+Content,,,JBl,Es,Helena,,LS-Tracker,Z:\Produkte\D2C\deutsch\2026.04,4/10/2026,4/15/2026,4/15/2026,D2C Ecommerce,geliefert,Lbo,
09042026_Uebersetzungen_A+Content,,,JBl,It,Cristina,Laura,LS-Tracker,Z:\Produkte\D2C\deutsch\2026.04,4/10/2026,4/15/2026,4/15/2026,D2C Ecommerce,geliefert,Lbo,
09042026_Uebersetzungen_A+Content,,,JBl,Fr,Marie,,LS-Tracker,Z:\Produkte\D2C\deutsch\2026.04,4/10/2026,4/15/2026,4/15/2026,D2C Ecommerce,geliefert,Lbo,
09042026_Uebersetzungen_A+Content,,,JBl,Nl,Angelique,,LS-Tracker,Z:\Produkte\D2C\deutsch\2026.04,4/10/2026,4/15/2026,4/15/2026,D2C Ecommerce,geliefert,Lbo,
09042026_Uebersetzungen_A+Content,,,JBl,PL,Yabylon,,LS-Tracker,Z:\Produkte\D2C\deutsch\2026.04,4/10/2026,4/15/2026,4/15/2026,D2C Ecommerce,geliefert,Lbo,
Vergleich_Fon-translations-en-METAOBJECT,,,CST,EN,Susan,,LS-Tracker,Z:\Produkte\FRITZ!com\2026.04\KW15\DE,4/10/2026,4/14/2026,4/16/2026,D2C Ecommerce,importiert,Lbo,
Vergleich_Fon-translations-en-ONLINE_STORE_THEME,,,CST,EN,Susan,,LS-Tracker,Z:\Produkte\FRITZ!com\2026.04\KW15\DE,4/10/2026,4/14/2026,4/16/2026,D2C Ecommerce,importiert,Lbo,
Vergleich_Fon-translations-es-METAOBJECT,,,CST,Es,Helena,,LS-Tracker,Z:\Produkte\FRITZ!com\2026.04\KW15\DE,4/10/2026,4/14/2026,4/16/2026,D2C Ecommerce,importiert,Lbo,
Vergleich_Fon-translations-es-ONLINE_STORE_THEME,,,CST,Es,Helena,,LS-Tracker,Z:\Produkte\FRITZ!com\2026.04\KW15\DE,4/10/2026,4/14/2026,4/16/2026,D2C Ecommerce,importiert,Lbo,
Vergleich_Fon-translations-fr-METAOBJECT,,,CST,Fr,Martine,,LS-Tracker,Z:\Produkte\FRITZ!com\2026.04\KW15\DE,4/10/2026,4/14/2026,4/16/2026,D2C Ecommerce,importiert,Lbo,
Vergleich_Fon-translations-fr-ONLINE_STORE_THEME,,,CST,Fr,Martine,,LS-Tracker,Z:\Produkte\FRITZ!com\2026.04\KW15\DE,4/10/2026,4/14/2026,4/16/2026,D2C Ecommerce,importiert,Lbo,
Vergleich_Fon-translations-it-ONLINE_STORE_THEME,,,CST,It,Laura,,LS-Tracker,Z:\Produkte\FRITZ!com\2026.04\KW15\DE,4/10/2026,4/15/2026,4/16/2026,D2C Ecommerce,importiert,Lbo,
Vergleich_Fon-translations-nl-METAOBJECT,,,CST,Nl,Angelique,,LS-Tracker,Z:\Produkte\FRITZ!com\2026.04\KW15\DE,4/10/2026,4/15/2026,4/16/2026,D2C Ecommerce,importiert,Lbo,
Vergleich_Fon-translations-nl-ONLINE_STORE_THEME,,,CST,Nl,Angelique,,LS-Tracker,Z:\Produkte\FRITZ!com\2026.04\KW15\DE,4/10/2026,4/15/2026,4/16/2026,D2C Ecommerce,importiert,Lbo,
WLAN_Stick-translations-en-COLLECTION,,,JBl,EN,Susan,,LS-Tracker,Z:\Produkte\FRITZ!com\2026.04\KW15\DE,4/10/2026,4/10/2026,4/16/2026,D2C Ecommerce,importiert,Lbo,
WLAN_Stick-translations-en-ONLINE_STORE_THEME,,,JBl,EN,Susan,,LS-Tracker,Z:\Produkte\FRITZ!com\2026.04\KW15\DE,4/10/2026,4/16/2026,4/16/2026,D2C Ecommerce,importiert,Lbo,
WLAN_Stick-translations-es-COLLECTION,,,JBl,Es,Helena,,LS-Tracker,Z:\Produkte\FRITZ!com\2026.04\KW15\DE,4/10/2026,4/16/2026,4/16/2026,D2C Ecommerce,importiert,Lbo,
WLAN_Stick-translations-es-ONLINE_STORE_THEME,,,JBl,Es,Helena,,LS-Tracker,Z:\Produkte\FRITZ!com\2026.04\KW15\DE,4/10/2026,4/16/2026,4/16/2026,D2C Ecommerce,importiert,Lbo,
WLAN_Stick-translations-fr-COLLECTION,,,JBl,Fr,Martine,,LS-Tracker,Z:\Produkte\FRITZ!com\2026.04\KW15\DE,4/10/2026,4/16/2026,4/16/2026,D2C Ecommerce,importiert,Lbo,
WLAN_Stick-translations-fr-ONLINE_STORE_THEME,,,JBl,Fr,Martine,,LS-Tracker,Z:\Produkte\FRITZ!com\2026.04\KW15\DE,4/10/2026,4/16/2026,4/16/2026,D2C Ecommerce,importiert,Lbo,
WLAN_Stick-translations-it-COLLECTION,,,JBl,It,Laura,,LS-Tracker,Z:\Produkte\FRITZ!com\2026.04\KW15\DE,4/10/2026,4/16/2026,4/16/2026,D2C Ecommerce,importiert,Lbo,
WLAN_Stick-translations-it-ONLINE_STORE_THEME,,,JBl,It,Laura,,LS-Tracker,Z:\Produkte\FRITZ!com\2026.04\KW15\DE,4/10/2026,4/16/2026,4/16/2026,D2C Ecommerce,importiert,Lbo,
WLAN_Stick-translations-nl-COLLECTION,,,JBl,Nl,Angelique,,LS-Tracker,Z:\Produkte\FRITZ!com\2026.04\KW15\DE,4/10/2026,4/16/2026,4/16/2026,D2C Ecommerce,importiert,Lbo,
WLAN_Stick-translations-nl-ONLINE_STORE_THEME,,,JBl,Nl,Angelique,,LS-Tracker,Z:\Produkte\FRITZ!com\2026.04\KW15\DE,4/10/2026,4/16/2026,4/16/2026,D2C Ecommerce,importiert,Lbo,
PI FRITZ!Repeater Mesh Set 2700,,,Ngo,EN,Susan/Lisa,,LS-Tracker,PI FRITZ!Repeater Mesh Set 2700,4/13/2026,4/13/2026,4/15/2026,Corporate Communications,,Msi,
Login_DE.docx,46,,CST,EN,Lisa,,LS-Tracker,Z:\Produkte\FRITZ!com\2026.04\KW16\DE,4/13/2026,4/15/2026,4/15/2026,D2C Ecommerce,geliefert,Lbo,
Login_DE.docx,46,,CST,Fr,Martine,Marie,LS-Tracker,Z:\Produkte\FRITZ!com\2026.04\KW16\DE,4/13/2026,4/15/2026,4/15/2026,D2C Ecommerce,geliefert,Lbo,
Login_DE.docx,46,,CST,It,Laura,,LS-Tracker,Z:\Produkte\FRITZ!com\2026.04\KW16\DE,4/13/2026,4/15/2026,4/15/2026,D2C Ecommerce,geliefert,Lbo,
Login_DE.docx,46,,CST,Es,Helena,,LS-Tracker,Z:\Produkte\FRITZ!com\2026.04\KW16\DE,4/13/2026,4/15/2026,4/15/2026,D2C Ecommerce,geliefert,Lbo,
Login_DE.docx,46,,CST,Nl,Angelique,,LS-Tracker,Z:\Produkte\FRITZ!com\2026.04\KW16\DE,4/13/2026,4/15/2026,4/15/2026,D2C Ecommerce,geliefert,Lbo,
2026-04-14T11-42-34_PM-History-Texts.xml,,,TJa,DE,Carsten,,LS-Tracker,Z:\Produkte\F!Box allgemein\Info.txt\Release\25_Smart24-P2\2026.04,4/14/2026,4/14/2026,4/15/2026,Product Management,geliefert,Hme,
Changelogs_20260414.docx,,,KSU,EN,Susan,,jazz,Z:\Produkte\F!Apps\Apps_allgemein,4/14/2026,4/14/2026,4/15/2026,User Interface & Clients,geliefert,Hme,
Changelogs_20260414.docx,,,KSU,IT,Laura,,jazz,Z:\Produkte\F!Apps\Apps_allgemein,4/14/2026,4/14/2026,4/15/2026,User Interface & Clients,geliefert,Hme,
Changelogs_20260414.docx,,,KSU,FR,Marie,,jazz,Z:\Produkte\F!Apps\Apps_allgemein,4/14/2026,4/14/2026,4/15/2026,User Interface & Clients,geliefert,Hme,
Changelogs_20260414.docx,,,KSU,ES,Helena,,jazz,Z:\Produkte\F!Apps\Apps_allgemein,4/14/2026,4/14/2026,4/15/2026,User Interface & Clients,geliefert,Hme,
Changelogs_20260414.docx,,,KSU,NL,Angelique,,jazz,Z:\Produkte\F!Apps\Apps_allgemein,4/14/2026,4/14/2026,4/15/2026,User Interface & Clients,geliefert,Hme,
Changelogs_20260414.docx,,,KSU,PL,Yabylon,,jazz,Z:\Produkte\F!Apps\Apps_allgemein,4/14/2026,4/14/2026,4/15/2026,User Interface & Clients,geliefert,Hme,
Changelogs_20260414.docx,,,KSU,SL,Yabylon,,jazz,Z:\Produkte\F!Apps\Apps_allgemein,4/14/2026,4/14/2026,4/15/2026,User Interface & Clients,geliefert,Hme,
Login-translations-{SPRACHE}-PAGE.json,,,CST,EN,Lisa,,LS-Tracker,Z:\Produkte\FRITZ!com\2026.04\KW16,4/14/2026,4/15/2026,4/15/2026,D2C Ecommerce,geliefert,Lbo,
Login-translations-{SPRACHE}-PAGE.json,,,CST,ES,Helena,,LS-Tracker,Z:\Produkte\FRITZ!com\2026.04\KW16,4/14/2026,4/15/2026,4/15/2026,D2C Ecommerce,geliefert,Lbo,
Login-translations-{SPRACHE}-PAGE.json,,,CST,FR,Martine,,LS-Tracker,Z:\Produkte\FRITZ!com\2026.04\KW16,4/14/2026,4/15/2026,4/15/2026,D2C Ecommerce,geliefert,Lbo,
Login-translations-{SPRACHE}-PAGE.json,,,CST,IT,Laura,,LS-Tracker,Z:\Produkte\FRITZ!com\2026.04\KW16,4/14/2026,4/15/2026,4/15/2026,D2C Ecommerce,geliefert,Lbo,
Login-translations-{SPRACHE}-PAGE.json,,,CST,NL,Angelique,,LS-Tracker,Z:\Produkte\FRITZ!com\2026.04\KW16,4/14/2026,4/15/2026,4/15/2026,D2C Ecommerce,geliefert,Lbo,
2026-04-14T11-42-34_PM-History-Texts.xml,,,Tja,EN,Susan,,LS-Tracker,Z:\Produkte\F!Box allgemein\Info.txt\Release\25_Smart24-P2\2026.04,4/14/2026,4/14/2026,4/15/2026,Product Management,,,
Vergleich_Fon-translations-it-METAOBJECT,,,CST,IT,Laura,,LS-Tracker,Z:\Produkte\FRITZ!com\2026.04\KW15\DE,4/15/2026,4/15/2026,4/16/2026,D2C Ecommerce,importiert,Lbo,
Überschrift Award-Seite.docx,,,CST,EN,Lisa,,LS-Tracker,Z:\Produkte\FRITZ!com\2026.04\KW16,4/16/2026,4/17/2026,4/17/2026,D2C Ecommerce,geliefert,,
Überschrift Award-Seite.docx,,,CST,ES,Helena,,LS-Tracker,Z:\Produkte\FRITZ!com\2026.04\KW16,4/16/2026,4/16/2026,4/17/2026,D2C Ecommerce,geliefert,,
Überschrift Award-Seite.docx,,,CST,FR,Martine,Marie,LS-Tracker,Z:\Produkte\FRITZ!com\2026.04\KW16,4/16/2026,4/17/2026,4/17/2026,D2C Ecommerce,geliefert,,
Überschrift Award-Seite.docx,,,CST,IT,Laura,,LS-Tracker,Z:\Produkte\FRITZ!com\2026.04\KW16,4/16/2026,4/16/2026,4/17/2026,D2C Ecommerce,geliefert,,
Überschrift Award-Seite.docx,,,CST,NL,Angelique,,LS-Tracker,Z:\Produkte\FRITZ!com\2026.04\KW16,4/16/2026,4/16/2026,4/17/2026,D2C Ecommerce,geliefert,,
PDP_7630-translations-en-ONLINE_STORE_THEME.json,,,JBl,EN,Susan,,LS-Tracker,Z:\Produkte\FRITZ!com\2026.04\KW16,4/16/2026,4/16/2026,4/20/2026,D2C Ecommerce,geliefert,Lbo,
PDP_7630-translations-en-PRODUCT.json,,,JBl,EN,Susan,,LS-Tracker,Z:\Produkte\FRITZ!com\2026.04\KW16,4/16/2026,4/16/2026,4/20/2026,D2C Ecommerce,geliefert,Lbo,
PDP_7630-translations-en-METAOBJECT.json,,,JBl,EN,Susan,,LS-Tracker,Z:\Produkte\FRITZ!com\2026.04\KW16,4/16/2026,4/16/2026,4/20/2026,D2C Ecommerce,geliefert,Lbo,
PDP_7630-translations-en-ARTICLE.json,,,JBl,EN,Susan,,LS-Tracker,Z:\Produkte\FRITZ!com\2026.04\KW16,4/16/2026,4/16/2026,4/20/2026,D2C Ecommerce,geliefert,Lbo,
translations-en-METAFIELD.json,,,JBl,EN,Lisa,,LS-Tracker,Z:\Produkte\FRITZ!com\2026.04\KW16,4/16/2026,4/20/2026,4/20/2026,D2C Ecommerce,geliefert,Lbo,
box-discovery_unsubscribe_de.properties,551,,MXG,EN,Lisa,,jazz,Z:\Produkte\MyFRITZ\deutsch\2026.04,4/17/2026,4/20/2026,4/20/2026,IT,geliefert,Fsc,
box-discovery_unsubscribe_de.properties,551,,MXG,FR,Martine,,jazz,Z:\Produkte\MyFRITZ\deutsch\2026.04,4/17/2026,4/20/2026,4/20/2026,IT,geliefert,Fsc,
box-discovery_unsubscribe_de.properties,551,,MXG,IT,Laura,,jazz,Z:\Produkte\MyFRITZ\italienisch\2026.04,4/17/2026,4/20/2026,4/20/2026,IT,geliefert,Fsc,
box-discovery_unsubscribe_de.properties,551,,MXG,NL,Angelique,,jazz,Z:\Produkte\MyFRITZ\deutsch\2026.04,4/17/2026,4/20/2026,4/20/2026,IT,geliefert,Fsc,
box-discovery_unsubscribe_de.properties,551,,MXG,ES,Helena,,jazz,Z:\Produkte\MyFRITZ\deutsch\2026.04,4/17/2026,4/20/2026,4/20/2026,IT,geliefert,Fsc,
Webinartexte-translations-en-ONLINE_STORE_THEME,,,LCa,EN,Lisa,,LS-Tracker,Z:\Produkte\FRITZ!com\2026.04\KW16,4/17/2026,4/20/2026,4/21/2026,D2C Ecommerce,geliefert,Lbo,
Einzelne Übersetzungen für die 5630-de.docx,75,,ALB,EN,Lisa,,Mail,Z:\Produkte\F!Box allgemein\GUI-html2\deutsch\2026.04,4/17/2026,4/20/2026,4/21/2026,User Interface & Clients,geliefert,Fsc,
Einzelne Übersetzungen für die 5630-de.docx,75,,ALB,FR,Marie,,Mail,Z:\Produkte\F!Box allgemein\GUI-html2\deutsch\2026.04,4/17/2026,4/20/2026,4/21/2026,User Interface & Clients,geliefert,Fsc,
Einzelne Übersetzungen für die 5630-de.docx,75,,ALB,IT,Laura,,Mail,Z:\Produkte\F!Box allgemein\GUI-html2\italienisch\2026.04,4/17/2026,4/20/2026,4/21/2026,User Interface & Clients,geliefert,Fsc,
Einzelne Übersetzungen für die 5630-de.docx,75,,ALB,NL,Angelique,,Mail,Z:\Produkte\F!Box allgemein\GUI-html2\deutsch\2026.04,4/17/2026,4/20/2026,4/21/2026,User Interface & Clients,geliefert,Fsc,
Einzelne Übersetzungen für die 5630-de.docx,75,,ALB,ES,Helena,,Mail,Z:\Produkte\F!Box allgemein\GUI-html2\deutsch\2026.04,4/17/2026,4/20/2026,4/21/2026,User Interface & Clients,geliefert,Fsc,
Einzelne Übersetzungen für die 5630-de.docx,75,,ALB,PL,Yabylon,,Mail,Z:\Produkte\F!Box allgemein\GUI-html2\deutsch\2026.04,4/17/2026,4/20/2026,4/21/2026,User Interface & Clients,geliefert,Fsc,
Einzelne Übersetzungen für die 5630-de.docx,75,,ALB,SL,Yabylon,,Mail,Z:\Produkte\F!Box allgemein\GUI-html2\deutsch\2026.04,4/17/2026,4/20/2026,4/21/2026,User Interface & Clients,Ü-fertig,Fsc,
20260417_B2B-Onlineshop_AGB_final (clean).docx,5015,,TGO,EN,Lisa,,LS-Tracker,Z:\Produkte\D2C\deutsch\2026.04,4/17/2026,4/24/2026,4/24/2026,Corporate Legal,geliefert,Hme,
20260417_B2B-Onlineshop_AGB_final (clean).docx,5015,,TGO,IT,Laura,,LS-Tracker,Z:\Produkte\D2C\italienisch\2026.04,4/17/2026,4/24/2026,4/24/2026,Corporate Legal,geliefert,Hme,
20260417_B2B-Onlineshop_AGB_final (clean).docx,5015,,TGO,ES,Helena,,LS-Tracker,Z:\Produkte\D2C\deutsch\2026.04,4/17/2026,4/24/2026,4/24/2026,Corporate Legal,geliefert,Hme,
20260417_B2B-Onlineshop_AGB_final (clean).docx,5015,,TGO,NL,Angelique,,LS-Tracker,Z:\Produkte\D2C\deutsch\2026.04,4/17/2026,4/24/2026,4/24/2026,Corporate Legal,geliefert,Hme,
20260417_B2B-Onlineshop_AGB_final (clean).docx,5015,,TGO,FR,Martine,Marie,LS-Tracker,Z:\Produkte\D2C\deutsch\2026.04,4/17/2026,4/24/2026,4/24/2026,Corporate Legal,geliefert,Hme,
7630_INT-translations-<Sprache>-ARTICLE,,,JBl,Es,Helena,,LS-Tracker,Z:\Produkte\FRITZ!com\2026.04\KW16\,4/17/2026,4/23/2026,4/24/2026,D2C Ecommerce,importiert,Lbo,
7630_INT-translations-<Sprache>-ARTICLE,,,JBl,Fr,Marie,,LS-Tracker,Z:\Produkte\FRITZ!com\2026.04\KW16\,4/17/2026,4/22/2026,4/24/2026,D2C Ecommerce,importiert,Lbo,
7630_INT-translations-<Sprache>-ARTICLE,,,JBl,It,Cristina,Laura,LS-Tracker,Z:\Produkte\FRITZ!com\2026.04\KW16\,4/17/2026,4/21/2026,4/24/2026,D2C Ecommerce,importiert,Lbo,
7630_INT-translations-<Sprache>-ARTICLE,,,JBl,Nl,Angelique,,LS-Tracker,Z:\Produkte\FRITZ!com\2026.04\KW16\,4/17/2026,4/24/2026,4/24/2026,D2C Ecommerce,importiert,Lbo,
7630_INT-translations-<Sprache>-METAFIELD,,,JBl,EN,Lisa,,LS-Tracker,Z:\Produkte\FRITZ!com\2026.04\KW16\,4/17/2026,4/22/2026,4/24/2026,D2C Ecommerce,importiert,Lbo,
7630_INT-translations-<Sprache>-METAFIELD,,,JBl,Es,Helena,,LS-Tracker,Z:\Produkte\FRITZ!com\2026.04\KW16\,4/17/2026,4/23/2026,4/24/2026,D2C Ecommerce,importiert,Lbo,
7630_INT-translations-<Sprache>-METAFIELD,,,JBl,FR,Marie,,LS-Tracker,Z:\Produkte\FRITZ!com\2026.04\KW16\,4/17/2026,4/22/2026,4/24/2026,D2C Ecommerce,importiert,Lbo,
7630_INT-translations-<Sprache>-METAFIELD,,,JBl,IT,Cristina,Laura,LS-Tracker,Z:\Produkte\FRITZ!com\2026.04\KW16\,4/17/2026,4/22/2026,4/24/2026,D2C Ecommerce,importiert,Lbo,
7630_INT-translations-<Sprache>-METAFIELD,,,JBl,NL,Angelique,,LS-Tracker,Z:\Produkte\FRITZ!com\2026.04\KW16\,4/17/2026,4/24/2026,4/24/2026,D2C Ecommerce,importiert,Lbo,
7630_INT-translations-<Sprache>-PRODUCT,,,JBl,EN,Lisa,,LS-Tracker,Z:\Produkte\FRITZ!com\2026.04\KW16\,4/17/2026,4/22/2026,4/24/2026,D2C Ecommerce,importiert,Lbo,
7630_INT-translations-<Sprache>-PRODUCT,,,JBl,Es,Helena,,LS-Tracker,Z:\Produkte\FRITZ!com\2026.04\KW16\,4/17/2026,4/23/2026,4/24/2026,D2C Ecommerce,importiert,Lbo,
7630_INT-translations-<Sprache>-PRODUCT,,,JBl,FR,Marie,,LS-Tracker,Z:\Produkte\FRITZ!com\2026.04\KW16\,4/17/2026,4/22/2026,4/24/2026,D2C Ecommerce,importiert,Lbo,
7630_INT-translations-<Sprache>-PRODUCT,,,JBl,IT,Cristina,Laura,LS-Tracker,Z:\Produkte\FRITZ!com\2026.04\KW16\,4/17/2026,4/22/2026,4/24/2026,D2C Ecommerce,importiert,Lbo,
7630_INT-translations-<Sprache>-PRODUCT,,,JBl,NL,Angelique,,LS-Tracker,Z:\Produkte\FRITZ!com\2026.04\KW16\,4/17/2026,4/24/2026,4/24/2026,D2C Ecommerce,importiert,Lbo,
7630_INT-translations-<Sprache>-ONLINE_STORE_THEME,,,JBl,EN,Lisa,,LS-Tracker,Z:\Produkte\FRITZ!com\2026.04\KW16\,4/17/2026,4/22/2026,4/24/2026,D2C Ecommerce,importiert,Lbo,
7630_INT-translations-<Sprache>-ONLINE_STORE_THEME,,,JBl,Es,Helena,,LS-Tracker,Z:\Produkte\FRITZ!com\2026.04\KW16\,4/17/2026,4/23/2026,4/24/2026,D2C Ecommerce,importiert,Lbo,
7630_INT-translations-<Sprache>-ONLINE_STORE_THEME,,,JBl,FR,Marie,,LS-Tracker,Z:\Produkte\FRITZ!com\2026.04\KW16\,4/17/2026,4/22/2026,4/24/2026,D2C Ecommerce,importiert,Lbo,
7630_INT-translations-<Sprache>-ONLINE_STORE_THEME,,,JBl,IT,Cristina,Laura,LS-Tracker,Z:\Produkte\FRITZ!com\2026.04\KW16\,4/17/2026,4/22/2026,4/24/2026,D2C Ecommerce,importiert,Lbo,
7630_INT-translations-<Sprache>-ONLINE_STORE_THEME,,,JBl,NL,Angelique,,LS-Tracker,Z:\Produkte\FRITZ!com\2026.04\KW16\,4/17/2026,4/24/2026,4/24/2026,D2C Ecommerce,importiert,Lbo,
7630_INT-translations-<Sprache>-METAOBJECT,,,JBl,EN,Lisa,,LS-Tracker,Z:\Produkte\FRITZ!com\2026.04\KW16\,4/17/2026,4/24/2026,4/24/2026,D2C Ecommerce,importiert,Lbo,
7630_INT-translations-<Sprache>-METAOBJECT,,,JBl,Es,Helena,,LS-Tracker,Z:\Produkte\FRITZ!com\2026.04\KW16\,4/17/2026,4/24/2026,4/24/2026,D2C Ecommerce,importiert,Lbo,
7630_INT-translations-<Sprache>-METAOBJECT,,,JBl,FR,Martine,,LS-Tracker,Z:\Produkte\FRITZ!com\2026.04\KW16\,4/17/2026,4/24/2026,4/24/2026,D2C Ecommerce,importiert,Lbo,
7630_INT-translations-<Sprache>-METAOBJECT,,,JBl,IT,Laura,,LS-Tracker,Z:\Produkte\FRITZ!com\2026.04\KW16\,4/17/2026,4/24/2026,4/24/2026,D2C Ecommerce,importiert,Lbo,
7630_INT-translations-<Sprache>-METAOBJECT,,,JBl,NL,Angelique,,LS-Tracker,Z:\Produkte\FRITZ!com\2026.04\KW16\,4/17/2026,4/24/2026,4/24/2026,D2C Ecommerce,importiert,Lbo,
"ANGA2026Einladung-de.docx,189,,DHr,DE,Franziska,,LS-Tracker,""Z:\Produkte\Texte Web, Marketing, etc\deutsch\2026.04"",4/20/2026,4/20/2026,4/20/2026,Corporate Communications,,MSi,"
Master_HB_FR_router_v6-2026-04-20_D-00000078_T-00001056_EngineeringModules_de-DE_en-GB.xml,52,,Cmi,EN,Lisa,,LS-Tracker,Z:\International\Tico\work\2026-04-20_D-00000078_T-00001056_de-DE_en-GB.xml\,4/20/2026,4/24/2026,4/22/2026,Technical Communication,Ü-fertig,Msi,
"ANGA2026Einladung-de.docx,189,,DHr,EN,Lisa,,LS-Tracker,""Z:\Produkte\Texte Web, Marketing, etc\deutsch\2026.04"",4/20/2026,4/20/2026,4/22/2026,Corporate Communications,Ü-fertig,Msi,"
2026-04-21T13-42-08_PM-History-Texts.xml,,,TJa,DE,Franziska,,LS-Tracker,Z:\Produkte\F!Box allgemein\Info.txt\Release\25_Smart24-P2\2026.04,4/21/2026,4/21/2026,4/21/2026,Product Management,geliefert,Fsc,
2026-04-21T14-41-51_PM-History-Texts_korr-de.xml,,,TJa,EN,Lisa,,LS-Tracker,Z:\Produkte\F!Box allgemein\Info.txt\Release\25_Smart24-P2\2026.04,4/21/2026,4/21/2026,4/21/2026,Product Management,geliefert,Fsc,
Übersetzungen_Shop_5690_Pro (1).docx,104,,JBl,EN,Lisa,,LS-Tracker,Z:\Produkte\FRITZ!com\2026.04\KW17,4/21/2026,4/24/2026,4/24/2026,D2C Ecommerce,geliefert,Lbo,
Übersetzungen_Shop_5690_Pro (1).docx,104,,JBl,ES,Helena,,LS-Tracker,Z:\Produkte\FRITZ!com\2026.04\KW17,4/21/2026,4/24/2026,4/24/2026,D2C Ecommerce,geliefert,Lbo,
Übersetzungen_Shop_5690_Pro (1).docx,104,,JBl,FR,Martine,Marie,LS-Tracker,Z:\Produkte\FRITZ!com\2026.04\KW17,4/21/2026,4/24/2026,4/24/2026,D2C Ecommerce,geliefert,Lbo,
Übersetzungen_Shop_5690_Pro (1).docx,104,,JBl,IT,Laura,,LS-Tracker,Z:\Produkte\FRITZ!com\2026.04\KW17,4/21/2026,4/24/2026,4/24/2026,D2C Ecommerce,geliefert,Lbo,
Übersetzungen_Shop_5690_Pro (1).docx,104,,JBl,NL,Angelique,,LS-Tracker,Z:\Produkte\FRITZ!com\2026.04\KW17,4/21/2026,4/24/2026,4/24/2026,D2C Ecommerce,geliefert,Lbo,
Übersetzungen_Shop_5690_Pro (1)-translations-[Sprache]-ONLINE_STORE_THEME.json,,,JBl,EN,Lisa,,LS-Tracker,Z:\Produkte\FRITZ!com\2026.04\KW17,4/21/2026,4/28/2026,4/28/2026,D2C Ecommerce,importiert,Lbo,
Übersetzungen_Shop_5690_Pro (1)-translations-[Sprache]-ONLINE_STORE_THEME.json,,,JBl,ES,Helena,,LS-Tracker,Z:\Produkte\FRITZ!com\2026.04\KW17,4/21/2026,4/28/2026,4/28/2026,D2C Ecommerce,importiert,Lbo,
Übersetzungen_Shop_5690_Pro (1)-translations-[Sprache]-ONLINE_STORE_THEME.json,,,JBl,FR,Marie,Martine,LS-Tracker,Z:\Produkte\FRITZ!com\2026.04\KW17,4/21/2026,4/28/2026,4/28/2026,D2C Ecommerce,importiert,Lbo,
Übersetzungen_Shop_5690_Pro (1)-translations-[Sprache]-ONLINE_STORE_THEME.json,,,JBl,IT,Laura,,LS-Tracker,Z:\Produkte\FRITZ!com\2026.04\KW17,4/21/2026,4/24/2026,4/28/2026,D2C Ecommerce,importiert,Lbo,
Übersetzungen_Shop_5690_Pro (1)-translations-[Sprache]-ONLINE_STORE_THEME.json,,,JBl,NL,Angelique,,LS-Tracker,Z:\Produkte\FRITZ!com\2026.04\KW17,4/21/2026,4/28/2026,4/28/2026,D2C Ecommerce,importiert,Lbo,
MyFapp_20260421-de.xml,12577,,KSu,DE,Carsten,Franziska,jazz,Z:\Produkte\F!Apps\FappMyF\GUI\Android\deutsch\2026.04,4/21/2026,5/13/2026,,User Interface & Clients,geliefert,FSc,
"5062_it-IT_wi_fi_7_fritz_dein_upgrade_fuer_ultraschnelle_business_netzwerke_20260422-075847.xml,454,,Jwg,IT,Cristina,Laura,LS-Tracker,""Z:\Produkte\Texte Web, Marketing, etc\deutsch\2026.04"",4/22/2026,4/29/2026,4/29/2026,Channel Sales,geliefert,Hme,"
"5069_es-ES_wi_fi_7_fritz_dein_upgrade_fuer_ultraschnelle_business_netzwerke_20260422-075821.xml,454,,Jwg,ES,Helena,,LS-Tracker,""Z:\Produkte\Texte Web, Marketing, etc\deutsch\2026.04"",4/22/2026,4/29/2026,4/29/2026,Channel Sales,geliefert,Hme,"
"5070_nl-NL_wi_fi_7_fritz_dein_upgrade_fuer_ultraschnelle_business_netzwerke_20260422-075746.xml,454,,Jwg,NL,Angelique,,LS-Tracker,""Z:\Produkte\Texte Web, Marketing, etc\deutsch\2026.04"",4/22/2026,4/29/2026,4/29/2026,Channel Sales,geliefert,Hme,"
FappBoxSetup_20260423-de.xliff,1775,,KKr,DE,Carsten,Franziska,jazz,Z:\Produkte\F!Apps\FappBoxSetup\deutsch\2026.04,4/23/2026,4/23/2026,4/23/2026,User Interface & Clients,geliefert,FSc,
MyFapp_20260423-de.xliff,12577,,KNu,DE,Carsten,Franziska,jazz,Z:\Produkte\F!Apps\FappMyF\GUI\iOS\deutsch\2026.04,4/23/2026,4/23/2026,4/23/2026,User Interface & Clients,geliefert,FSc,
FappSH_20260423-de.xml,,,NRi,DE,Carsten,Franziska,jazz,Z:\Produkte\F!Apps\FappSmartHome\GUI\Android\deutsch\2026.04,4/23/2026,6/5/2026,,User Interface & Clients,geliefert,FSc,
FappWLAN_20260423-de.xml,,,OSy,DE,Carsten,Franziska,jazz,Z:\Produkte\F!Apps\FappWLAN\GUI\Android\deutsch\2026.04,4/23/2026,5/13/2026,,User Interface & Clients,geliefert,FSc,
FappFon_20260423-de.xml,,,ADo,DE,Carsten,Franziska,jazz,Z:\Produkte\F!Apps\FappFon\GUI\Android\deutsch\2026.04,4/23/2026,6/15/2026,,User Interface & Clients,geliefert,FSc,
FappBoxSetup_20260423-de-ES.xliff,1775,,KKr,Es,Helena,,jazz,Z:\Produkte\F!Apps\FappBoxSetup\spanisch\2026.04,4/23/2026,4/27/2026,,User Interface & Clients,geliefert,FSc,
FappBoxSetup_20260423-de-FR.xliff,1775,,KKr,Fr,Marie,,jazz,Z:\Produkte\F!Apps\FappBoxSetup\franzoesisch\2026.04,4/23/2026,4/27/2026,,User Interface & Clients,geliefert,FSc,
FappBoxSetup_20260423-de-IT.xliff,1775,,KKr,It,Laura,,jazz,Z:\Produkte\F!Apps\FappBoxSetup\italienisch\2026.04,4/23/2026,4/27/2026,,User Interface & Clients,geliefert,FSc,
FappBoxSetup_20260423-de-NL.xliff,1775,,KKr,Nl,Angelique,,jazz,Z:\Produkte\F!Apps\FappBoxSetup\niederlaendisch\2026.04,4/23/2026,4/27/2026,,User Interface & Clients,geliefert,FSc,
FappBoxSetup_20260423-de-PL.xliff,1775,,KKr,Pl,Yabylon,,jazz,Z:\Produkte\F!Apps\FappBoxSetup\polnisch\2026.04,4/23/2026,4/27/2026,,User Interface & Clients,geliefert,FSc,
FappBoxSetup_20260423-de-SL.xliff,1775,,KKr,SL,Yabylon,,jazz,Z:\Produkte\F!Apps\FappBoxSetup\slowenisch\2026.04,4/23/2026,4/27/2026,,User Interface & Clients,geliefert,FSc,
FappBoxSetup_20260423-de-US.xliff,1775,,KKr,EN,Lisa,,jazz,Z:\Produkte\F!Apps\FappBoxSetup\englisch\2026.04,4/23/2026,4/27/2026,,User Interface & Clients,geliefert,FSc,
angular-commons_de.json,,,MxG,DE,Carsten,Franziska,jazz,Z:\Produkte\MyFRITZ\deutsch\2026.04\SieDu-1\Sie,4/23/2026,8/5/2026,,IT,geliefert,FSc,
box-discovery_about_de.properties,,,MxG,DE,Carsten,Franziska,jazz,Z:\Produkte\MyFRITZ\deutsch\2026.04\SieDu-1\Sie,4/23/2026,8/5/2026,,IT,geliefert,FSc,
box-discovery_terms_de.properties,,,MxG,DE,Carsten,Franziska,jazz,Z:\Produkte\MyFRITZ\deutsch\2026.04\SieDu-1\Sie,4/23/2026,,,IT,,FSc,
box-discovery_unsubscribe_de.properties,,,MxG,DE,Carsten,Franziska,jazz,Z:\Produkte\MyFRITZ\deutsch\2026.04\SieDu-1\Sie,4/23/2026,8/5/2026,,IT,geliefert,FSc,
box-discovery_webapp_de.json,,,MxG,DE,Carsten,Franziska,jazz,Z:\Produkte\MyFRITZ\deutsch\2026.04\SieDu-1\Sie,4/23/2026,8/5/2026,,IT,geliefert,FSc,
box-management_box-confirm_box_de.properties,,,MxG,DE,Carsten,Franziska,jazz,Z:\Produkte\MyFRITZ\deutsch\2026.04\SieDu-1\Sie,4/23/2026,8/5/2026,,IT,geliefert,FSc,
box-management_box-confirm_repeater_de.properties,,,MxG,DE,Carsten,Franziska,jazz,Z:\Produkte\MyFRITZ\deutsch\2026.04\SieDu-1\Sie,4/23/2026,8/5/2026,,IT,geliefert,FSc,
box-management_global_de.properties,,,MxG,DE,Carsten,Franziska,jazz,Z:\Produkte\MyFRITZ\deutsch\2026.04\SieDu-1\Sie,4/23/2026,8/5/2026,,IT,geliefert,FSc,
cloud-mailing_access-link-delivery_tv1_box_de.properties,,,MxG,DE,Carsten,Franziska,jazz,Z:\Produkte\MyFRITZ\deutsch\2026.04\SieDu-1\Sie,4/23/2026,8/5/2026,,IT,geliefert,FSc,
cloud-mailing_access-link-delivery_tv1_repeater_de.properties,,,MxG,DE,Carsten,Franziska,jazz,Z:\Produkte\MyFRITZ\deutsch\2026.04\SieDu-1\Sie,4/23/2026,8/5/2026,,IT,geliefert,FSc,
cloud-mailing_acknowledgment-new-client_tv1_de.properties,,,MxG,DE,Carsten,Franziska,jazz,Z:\Produkte\MyFRITZ\deutsch\2026.04\SieDu-1\Sie,4/23/2026,8/11/2026,,IT,geliefert,FSc,
cloud-mailing_botnet-detected-notification_tv1_box_de.properties,,,MxG,DE,Carsten,Franziska,jazz,Z:\Produkte\MyFRITZ\deutsch\2026.04\SieDu-1\Sie,4/23/2026,8/17/2026,,IT,geliefert,FSc,
cloud-mailing_botnet-detected-notification_tv1_repeater_de.properties,,,MxG,DE,Carsten,Franziska,jazz,Z:\Produkte\MyFRITZ\deutsch\2026.04\SieDu-1\Sie,4/23/2026,8/17/2026,,IT,geliefert,FSc,
cloud-mailing_common_tv2_de.properties,,,MxG,DE,Carsten,Franziska,jazz,Z:\Produkte\MyFRITZ\deutsch\2026.04\SieDu-1\Sie,4/23/2026,8/17/2026,,IT,geliefert,FSc,
cloud-mailing_confirmation_tv1_de.properties,,,MxG,DE,Carsten,Franziska,jazz,Z:\Produkte\MyFRITZ\deutsch\2026.04\SieDu-1\Sie,4/23/2026,8/10/2026,,IT,geliefert,FSc,
cloud-mailing_confirmation_tv2_box_de.properties,,,MxG,DE,Carsten,Franziska,jazz,Z:\Produkte\MyFRITZ\deutsch\2026.04\SieDu-1\Sie,4/23/2026,8/10/2026,,IT,geliefert,FSc,
cloud-mailing_confirmation_tv2_repeater_de.properties,,,MxG,DE,Carsten,Franziska,jazz,Z:\Produkte\MyFRITZ\deutsch\2026.04\SieDu-1\Sie,4/23/2026,8/10/2026,,IT,geliefert,FSc,
cloud-mailing_confirmation-automatic_tv1_box_de.properties,,,MxG,DE,Carsten,Franziska,jazz,Z:\Produkte\MyFRITZ\deutsch\2026.04\SieDu-1\Sie,4/23/2026,8/10/2026,,IT,geliefert,FSc,
cloud-mailing_confirmation-automatic_tv1_repeater_de.properties,,,MxG,DE,Carsten,Franziska,jazz,Z:\Produkte\MyFRITZ\deutsch\2026.04\SieDu-1\Sie,4/23/2026,8/10/2026,,IT,geliefert,FSc,
cloud-mailing_confirmation-email-change_tv1_de.properties,,,MxG,DE,Carsten,Franziska,jazz,Z:\Produkte\MyFRITZ\deutsch\2026.04\SieDu-1\Sie,4/23/2026,8/10/2026,,IT,geliefert,FSc,
cloud-mailing_confirmation-reminder_tv1_box_de.properties,,,MxG,DE,Carsten,Franziska,jazz,Z:\Produkte\MyFRITZ\deutsch\2026.04\SieDu-1\Sie,4/23/2026,8/11/2026,,IT,geliefert,FSc,
cloud-mailing_confirmation-reminder_tv1_repeater_de.properties,,,MxG,DE,Carsten,Franziska,jazz,Z:\Produkte\MyFRITZ\deutsch\2026.04\SieDu-1\Sie,4/23/2026,8/11/2026,,IT,geliefert,FSc,
cloud-mailing_erasure-notification_tv1_de.properties,,,MxG,DE,Carsten,Franziska,jazz,Z:\Produkte\MyFRITZ\deutsch\2026.04\SieDu-1\Sie,4/23/2026,8/11/2026,,IT,geliefert,FSc,
cloud-mailing_erasure-reminder_tv1_de.properties,,,MxG,DE,Carsten,Franziska,jazz,Z:\Produkte\MyFRITZ\deutsch\2026.04\SieDu-1\Sie,4/23/2026,8/11/2026,,IT,geliefert,FSc,
cloud-mailing_fraud-detected-notification_tv1_box_de.properties,,,MxG,DE,Carsten,Franziska,jazz,Z:\Produkte\MyFRITZ\deutsch\2026.04\SieDu-1\Sie,4/23/2026,8/12/2026,,IT,geliefert,FSc,
cloud-mailing_fraud-detected-notification_tv1_repeater_de.properties,,,MxG,DE,Carsten,Franziska,jazz,Z:\Produkte\MyFRITZ\deutsch\2026.04\SieDu-1\Sie,4/23/2026,8/12/2026,,IT,geliefert,FSc,
cloud-mailing_mfa-deactivation-request_tv1_de.properties,,,MxG,DE,Carsten,Franziska,jazz,Z:\Produkte\MyFRITZ\deutsch\2026.04\SieDu-1\Sie,4/23/2026,8/12/2026,,IT,geliefert,FSc,
cloud-mailing_mfa-deactivation-warning_tv1_de.properties,,,MxG,DE,Carsten,Franziska,jazz,Z:\Produkte\MyFRITZ\deutsch\2026.04\SieDu-1\Sie,4/23/2026,8/12/2026,,IT,geliefert,FSc,
cloud-mailing_notification-email-change_tv1_de.properties,,,MxG,DE,Carsten,Franziska,jazz,Z:\Produkte\MyFRITZ\deutsch\2026.04\SieDu-1\Sie,4/23/2026,8/12/2026,,IT,geliefert,FSc,
cloud-mailing_password-reset_tv1_de.properties,,,MxG,DE,Carsten,Franziska,jazz,Z:\Produkte\MyFRITZ\deutsch\2026.04\SieDu-1\Sie,4/23/2026,8/17/2026,,IT,geliefert,FSc,
cloud-mailing_safety-warning_tv1_de.properties,,,MxG,DE,Carsten,Franziska,jazz,Z:\Produkte\MyFRITZ\deutsch\2026.04\SieDu-1\Sie,4/23/2026,8/17/2026,,IT,geliefert,FSc,
cloud-mailing_status_tv3_de.properties,,,MxG,DE,Carsten,Franziska,jazz,Z:\Produkte\MyFRITZ\deutsch\2026.04\SieDu-1\Sie,4/23/2026,8/17/2026,,IT,geliefert,FSc,
cloud-mailing_successful-app-login-notification_tv1_box_de.properties,,,MxG,DE,Carsten,Franziska,jazz,Z:\Produkte\MyFRITZ\deutsch\2026.04\SieDu-1\Sie,4/23/2026,8/19/2026,,IT,geliefert,FSc,
cloud-mailing_successful-app-login-notification_tv1_repeater_de.properties,,,MxG,DE,Carsten,Franziska,jazz,Z:\Produkte\MyFRITZ\deutsch\2026.04\SieDu-1\Sie,4/23/2026,8/19/2026,,IT,geliefert,FSc,
cloud-mailing_successful-app-login-notification-batch_tv1_box_de.properties,,,MxG,DE,Carsten,Franziska,jazz,Z:\Produkte\MyFRITZ\deutsch\2026.04\SieDu-1\Sie,4/23/2026,8/19/2026,,IT,geliefert,FSc,
cloud-mailing_successful-app-login-notification-batch_tv1_repeater_de.properties,,,MxG,DE,Carsten,Franziska,jazz,Z:\Produkte\MyFRITZ\deutsch\2026.04\SieDu-1\Sie,4/23/2026,8/19/2026,,IT,geliefert,FSc,
cloud-mailing_successful-login-notification_tv1_box_de.properties,,,MxG,DE,Carsten,Franziska,jazz,Z:\Produkte\MyFRITZ\deutsch\2026.04\SieDu-1\Sie,4/23/2026,8/19/2026,,IT,geliefert,FSc,
cloud-mailing_successful-login-notification_tv1_repeater_de.properties,,,MxG,DE,Carsten,Franziska,jazz,Z:\Produkte\MyFRITZ\deutsch\2026.04\SieDu-1\Sie,4/23/2026,8/19/2026,,IT,geliefert,FSc,
cloud-mailing_successful-login-notification-batch_tv1_box_de.properties,,,MxG,DE,Carsten,Franziska,jazz,Z:\Produkte\MyFRITZ\deutsch\2026.04\SieDu-1\Sie,4/23/2026,8/19/2026,,IT,geliefert,FSc,
cloud-mailing_successful-login-notification-batch_tv1_repeater_de.properties,,,MxG,DE,Carsten,Franziska,jazz,Z:\Produkte\MyFRITZ\deutsch\2026.04\SieDu-1\Sie,4/23/2026,8/19/2026,,IT,geliefert,FSc,
cloud-mailing_update-available-notification_tv1_box_de.properties,,,MxG,DE,Carsten,Franziska,jazz,Z:\Produkte\MyFRITZ\deutsch\2026.04\SieDu-1\Sie,4/23/2026,8/20/2026,,IT,geliefert,FSc,
cloud-mailing_update-available-notification_tv1_repeater_de.properties,,,MxG,DE,Carsten,Franziska,jazz,Z:\Produkte\MyFRITZ\deutsch\2026.04\SieDu-1\Sie,4/23/2026,8/20/2026,,IT,geliefert,FSc,
cloud-mailing_update-failed-notification_tv1_box_de.properties,,,MxG,DE,Carsten,Franziska,jazz,Z:\Produkte\MyFRITZ\deutsch\2026.04\SieDu-1\Sie,4/23/2026,8/20/2026,,IT,geliefert,FSc,
cloud-mailing_update-failed-notification_tv1_repeater_de.properties,,,MxG,DE,Carsten,Franziska,jazz,Z:\Produkte\MyFRITZ\deutsch\2026.04\SieDu-1\Sie,4/23/2026,8/20/2026,,IT,geliefert,FSc,
cloud-mailing_update-succeeded-notification_tv1_box_de.properties,,,MxG,DE,Carsten,Franziska,jazz,Z:\Produkte\MyFRITZ\deutsch\2026.04\SieDu-1\Sie,4/23/2026,8/20/2026,,IT,geliefert,FSc,
cloud-mailing_update-succeeded-notification_tv1_repeater_de.properties,,,MxG,DE,Carsten,Franziska,jazz,Z:\Produkte\MyFRITZ\deutsch\2026.04\SieDu-1\Sie,4/23/2026,8/20/2026,,IT,geliefert,FSc,
cloud-mailing_welcome_tv1_de.properties,,,MxG,DE,Carsten,Franziska,jazz,Z:\Produkte\MyFRITZ\deutsch\2026.04\SieDu-1\Sie,4/23/2026,8/20/2026,,IT,geliefert,FSc,
cloud-sso_account-app_de.json,,,MxG,DE,Carsten,Franziska,jazz,Z:\Produkte\MyFRITZ\deutsch\2026.04\SieDu-1\Sie,4/23/2026,8/20/2026,,IT,geliefert,FSc,
cloud-sso_login_de.properties,,,MxG,DE,Carsten,Franziska,jazz,Z:\Produkte\MyFRITZ\deutsch\2026.04\SieDu-1\Sie,4/23/2026,8/20/2026,,IT,geliefert,FSc,
XR: Master HB FRITZ!Repeater Move21 (D-00000067),6178,,CMi,ES,Helena,,LS-Tracker,Z:\International\Tico\work\2026-04-24_D-00000067_T-00001058_de-DE_es-ES.xml,4/24/2026,4/24/2026,4/29/2026,Technical Communication,,Hme,
Startseiten Teaser 7630.docx,,,JBl,EN,Lisa,,LS-Tracker,Z:\Produkte\FRITZ!com\2026.04\KW17,4/24/2026,4/28/2026,4/29/2026,D2C Ecommerce,geliefert,Lbo,
Startseiten Teaser 7630.docx,,,JBl,ES,Helena,,LS-Tracker,Z:\Produkte\FRITZ!com\2026.04\KW17,4/24/2026,4/28/2026,4/29/2026,D2C Ecommerce,geliefert,Lbo,
Startseiten Teaser 7630.docx,,,JBl,FR,Martine,,LS-Tracker,Z:\Produkte\FRITZ!com\2026.04\KW17,4/24/2026,4/28/2026,4/29/2026,D2C Ecommerce,geliefert,Lbo,
Startseiten Teaser 7630.docx,,,JBl,IT,Laura,,LS-Tracker,Z:\Produkte\FRITZ!com\2026.04\KW17,4/24/2026,4/28/2026,4/29/2026,D2C Ecommerce,geliefert,Lbo,
Startseiten Teaser 7630.docx,,,JBl,NL,Angelique,,LS-Tracker,Z:\Produkte\FRITZ!com\2026.04\KW17,4/24/2026,4/28/2026,4/29/2026,D2C Ecommerce,geliefert,Lbo,
MyFapp_20260424-de-ES.xliff,12577,,KNu,Es,Helena,,jazz,Z:\Produkte\F!Apps\FappMyF\GUI\iOS\spanisch\2026.04,4/24/2026,4/29/2026,4/29/2026,User Interface & Clients,geliefert,FSc,
MyFapp_20260424-de-FR.xliff,12577,,KNu,Fr,Marie,,jazz,Z:\Produkte\F!Apps\FappMyF\GUI\iOS\franzoesisch\2026.04,4/24/2026,4/29/2026,4/29/2026,User Interface & Clients,geliefert,FSc,
MyFapp_20260424-de-IT.xliff,12577,,KNu,It,Laura,,jazz,Z:\Produkte\F!Apps\FappMyF\GUI\iOS\italienisch\2026.04,4/24/2026,4/29/2026,4/29/2026,User Interface & Clients,geliefert,FSc,
MyFapp_20260424-de-NL.xliff,12625,,KNu,Nl,Angelique,,jazz,Z:\Produkte\F!Apps\FappMyF\GUI\iOS\niederlaendisch\2026.04,4/24/2026,4/29/2026,4/29/2026,User Interface & Clients,geliefert,FSc,
MyFapp_20260424-de-PL.xliff,12699,,KNu,Pl,Yabylon,,jazz,Z:\Produkte\F!Apps\FappMyF\GUI\iOS\polnisch\2026.04,4/24/2026,4/28/2026,4/29/2026,User Interface & Clients,geliefert,FSc,
MyFapp_20260424-de-SI.xliff,12699,,KNu,SL,Yabylon,,jazz,Z:\Produkte\F!Apps\FappMyF\GUI\iOS\slowenisch\2026.04,4/24/2026,4/28/2026,4/29/2026,User Interface & Clients,geliefert,FSc,
MyFapp_20260424-de-US.xliff,12577,,KNu,EN,Susan,,jazz,Z:\Produkte\F!Apps\FappMyF\GUI\iOS\englisch\2026.04,4/24/2026,4/28/2026,4/29/2026,User Interface & Clients,geliefert,FSc,
XR: Master HB FRITZ!Repeater Move21 (D-00000067),,,CMi,FR,Martine,,LS-Tracker,Z:\International\Tico\work\2026-04-24_D-00000067_T-00001057_de-DE_fr-FR.xml,4/24/2026,4/30/2026,4/30/2026,Technical Communication,importiert,Hme,
XR: Master HB FRITZ!Repeater Move21 (D-00000067),3553,,CMi,EN,Susan,,LS-Tracker,Z:\International\Tico\work\2026-04-24_D-00000067_T-00001059_de-DE_en-GB.xml,4/24/2026,4/30/2026,4/30/2026,Technical Communication,importiert,Hme,
"4830_en-GB_fritz_macht_es_einfach_20260423-132927.xml,529,,Pse,EN,Susan,,LS-Tracker,""Z:\Produkte\Texte Web, Marketing, etc\deutsch\2026.04\Provider Übersetzungen April 2026\Provider Übersetzungen April 2026"",4/24/2026,5/4/2026,5/4/2026,Channel Sales,geliefert,Hme,"
"4915_en-GB_sicherheit_beginnt_am_router_20260423-095116.xml,432,,Pse,EN,Susan,,LS-Tracker,""Z:\Produkte\Texte Web, Marketing, etc\deutsch\2026.04\Provider Übersetzungen April 2026\Provider Übersetzungen April 2026"",4/24/2026,5/4/2026,5/4/2026,Channel Sales,geliefert,Hme,"
"5690 Pro Kampagne.docx,355,,Pse,EN,Lisa,,LS-Tracker,""Z:\Produkte\Texte Web, Marketing, etc\deutsch\2026.04\Provider Übersetzungen April 2026\Provider Übersetzungen April 2026"",4/24/2026,5/4/2026,5/4/2026,Channel Sales,geliefert,Hme,"
"Wi-Fi wie du es brauchst.docx,290,,Pse,EN,Lisa,,LS-Tracker,""Z:\Produkte\Texte Web, Marketing, etc\deutsch\2026.04\Provider Übersetzungen April 2026\Provider Übersetzungen April 2026"",4/24/2026,5/4/2026,5/4/2026,Channel Sales,geliefert,Hme,"
"5084_en-GB_fritzbox_7632_20260427-091002.xml,827,,Pse,EN,Susan,,LS-Tracker,""Z:\Produkte\Texte Web, Marketing, etc\deutsch\2026.04\Provider Übersetzungen April 2026\Provider Produkte\Provider Produkte\"",4/27/2026,4/30/2026,5/7/2026,Channel Sales,geliefert,Hme,"
"4637_en-GB_fritzbox_4060_20260427-091820.xml,995,,Pse,EN,Susan,,LS-Tracker,""Z:\Produkte\Texte Web, Marketing, etc\deutsch\2026.04\Provider Übersetzungen April 2026\Provider Produkte\Provider Produkte\"",4/27/2026,4/30/2026,5/7/2026,Channel Sales,geliefert,Hme,"
"4800_en-GB_fritzbox_6825_4g_20260427-091516.xml,558,,Pse,EN,Susan,,LS-Tracker,""Z:\Produkte\Texte Web, Marketing, etc\deutsch\2026.04\Provider Übersetzungen April 2026\Provider Produkte\Provider Produkte\"",4/27/2026,4/30/2026,5/7/2026,Channel Sales,geliefert,Hme,"
"4801_en-GB_fritzbox_6850_4g_20260427-091451.xml,829,,Pse,EN,Susan,,LS-Tracker,""Z:\Produkte\Texte Web, Marketing, etc\deutsch\2026.04\Provider Übersetzungen April 2026\Provider Produkte\Provider Produkte\"",4/27/2026,4/30/2026,5/7/2026,Channel Sales,geliefert,Hme,"
"4802_en-GB_fritzbox_4630_20260427-091058.xml,859,,Pse,EN,Susan,,LS-Tracker,""Z:\Produkte\Texte Web, Marketing, etc\deutsch\2026.04\Provider Übersetzungen April 2026\Provider Produkte\Provider Produkte\"",4/27/2026,4/30/2026,5/7/2026,Channel Sales,geliefert,Hme,"
"5079_en-GB_fixed_wireless_access_skalieren_so_unterstuetzt_fritz_provider_20260427-090650.xml,1189,,Pse,EN,Susan,,LS-Tracker,""Z:\Produkte\Texte Web, Marketing, etc\deutsch\2026.04\Provider Übersetzungen April 2026\Provider Produkte\Provider Produkte\"",4/27/2026,4/30/2026,5/7/2026,Channel Sales,geliefert,Hme,"
"5082_en-GB_fritzmesh_set_2700_3er_set_20260427-091030.xml,503,,Pse,EN,Susan,,LS-Tracker,""Z:\Produkte\Texte Web, Marketing, etc\deutsch\2026.04\Provider Übersetzungen April 2026\Provider Produkte\Provider Produkte\"",4/27/2026,4/30/2026,5/7/2026,Channel Sales,geliefert,Hme,"
"5083_en-GB_fritzmesh_set_2700_2er_set_20260427-091023.xml,501,,Pse,EN,Susan,,LS-Tracker,""Z:\Produkte\Texte Web, Marketing, etc\deutsch\2026.04\Provider Übersetzungen April 2026\Provider Produkte\Provider Produkte\"",4/27/2026,4/30/2026,5/7/2026,Channel Sales,geliefert,Hme,"
Master_DIV_Rechtliches_V14-2026-04-27_D-00000021_T-00001065_EngineeringModules_de-DE_en-GB.xml,548,,Lle,EN,Susan,,LS-Tracker,Z:\International\Tico\work,4/27/2026,5/13/2026,5/11/2026,Technical Communication,importiert,Msi,
Master_DIV_Rechtliches_V14-2026-04-27_D-00000021_T-00001064_EngineeringModules_de-DE_nl-NL.xml,548,,Lle,Nl,Angelique,,LS-Tracker,Z:\International\Tico\work,4/27/2026,5/13/2026,5/11/2026,Technical Communication,importiert,Msi,
Master_DIV_Rechtliches_V14-2026-04-27_D-00000021_T-00001063_EngineeringModules_de-DE_it-IT.xml,548,,Lle,It,Laura,,LS-Tracker,Z:\International\Tico\work,4/27/2026,5/20/2026,5/11/2026,Technical Communication,importiert,Msi,
Master_DIV_Rechtliches_V14-2026-04-27_D-00000021_T-00001062_EngineeringModules_de-DE_es-ES.xml,548,,Lle,Es,Alba,,LS-Tracker,Z:\International\Tico\work,4/27/2026,5/13/2026,5/11/2026,Technical Communication,importiert,Msi,
Master_DIV_Rechtliches_V14-2026-04-27_D-00000021_T-00001061_EngineeringModules_de-DE_fr-FR.xml,548,,Lle,Fr,Martine,,LS-Tracker,Z:\International\Tico\work,4/27/2026,5/13/2026,5/11/2026,Technical Communication,,Msi,
2026-04-28T15-42-16_PM-History-Texts.xml,,,TJa,DE,Franziska,,LS-Tracker,Z:\Produkte\F!Box allgemein\Info.txt\Release\25_Smart24-P2\2026.04,4/28/2026,4/28/2026,4/28/2026,Product Management,,FSc,
2026-04-28T16-13-11_PM-History-Texts_korr-de_en.xml,,,TJa,EN,Lisa,,LS-Tracker,Z:\Produkte\F!Box allgemein\Info.txt\Release\25_Smart24-P2\2026.04,4/28/2026,4/28/2026,4/28/2026,Product Management,geliefert,FSc,
Hey Gen: FRITZ! Hands On - USB-Anschluss,,,jfk,EN,Susan/Lisa,,LS-Tracker,,4/28/2026,5/12/2026,5/12/2026,Corporate Communications,geliefert,,
Hey Gen: FRITZ! Hands On - USB-Anschluss,,,jfk,It,Laura,,LS-Tracker,,4/28/2026,5/12/2026,5/12/2026,Corporate Communications,Ü-fertig,,
Hey Gen: FRITZ! Hands On - USB-Anschluss,,,jfk,Es,Alba,,LS-Tracker,,4/28/2026,5/12/2026,5/12/2026,Corporate Communications,,,
Hey Gen: FRITZ! Hands On - USB-Anschluss,,,jfk,FR,Marie,Martine,LS-Tracker,,4/28/2026,5/12/2026,5/12/2026,Corporate Communications,,,
Hey Gen: FRITZ! Hands On - USB-Anschluss,,,jfk,Nl,Angelique,,LS-Tracker,,4/28/2026,5/18/2026,5/18/2026,Corporate Communications,Ü-fertig,,
Datenschutzhinweise_fuer_Beschaeftigte_FRITZ-bilingual_2026_Draft-v05 (003),,,Sei,EN,Lisa,,Mail,Z:\Internes\Datenschutzhinweise,4/29/2026,4/29/2026,4/29/2026,Human Resources,geliefert,Msi,
"4694_en-GB_darum_fritz_20260429-132257.xml,,,Pse,EN,Susan,,LS-Tracker,""Z:\Produkte\Texte Web, Marketing, etc\deutsch\2026.04"",4/29/2026,4/30/2026,5/8/2026,Channel Sales,,Msi,"
Common Interest Agreement von SAFENet,,,Kte,EN,Susan,,LS-Tracker,Z:\Produkte\Einleger und juristische Texte\CIA\Deutsch,4/29/2026,4/30/2026,5/8/2026,Corporate Communications,,Msi,
Produktfinder-translations-[Sprache]-ONLINE_STORE_THEME.json,,,LCa,ES,Alba,,LS-Tracker,Z:\Produkte\FRITZ!com\2026.04\KW18,4/29/2026,5/11/2026,5/11/2026,D2C Ecommerce,geliefert,Lbo,
Produktfinder-translations-[Sprache]-ONLINE_STORE_THEME.json,,,LCa,FR,Martine,,LS-Tracker,Z:\Produkte\FRITZ!com\2026.04\KW18,4/29/2026,5/11/2026,5/11/2026,D2C Ecommerce,geliefert,Lbo,
Produktfinder-translations-[Sprache]-ONLINE_STORE_THEME.json,,,LCa,IT,Laura,,LS-Tracker,Z:\Produkte\FRITZ!com\2026.04\KW18,4/29/2026,5/11/2026,5/11/2026,D2C Ecommerce,geliefert,Lbo,
Produktfinder-translations-[Sprache]-ONLINE_STORE_THEME.json,,,LCa,NL,Angelique,,LS-Tracker,Z:\Produkte\FRITZ!com\2026.04\KW18,4/29/2026,5/11/2026,5/11/2026,D2C Ecommerce,geliefert,Lbo,
FappTV_20260430-de.xml,,,JDG,DE,Carsten,Franziska,jazz,Z:\Produkte\F!Apps\FappTV\GUI\Android\deutsch\2026.05\SieDu-1,4/30/2026,6/10/2026,,User Interface & Clients,geliefert,FSc,
0000_12-1144_translate-from-de.xml,,,GAb,EN,Susan,,Mail,Z:\Produkte\F!Box allgemein\GUI-html2\deutsch\2026.05,5/4/2026,5/13/2026,5/11/2026,User Interface & Clients,geliefert,FSc,
0000_12-1144_translate-from-de.xml,,,GAb,Es,Helena,,Mail,Z:\Produkte\F!Box allgemein\GUI-html2\deutsch\2026.05,5/4/2026,6/15/2026,5/11/2026,User Interface & Clients,geliefert,FSc,
0000_12-1144_translate-from-de.xml,,,GAb,Fr,Marie,Martine,Mail,Z:\Produkte\F!Box allgemein\GUI-html2\deutsch\2026.05,5/4/2026,6/15/2026,5/11/2026,User Interface & Clients,geliefert,FSc,
0000_12-1144_translate-from-de.xml,,,GAb,It,Laura,,Mail,Z:\Produkte\F!Box allgemein\GUI-html2\deutsch\2026.05,5/4/2026,6/15/2026,5/11/2026,User Interface & Clients,,FSc,
0000_12-1144_translate-from-de.xml,,,GAb,Nl,Angelique,,Mail,Z:\Produkte\F!Box allgemein\GUI-html2\deutsch\2026.05,5/4/2026,5/13/2026,5/11/2026,User Interface & Clients,geliefert,FSc,
0000_12-1144_translate-from-de.xml,,,GAb,Pl,Yabylon,,Mail,Z:\Produkte\F!Box allgemein\GUI-html2\deutsch\2026.05,5/4/2026,5/13/2026,5/11/2026,User Interface & Clients,geliefert,FSc,
0000_12-1144_translate-from-de.xml,,,GAb,Pl,Yabylon,,Mail,Z:\Produkte\F!Box allgemein\GUI-html2\deutsch\2026.05,5/4/2026,5/13/2026,5/11/2026,User Interface & Clients,geliefert,FSc,
"5080_nl-NL_entdecke_dein_mesh_netzwerk_20260504-152627.xml,,,PSE,NL,Angelique,,LS-Tracker,""Z:\Produkte\Texte Web, Marketing, etc\deutsch\2026.05"",5/4/2026,5/11/2026,5/12/2026,Channel Sales,geliefert,Hme,"
"Mesh.docx,,,PSE,NL,Angelique,,LS-Tracker,""Z:\Produkte\Texte Web, Marketing, etc\deutsch\2026.05"",5/4/2026,5/11/2026,5/12/2026,Channel Sales,geliefert,Hme,"
20260421_Information_ueber_die_Datenverarbeitung_im_Bewerbungsprozess_bei_FRITZ-de.docx,,,TGo,DE,Franziska,,LS-Tracker,Z:\Produkte\Einleger und juristische Texte\DSGVO\2026.05,5/4/2026,5/8/2026,6/11/2026,Corporate Legal,geliefert,FSc,
20260421_Information_ueber_die_Datenverarbeitung_im_Bewerbungsprozess_bei_FRITZ-de.docx,,,TGo,EN,Susan,,LS-Tracker,Z:\Produkte\Einleger und juristische Texte\DSGVO\2026.05,5/4/2026,5/8/2026,6/11/2026,Corporate Legal,geliefert,FSc,
FRITZ!Box 5630 Edition EL ,,,TGR,GR,Yabylon,,LS-Tracker,Z:\Produkte\F!Box Kurzanleitungen\sonstige\griechisch\5630,5/4/2026,5/19/2026,6/11/2026,Product Management,Ü-fertig,Hme,
FRITZ!Repeater 1700 Edition EL,,,TGR,GR,Yabylon,,LS-Tracker,Z:\Produkte\F!WLAN Repeater\FRITZ!Repeater 1700\sonstige\griechisch,5/4/2026,5/19/2026,6/11/2026,Product Management,Ü-fertig,Hme,
FRITZ!Box 7630 Edition EL,,,TGR,GR,Yabylon,,LS-Tracker,Z:\Produkte\F!Box Kurzanleitungen\sonstige\griechisch\7630,5/4/2026,5/19/2026,6/11/2026,Product Management,Ü-fertig,Hme,
FRITZ!Box 7690 Edition EL,,,TGR,GR,Yabylon,,LS-Tracker,Z:\Produkte\F!Box Kurzanleitungen\sonstige\griechisch\7690,5/4/2026,5/19/2026,6/11/2026,Product Management,Ü-fertig,Hme,
2026-05-05T13-36-54_PM-History-Texts.xml,,,TJa,DE,Franziska,,LS-Tracker,Z:\Produkte\F!Box allgemein\Info.txt\Release\25_Smart24-P2\2026.05,5/5/2026,5/5/2026,5/6/2026,Product Management,geliefert,FSc,
2026-05-05T14-37-09_PM-History-Texts_korr-de.xml,,,TJa,EN,Susan,,LS-Tracker,Z:\Produkte\F!Box allgemein\Info.txt\Release\25_Smart24-P2\2026.05,5/5/2026,5/5/2026,5/6/2026,Product Management,geliefert,FSc,
Q2 2026 Wi-Fi 7_Textmodule Landingpage.docx,,,Kgo,EN,Susan,,LS-Tracker,Z:\Produkte\FRITZ!com\2026.05\KW19,5/5/2026,5/12/2026,5/12/2026,D2C Ecommerce,geliefert,Lbo,
Q2 2026 Wi-Fi 7_Textmodule Landingpage.docx,,,Kgo,ES,Alba,Helena,LS-Tracker,Z:\Produkte\FRITZ!com\2026.05\KW19,5/5/2026,5/12/2026,5/12/2026,D2C Ecommerce,geliefert,Lbo,
Q2 2026 Wi-Fi 7_Textmodule Landingpage.docx,,,Kgo,FR,Marie,Martine,LS-Tracker,Z:\Produkte\FRITZ!com\2026.05\KW19,5/5/2026,5/12/2026,5/12/2026,D2C Ecommerce,geliefert,Lbo,
Q2 2026 Wi-Fi 7_Textmodule Landingpage.docx,,,Kgo,IT,Cristina,Laura,LS-Tracker,Z:\Produkte\FRITZ!com\2026.05\KW19,5/5/2026,5/12/2026,5/12/2026,D2C Ecommerce,geliefert,Lbo,
Q2 2026 Wi-Fi 7_Textmodule Landingpage.docx,,,Kgo,NL,Angelique,,LS-Tracker,Z:\Produkte\FRITZ!com\2026.05\KW19,5/5/2026,5/12/2026,5/12/2026,D2C Ecommerce,geliefert,Lbo,
Translations_Display Banner_WiFi 7 -Security Campaign 2026_de.docx ,,,Kgo,EN,Susan,,LS-Tracker,Z:\Produkte\FRITZ!com\2026.05\KW19,5/5/2026,5/12/2026,5/12/2026,D2C Ecommerce,geliefert,Lbo,
Translations_Display Banner_WiFi 7 -Security Campaign 2026_de.docx ,,,Kgo,ES,Alba,Helena,LS-Tracker,Z:\Produkte\FRITZ!com\2026.05\KW19,5/5/2026,5/12/2026,5/12/2026,D2C Ecommerce,geliefert,Lbo,
Translations_Display Banner_WiFi 7 -Security Campaign 2026_de.docx ,,,Kgo,FR,Marie,Martine,LS-Tracker,Z:\Produkte\FRITZ!com\2026.05\KW19,5/5/2026,5/12/2026,5/12/2026,D2C Ecommerce,geliefert,Lbo,
Translations_Display Banner_WiFi 7 -Security Campaign 2026_de.docx ,,,Kgo,IT,Cristina,Laura,LS-Tracker,Z:\Produkte\FRITZ!com\2026.05\KW19,5/5/2026,5/12/2026,5/12/2026,D2C Ecommerce,geliefert,Lbo,
Translations_Display Banner_WiFi 7 -Security Campaign 2026_de.docx ,,,Kgo,NL,Angelique,,LS-Tracker,Z:\Produkte\FRITZ!com\2026.05\KW19,5/5/2026,5/12/2026,5/12/2026,D2C Ecommerce,geliefert,Lbo,
Kampagnen_WiFi 7 Security Q2-translations-[Sprache]-COLLECTION.json ,,,Kgo,EN,Susan,,LS-Tracker,Z:\Produkte\FRITZ!com\2026.05\KW19,5/5/2026,5/12/2026,5/12/2026,D2C Ecommerce,importiert,Lbo,
Kampagnen_WiFi 7 Security Q2-translations-[Sprache]-COLLECTION.json ,,,Kgo,ES,Alba,Helena,LS-Tracker,Z:\Produkte\FRITZ!com\2026.05\KW19,5/5/2026,5/12/2026,5/12/2026,D2C Ecommerce,importiert,Lbo,
Kampagnen_WiFi 7 Security Q2-translations-[Sprache]-COLLECTION.json ,,,Kgo,FR,Marie,Martine,LS-Tracker,Z:\Produkte\FRITZ!com\2026.05\KW19,5/5/2026,5/12/2026,5/12/2026,D2C Ecommerce,importiert,Lbo,
Kampagnen_WiFi 7 Security Q2-translations-[Sprache]-COLLECTION.json ,,,Kgo,IT,Cristina,Laura,LS-Tracker,Z:\Produkte\FRITZ!com\2026.05\KW19,5/5/2026,5/12/2026,5/12/2026,D2C Ecommerce,importiert,Lbo,
Kampagnen_WiFi 7 Security Q2-translations-[Sprache]-COLLECTION.json ,,,Kgo,NL,Angelique,,LS-Tracker,Z:\Produkte\FRITZ!com\2026.05\KW19,5/5/2026,5/12/2026,5/12/2026,D2C Ecommerce,importiert,Lbo,
Kampagnen_WiFi 7 Security Q2-translations-[Sprache]-ONLINE_STORE_THEME.json ,,,Kgo,EN,Susan,,LS-Tracker,Z:\Produkte\FRITZ!com\2026.05\KW19,5/5/2026,5/12/2026,5/12/2026,D2C Ecommerce,importiert,Lbo,
Kampagnen_WiFi 7 Security Q2-translations-[Sprache]-ONLINE_STORE_THEME.json ,,,Kgo,ES,Alba,Helena,LS-Tracker,Z:\Produkte\FRITZ!com\2026.05\KW19,5/5/2026,5/12/2026,5/12/2026,D2C Ecommerce,importiert,Lbo,
Kampagnen_WiFi 7 Security Q2-translations-[Sprache]-ONLINE_STORE_THEME.json ,,,Kgo,FR,Marie,Martine,LS-Tracker,Z:\Produkte\FRITZ!com\2026.05\KW19,5/5/2026,5/12/2026,5/12/2026,D2C Ecommerce,importiert,Lbo,
Kampagnen_WiFi 7 Security Q2-translations-[Sprache]-ONLINE_STORE_THEME.json ,,,Kgo,IT,Cristina,Laura,LS-Tracker,Z:\Produkte\FRITZ!com\2026.05\KW19,5/5/2026,5/12/2026,5/12/2026,D2C Ecommerce,importiert,Lbo,
Kampagnen_WiFi 7 Security Q2-translations-[Sprache]-ONLINE_STORE_THEME.json ,,,Kgo,NL,Angelique,,LS-Tracker,Z:\Produkte\FRITZ!com\2026.05\KW19,5/5/2026,5/12/2026,5/12/2026,D2C Ecommerce,importiert,Lbo,
"Vertrieb_Repeater-de.docx,,,SMr,It,Cristina,Laura,LS-Tracker,""Z:\Produkte\Texte Web, Marketing, etc\deutsch\2026.05"",5/6/2026,5/12/2026,5/12/2026,Sales Marketing,geliefert,FSc,"
MyFapp_20260421-de.xml,,,KSu,EN,Lisa,,jazz,Z:\Produkte\F!Apps\FappMyF\GUI\Android\deutsch\2026.04,5/6/2026,5/13/2026,5/13/2026,User Interface & Clients,geliefert,FSc,
MyFapp_20260421-de.xml,,,KSu,Es,Helena,Alba,jazz,Z:\Produkte\F!Apps\FappMyF\GUI\Android\deutsch\2026.04,5/6/2026,5/13/2026,5/13/2026,User Interface & Clients,geliefert,FSc,
MyFapp_20260421-de.xml,,,KSu,Fr,Marie,,jazz,Z:\Produkte\F!Apps\FappMyF\GUI\Android\deutsch\2026.04,5/6/2026,5/13/2026,5/13/2026,User Interface & Clients,geliefert,FSc,
MyFapp_20260421-de.xml,,,KSu,It,Laura,,jazz,Z:\Produkte\F!Apps\FappMyF\GUI\Android\deutsch\2026.04,5/6/2026,5/13/2026,5/13/2026,User Interface & Clients,geliefert,FSc,
MyFapp_20260421-de.xml,,,KSu,Nl,Angelique,,jazz,Z:\Produkte\F!Apps\FappMyF\GUI\Android\deutsch\2026.04,5/6/2026,5/13/2026,5/13/2026,User Interface & Clients,geliefert,FSc,
MyFapp_20260421-de.xml,,,KSu,Pl,Yabylon,,jazz,Z:\Produkte\F!Apps\FappMyF\GUI\Android\deutsch\2026.04,5/6/2026,6/15/2026,6/15/2026,User Interface & Clients,geliefert,FSc,
MyFapp_20260421-de.xml,,,KSu,SL,Yabylon,,jazz,Z:\Produkte\F!Apps\FappMyF\GUI\Android\deutsch\2026.04,5/6/2026,6/15/2026,6/15/2026,User Interface & Clients,geliefert,FSc,
"ENTWURF PI Anga Com 26.docx,,,Ngo,EN,Lisa,,LS-Tracker,""Z:\Produkte\Texte Web, Marketing, etc\deutsch\2026.05"",5/7/2026,5/8/2026,5/11/2026,Corporate Communications,geliefert,Msi,"
FappWLAN_20260705-de.xml,4258,,OSy,DE,Carsten,Franziska,jazz,Z:\Produkte\F!Apps\FappWLAN\GUI\Android\deutsch\2026.05,5/7/2026,5/12/2026,5/12/2026,User Interface & Clients,geliefert,FSc,
FappWLAN_20260705-de.xml,4258,,OSy,EN,Lisa,,jazz,Z:\Produkte\F!Apps\FappWLAN\GUI\Android\deutsch\2026.05,5/7/2026,5/12/2026,5/12/2026,User Interface & Clients,geliefert,FSc,
FappWLAN_20260705-de.xml,4258,,OSy,Es,Alba,Helena,jazz,Z:\Produkte\F!Apps\FappWLAN\GUI\Android\deutsch\2026.05,5/7/2026,5/12/2026,5/12/2026,User Interface & Clients,geliefert,FSc,
FappWLAN_20260705-de.xml,4258,,OSy,Fr,Marie,,jazz,Z:\Produkte\F!Apps\FappWLAN\GUI\Android\deutsch\2026.05,5/7/2026,5/12/2026,5/12/2026,User Interface & Clients,geliefert,FSc,
FappWLAN_20260705-de.xml,4258,,OSy,It,Laura,,jazz,Z:\Produkte\F!Apps\FappWLAN\GUI\Android\deutsch\2026.05,5/7/2026,5/12/2026,5/12/2026,User Interface & Clients,geliefert,FSc,
FappWLAN_20260705-de.xml,4258,,OSy,Nl,Angelique,,jazz,Z:\Produkte\F!Apps\FappWLAN\GUI\Android\deutsch\2026.05,5/7/2026,5/12/2026,5/12/2026,User Interface & Clients,geliefert,FSc,
FappWLAN_20260705-de.xml,4258,,OSy,Pl,Yabylon,,jazz,Z:\Produkte\F!Apps\FappWLAN\GUI\Android\deutsch\2026.05,5/7/2026,5/12/2026,5/12/2026,User Interface & Clients,geliefert,FSc,
FappWLAN_20260705-de.xml,4258,,OSy,SL,Yabylon,,jazz,Z:\Produkte\F!Apps\FappWLAN\GUI\Android\deutsch\2026.05,5/7/2026,5/12/2026,5/12/2026,User Interface & Clients,geliefert,FSc,
"Newsletter Mai.docx,452,,Pse,NL,Angelique,,LS-Tracker,""Z:\Produkte\Texte Web, Marketing, etc\deutsch\2026.05"",5/7/2026,5/13/2026,5/15/2026,Channel Sales,geliefert,Msi,"
2026-05-11T15-05-50_PM-History-Texts.xml,,,TJa,DE,Franziska,,LS-Tracker,Z:\Produkte\F!Box allgemein\Info.txt\Release\MyFRITZOSp1\2026.05,5/11/2026,5/11/2026,5/11/2026,Product Management,geliefert,FSc,
2026-05-11T15-47-39_PM-History-Texts_korr-de.xml,,,TJa,EN,Lisa,,LS-Tracker,Z:\Produkte\F!Box allgemein\Info.txt\Release\MyFRITZOSp1\2026.05,5/11/2026,5/12/2026,5/12/2026,Product Management,geliefert,FSc,
"40 Jahre FRITZ.docx,34,,Ali,EN,John,,LS-Tracker,""Z:\Produkte\Texte Web, Marketing, etc\deutsch\2026.05"",5/11/2026,5/11/2026,5/13/2026,Finance,,Msi,"
BU_Juni2,,,AGi,DE,Franziska,,LS-Tracker,,5/11/2026,6/12/2026,6/15/2026,Channel Sales,geliefert,FSc,
"PI_FRITZ!OS_8.5.docx,402,,Ali,EN,John,Lisa,LS-Tracker,""Z:\Produkte\Texte Web, Marketing, etc\deutsch\2026.05"",5/12/2026,5/12/2026,5/13/2026,Finance,geliefert,,"
Quick User Guide in Danish for 6670,1113,,JWS,DA,Yabylon,,LS-Tracker,Z:\Produkte\F!Box Kurzanleitungen\sonstige\dänisch\FRITZ!Box 6670,5/12/2026,5/27/2026,6/30/2026,Provider Sales,Ü-fertig,Hme,
Translation_WM Banner_V02.docx,75,,KGo,EN,John,,LS-Tracker,Z:\Produkte\FRITZ!com\2026.05\KW20,5/13/2026,5/18/2026,5/18/2026,D2C Ecommerce,geliefert,Lbo,
Translation_WM Banner_V02.docx,75,,KGo,ES,Alba,Helena,LS-Tracker,Z:\Produkte\FRITZ!com\2026.05\KW20,5/13/2026,5/18/2026,5/18/2026,D2C Ecommerce,geliefert,Lbo,
Translation_WM Banner_V02.docx,75,,KGo,FR,Marie,,LS-Tracker,Z:\Produkte\FRITZ!com\2026.05\KW20,5/13/2026,5/18/2026,5/18/2026,D2C Ecommerce,geliefert,Lbo,
Translation_WM Banner_V02.docx,75,,KGo,IT,Cristina,Laura,LS-Tracker,Z:\Produkte\FRITZ!com\2026.05\KW20,5/13/2026,5/18/2026,5/18/2026,D2C Ecommerce,geliefert,Lbo,
Translation_WM Banner_V02.docx,75,,KGo,NL,Angelique,,LS-Tracker,Z:\Produkte\FRITZ!com\2026.05\KW20,5/13/2026,5/18/2026,5/18/2026,D2C Ecommerce,geliefert,Lbo,
PDP 6850 5G v2 Anpassungen_DE.docx,25,,CST,EN,John,,LS-Tracker,Z:\Produkte\FRITZ!com\2026.05\KW20,5/13/2026,5/18/2026,5/18/2026,D2C Ecommerce,geliefert,Lbo,
PDP 6850 5G v2 Anpassungen_DE.docx,25,,CST,ES,Alba,,LS-Tracker,Z:\Produkte\FRITZ!com\2026.05\KW20,5/13/2026,5/18/2026,5/18/2026,D2C Ecommerce,geliefert,Lbo,
PDP 6850 5G v2 Anpassungen_DE.docx,25,,CST,FR,Marie,,LS-Tracker,Z:\Produkte\FRITZ!com\2026.05\KW20,5/13/2026,5/18/2026,5/18/2026,D2C Ecommerce,geliefert,Lbo,
PDP 6850 5G v2 Anpassungen_DE.docx,25,,CST,IT,Laura,,LS-Tracker,Z:\Produkte\FRITZ!com\2026.05\KW20,5/13/2026,5/18/2026,5/18/2026,D2C Ecommerce,geliefert,Lbo,
PDP 6850 5G v2 Anpassungen_DE.docx,25,,CST,NL,Angelique,,LS-Tracker,Z:\Produkte\FRITZ!com\2026.05\KW20,5/13/2026,5/18/2026,5/18/2026,D2C Ecommerce,geliefert,Lbo,
FRITZ!Labor-translations-en-ONLINE_STORE_THEME.json,,,HGK,EN,Susan,,LS-Tracker,Z:\Produkte\FRITZ!com\2026.05\KW20,5/13/2026,5/19/2026,5/19/2026,Corporate Communications,geliefert,Lbo,
Comparison_Table_Translation_de.docx,134,,KGo,EN,John,,LS-Tracker,Z:\Produkte\D2C,5/13/2026,5/19/2026,5/19/2026,D2C Ecommerce,geliefert,Lbo,
Comparison_Table_Translation_de.docx,134,,KGo,ES,Alba,Helena,LS-Tracker,Z:\Produkte\D2C,5/13/2026,5/19/2026,5/19/2026,D2C Ecommerce,geliefert,Lbo,
Comparison_Table_Translation_de.docx,134,,KGo,FR,Marie,,LS-Tracker,Z:\Produkte\D2C,5/13/2026,5/19/2026,5/19/2026,D2C Ecommerce,geliefert,Lbo,
Comparison_Table_Translation_de.docx,134,,KGo,IT,Cristina,Laura,LS-Tracker,Z:\Produkte\D2C,5/13/2026,5/19/2026,5/19/2026,D2C Ecommerce,geliefert,Lbo,
Comparison_Table_Translation_de.docx,134,,KGo,NL,Angelique,,LS-Tracker,Z:\Produkte\D2C,5/13/2026,5/19/2026,5/19/2026,D2C Ecommerce,geliefert,Lbo,
HB_FP_Sm242p2_v3_2026-05-13_D-00000091_T-00001068_EngineeringModules_de-DE_en-GB.xml.xml,6914,,Cmi,EN,John,,LS-Tracker,Z:\International\Tico\work\2026-05-13_D-00000091_T-00001068_de-DE_en-GB.xml\untranslated,5/13/2026,5/21/2026,5/21/2026,Technical Communication,importiert,Hme,
HB_FP_Sm242p2_v3_2026-05-13_D-00000091_T-00001068_EngineeringModules_Fragments_de-DE_en-GB.xml.xml,148,,Cmi,EN,John,,LS-Tracker,Z:\International\Tico\work\2026-05-13_D-00000091_T-00001068_de-DE_en-GB.xml\untranslated,5/13/2026,5/21/2026,5/21/2026,Technical Communication,importiert,Hme,
HB_FP_Sm242p2_v3_2026-05-13_D-00000091_T-00001066_EngineeringModules_de-DE_es-ES.xml.xml,6784,,Cmi,ES,Alba,Helena,LS-Tracker,Z:\International\Tico\work\2026-05-13_D-00000091_T-00001066_de-DE_es-ES.xml\untranslated,5/13/2026,5/27/2026,5/26/2026,Technical Communication,,Hme,
HB_FP_Sm242p2_v3_2026-05-13_D-00000091_T-00001066_EngineeringModules_Fragments_de-DE_es-ES.xml.xml,148,,Cmi,ES,Alba,Helena,LS-Tracker,Z:\International\Tico\work\2026-05-13_D-00000091_T-00001066_de-DE_es-ES.xml\untranslated,5/13/2026,5/27/2026,5/26/2026,Technical Communication,,Hme,
cloud-mailing_update-success-notification_tv1_repeater_de.properties,,,MxG,DE,Carsten,Franziska,jazz,Z:\Produkte\MyFRITZ\deutsch\2026.04\SieDu-1\Sie,5/13/2026,6/19/2026,,IT,geliefert,FSc,
MyFapp_20260520-de.xml,12109,,StM,Pl,Yabylon,,jazz,Z:\Produkte\F!Apps\FappMyF\GUI\Android\deutsch\2026.05,5/18/2026,5/22/2026,5/22/2026,User Interface & Clients,geliefert,FSc,
OH_FB_Sm24P2_v11_2026-05-18_D-00000084_T-00001073_EngineeringModules_de-DE_en-GB.xml,1981,,CMI,EN,Susan,,LS-Tracker,Z:\International\Tico\work\2026-05-18_D-00000084_T-00001073_de-DE_en-GB.xml\untranslated,5/18/2026,6/19/2026,5/22/2026,Technical Communication,importiert,Hme,
OH_FB_Sm24P2_v11_2026-05-18_D-00000084_T-00001072_EngineeringModules_de-DE_nl-NL.xml,1915,,CMI,NL,Angelique,,LS-Tracker,Z:\International\Tico\work\2026-05-18_D-00000084_T-00001072_de-DE_nl-NL.xml,5/18/2026,6/19/2026,5/22/2026,Technical Communication,importiert,Hme,
OH_FB_Sm24P2_v11_22026-05-18_D-00000084_T-00001069_EngineeringModules_de-DE_fr-FR.xml,1915,,CMI,FR,Marie,,LS-Tracker,Z:\International\Tico\work\2026-05-18_D-00000084_T-00001069_de-DE_fr-FR.xml,5/18/2026,6/19/2026,5/22/2026,Technical Communication,importiert,Hme,
OH_FB_Sm24P2_v11_2026-05-18_D-00000084_T-00001071_EngineeringModules_de-DE_it-IT.xml,1915,,CMI,IT,Laura,,LS-Tracker,Z:\International\Tico\work\2026-05-18_D-00000084_T-00001071_de-DE_it-IT.xml,5/18/2026,6/19/2026,5/22/2026,Technical Communication,importiert,Hme,
OH_FB_Sm24P2_v11_2026-05-18_D-00000084_T-00001070_EngineeringModules_de-DE_es-ES.xml,1915,,CMI,ES,Alba,Helena,LS-Tracker,Z:\International\Tico\work\2026-05-18_D-00000084_T-00001070_de-DE_es-ES.xml,5/18/2026,6/19/2026,5/22/2026,Technical Communication,importiert,Hme,
PDP_5630-translations-[Sprache]-PRODUCT.json,156,,JBl,EN,Susan,,LS-Tracker,Z:\Produkte\FRITZ!com\2026.05\KW21,5/18/2026,5/25/2026,5/25/2026,D2C Ecommerce,importiert,Lbo,
PDP_5630-translations-[Sprache]-METAOBJECT.json,28,,JBl,EN,Susan,,LS-Tracker,Z:\Produkte\FRITZ!com\2026.05\KW21,5/18/2026,5/25/2026,5/25/2026,D2C Ecommerce,importiert,Lbo,
PDP_5630-translations-[Sprache]-ONLINE_STORE_THEME.json,1152,,JBl,EN,Susan,,LS-Tracker,Z:\Produkte\FRITZ!com\2026.05\KW21,5/18/2026,5/25/2026,5/25/2026,D2C Ecommerce,importiert,Lbo,
translations-[Sprache]-METAFIELD.json,209,,JBl,EN,Susan,,LS-Tracker,Z:\Produkte\FRITZ!com\2026.05\KW21,5/18/2026,5/25/2026,5/25/2026,D2C Ecommerce,importiert,Lbo,
PDP_5630-translations-[Sprache]-PRODUCT.json,156,,JBl,ES,Alba,,LS-Tracker,Z:\Produkte\FRITZ!com\2026.05\KW21,5/18/2026,5/25/2026,5/25/2026,D2C Ecommerce,importiert,Lbo,
PDP_5630-translations-[Sprache]-METAOBJECT.json,28,,JBl,ES,Alba,,LS-Tracker,Z:\Produkte\FRITZ!com\2026.05\KW21,5/18/2026,5/25/2026,5/25/2026,D2C Ecommerce,importiert,Lbo,
PDP_5630-translations-[Sprache]-ONLINE_STORE_THEME.json,1152,,JBl,ES,Alba,,LS-Tracker,Z:\Produkte\FRITZ!com\2026.05\KW21,5/18/2026,5/25/2026,5/25/2026,D2C Ecommerce,importiert,Lbo,
translations-[Sprache]-METAFIELD.json,331,,JBl,ES,Alba,,LS-Tracker,Z:\Produkte\FRITZ!com\2026.05\KW21,5/18/2026,5/25/2026,5/25/2026,D2C Ecommerce,importiert,Lbo,
PDP_5630-translations-[Sprache]-PRODUCT.json,,,JBl,FR,Marie,,LS-Tracker,Z:\Produkte\FRITZ!com\2026.05\KW21,5/18/2026,5/25/2026,5/25/2026,D2C Ecommerce,importiert,Lbo,
PDP_5630-translations-[Sprache]-METAOBJECT.json,,,JBl,FR,Marie,,LS-Tracker,Z:\Produkte\FRITZ!com\2026.05\KW21,5/18/2026,5/25/2026,5/25/2026,D2C Ecommerce,importiert,Lbo,
PDP_5630-translations-[Sprache]-ONLINE_STORE_THEME.json,,,JBl,FR,Marie,,LS-Tracker,Z:\Produkte\FRITZ!com\2026.05\KW21,5/18/2026,5/25/2026,5/25/2026,D2C Ecommerce,importiert,Lbo,
translations-[Sprache]-METAFIELD.json,,,JBl,FR,Marie,,LS-Tracker,Z:\Produkte\FRITZ!com\2026.05\KW21,5/18/2026,5/25/2026,5/25/2026,D2C Ecommerce,importiert,Lbo,
PDP_5630-translations-[Sprache]-PRODUCT.json,,,JBl,IT,Laura,,LS-Tracker,Z:\Produkte\FRITZ!com\2026.05\KW21,5/18/2026,5/25/2026,5/25/2026,D2C Ecommerce,importiert,Lbo,
PDP_5630-translations-[Sprache]-METAOBJECT.json,,,JBl,IT,Laura,,LS-Tracker,Z:\Produkte\FRITZ!com\2026.05\KW21,5/18/2026,5/25/2026,5/25/2026,D2C Ecommerce,importiert,Lbo,
PDP_5630-translations-[Sprache]-ONLINE_STORE_THEME.json,,,JBl,IT,Laura,,LS-Tracker,Z:\Produkte\FRITZ!com\2026.05\KW21,5/18/2026,5/25/2026,5/25/2026,D2C Ecommerce,importiert,Lbo,
translations-[Sprache]-METAFIELD.json,,,JBl,IT,Laura,,LS-Tracker,Z:\Produkte\FRITZ!com\2026.05\KW21,5/18/2026,5/25/2026,5/25/2026,D2C Ecommerce,importiert,Lbo,
PDP_5630-translations-[Sprache]-PRODUCT.json,,,JBl,NL,Angelique,,LS-Tracker,Z:\Produkte\FRITZ!com\2026.05\KW21,5/18/2026,5/25/2026,5/25/2026,D2C Ecommerce,importiert,Lbo,
PDP_5630-translations-[Sprache]-METAOBJECT.json,,,JBl,NL,Angelique,,LS-Tracker,Z:\Produkte\FRITZ!com\2026.05\KW21,5/18/2026,5/25/2026,5/25/2026,D2C Ecommerce,importiert,Lbo,
PDP_5630-translations-[Sprache]-ONLINE_STORE_THEME.json,,,JBl,NL,Angelique,,LS-Tracker,Z:\Produkte\FRITZ!com\2026.05\KW21,5/18/2026,5/25/2026,5/25/2026,D2C Ecommerce,importiert,Lbo,
translations-[Sprache]-METAFIELD.json,,,JBl,NL,Angelique,,LS-Tracker,Z:\Produkte\FRITZ!com\2026.05\KW21,5/18/2026,5/25/2026,5/25/2026,D2C Ecommerce,importiert,Lbo,
MyFapp_20260520-de.xml,12109,,StM,EN,Susan,,jazz,Z:\Produkte\F!Apps\FappMyF\GUI\Android\deutsch\2026.05,5/18/2026,5/22/2026,5/26/2026,User Interface & Clients,geliefert,FSc,
MyFapp_20260520-de.xml,12109,,StM,FR,Marie,,jazz,Z:\Produkte\F!Apps\FappMyF\GUI\Android\deutsch\2026.05,5/18/2026,5/22/2026,5/26/2026,User Interface & Clients,geliefert,FSc,
MyFapp_20260520-de.xml,12109,,StM,IT,Laura,,jazz,Z:\Produkte\F!Apps\FappMyF\GUI\Android\deutsch\2026.05,5/18/2026,5/22/2026,5/26/2026,User Interface & Clients,geliefert,FSc,
MyFapp_20260520-de.xml,12109,,StM,ES,Alba,Helena,jazz,Z:\Produkte\F!Apps\FappMyF\GUI\Android\deutsch\2026.05,5/18/2026,5/22/2026,5/26/2026,User Interface & Clients,geliefert,FSc,
MyFapp_20260520-de.xml,12109,,StM,NL,Angelique,,jazz,Z:\Produkte\F!Apps\FappMyF\GUI\Android\deutsch\2026.05,5/18/2026,5/22/2026,5/26/2026,User Interface & Clients,geliefert,FSc,
MyFapp_20260520-de.xml,12109,,StM,SL,Yabylon,,jazz,Z:\Produkte\F!Apps\FappMyF\GUI\Android\deutsch\2026.05,5/18/2026,5/22/2026,5/26/2026,User Interface & Clients,geliefert,FSc,
translations--myfosp1--2026-05-18_de.po,29841,,Mse,EN,Susan,,Cloud,Z:\Produkte\F!Box allgemein\GUI-JS3\<Sprache>\2026.05,5/18/2026,5/28/2026,5/29/2026,User Interface & Clients,geliefert,Lbo,
translations--myfosp1--2026-05-18_de.po,29841,,Mse,IT,Laura,,Cloud,Z:\Produkte\F!Box allgemein\GUI-JS3\<Sprache>\2026.05,5/18/2026,5/28/2026,5/29/2026,User Interface & Clients,geliefert,Lbo,
translations--myfosp1--2026-05-18_de.po,29841,,Mse,NL,Angelique,,Cloud,Z:\Produkte\F!Box allgemein\GUI-JS3\<Sprache>\2026.05,5/18/2026,5/28/2026,5/29/2026,User Interface & Clients,geliefert,Lbo,
translations--myfosp1--2026-05-18_de.po,29841,,Mse,ES,Helena,,Cloud,Z:\Produkte\F!Box allgemein\GUI-JS3\<Sprache>\2026.05,5/18/2026,5/28/2026,5/29/2026,User Interface & Clients,geliefert,Lbo,
translations--myfosp1--2026-05-18_de.po,29841,,Mse,FR,Marie,,Cloud,Z:\Produkte\F!Box allgemein\GUI-JS3\<Sprache>\2026.05,5/18/2026,5/28/2026,5/29/2026,User Interface & Clients,geliefert,Lbo,
translations--myfosp1--2026-05-18_de.po,29841,,Mse,PL,Yabylon,,Cloud,Z:\Produkte\F!Box allgemein\GUI-JS3\<Sprache>\2026.05,5/18/2026,5/28/2026,5/29/2026,User Interface & Clients,geliefert,Lbo,
translations--myfosp1--2026-05-18_de.po,29841,,Mse,SL,Yabylon,,Cloud,Z:\Produkte\F!Box allgemein\GUI-JS3\<Sprache>\2026.05,5/18/2026,5/28/2026,5/29/2026,User Interface & Clients,geliefert,Lbo,
Übersetzung Newsletter Willkommens-Flow.docx,471,,Atc,EN,John,,LS-Tracker,Z:\Produkte\FRITZ!com\2026.05\KW21,5/18/2026,5/29/2026,5/29/2026,D2C Ecommerce,geliefert,Lbo,
Übersetzung Newsletter Willkommens-Flow.docx,471,,Atc,ES,Alba,Helena,LS-Tracker,Z:\Produkte\FRITZ!com\2026.05\KW21,5/18/2026,5/29/2026,5/29/2026,D2C Ecommerce,geliefert,Lbo,
Übersetzung Newsletter Willkommens-Flow.docx,471,,Atc,FR,Marie,Martine,LS-Tracker,Z:\Produkte\FRITZ!com\2026.05\KW21,5/18/2026,5/29/2026,5/29/2026,D2C Ecommerce,geliefert,Lbo,
Übersetzung Newsletter Willkommens-Flow.docx,471,,Atc,IT,Cristina,Laura,LS-Tracker,Z:\Produkte\FRITZ!com\2026.05\KW21,5/18/2026,5/29/2026,5/29/2026,D2C Ecommerce,geliefert,Lbo,
Übersetzung Newsletter Willkommens-Flow.docx,471,,Atc,NL,Angelique,,LS-Tracker,Z:\Produkte\FRITZ!com\2026.05\KW21,5/18/2026,5/29/2026,5/29/2026,D2C Ecommerce,geliefert,Lbo,
Übersetzung Newsletter Willkommens-Flow.docx,471,,Atc,PL,Yabylon,,LS-Tracker,Z:\Produkte\FRITZ!com\2026.05\KW21,5/18/2026,5/29/2026,5/29/2026,D2C Ecommerce,geliefert,Lbo,
"Übersetzung für LinkedIn Post ANGA 2026-de.docx,,,JFK,EN,Susan,,LS-Tracker,""Z:\Produkte\Texte Web, Marketing, etc\deutsch\2026.05"",5/19/2026,5/19/2026,5/19/2026,Corporate Communications,geliefert,Hme,"
2026-05-19T14-30-53_PM-History-Texts_korr-de.xml,,,TJa,EN,Lisa,,LS-Tracker,Z:\Produkte\F!Box allgemein\Info.txt\Release\MyFRITZOSp1\2026.05,5/19/2026,5/19/2026,5/19/2026,Product Management,geliefert,FSc,
FRITZ!Labor-translations-en-ONLINE_STORE_THEME.json,,,HGK,EN,Susan,,LS-Tracker,Z:\Produkte\FRITZ!com\2026.05\KW21,5/19/2026,5/19/2026,5/19/2026,Corporate Communications,geliefert,Lbo,
"20260519_Ankuendigung_FRITZ!WLANStick6700_Edition_International-de.docx,464,,APa,DE,Franziska,,LS-Tracker,""Z:\Produkte\Texte Web, Marketing, etc\deutsch\2026.05"",5/19/2026,5/28/2026,5/28/2026,Sales Marketing,geliefert,FSc,"
"20260519_Ankuendigung_FRITZ!WLANStick6700_Edition_International-de.docx,464,,APa,EN,Lisa,Susan,LS-Tracker,""Z:\Produkte\Texte Web, Marketing, etc\deutsch\2026.05"",5/19/2026,5/28/2026,5/28/2026,Sales Marketing,geliefert,FSc,"
"20260519_Ankuendigung_FRITZ!WLANStick6700_Edition_International-de.docx,464,,APa,Es,Alba,Helena,LS-Tracker,""Z:\Produkte\Texte Web, Marketing, etc\deutsch\2026.05"",5/19/2026,5/28/2026,5/28/2026,Sales Marketing,geliefert,FSc,"
"20260519_Ankuendigung_FRITZ!WLANStick6700_Edition_International-de.docx,464,,APa,Fr,Marie,,LS-Tracker,""Z:\Produkte\Texte Web, Marketing, etc\deutsch\2026.05"",5/19/2026,5/28/2026,5/28/2026,Sales Marketing,geliefert,FSc,"
"20260519_Ankuendigung_FRITZ!WLANStick6700_Edition_International-de.docx,464,,APa,It,Cristina,Laura,LS-Tracker,""Z:\Produkte\Texte Web, Marketing, etc\deutsch\2026.05"",5/19/2026,5/28/2026,5/28/2026,Sales Marketing,geliefert,FSc,"
"20260519_Ankuendigung_FRITZ!WLANStick6700_Edition_International-de.docx,464,,APa,Nl,Angelique,,LS-Tracker,""Z:\Produkte\Texte Web, Marketing, etc\deutsch\2026.05"",5/19/2026,5/28/2026,5/28/2026,Sales Marketing,geliefert,FSc,"
"20260519_Ankuendigung_FRITZ!WLANStick6700_Edition_International-de.docx,464,,APa,Pl,Yabylon,,LS-Tracker,""Z:\Produkte\Texte Web, Marketing, etc\deutsch\2026.05"",5/19/2026,5/28/2026,5/28/2026,Sales Marketing,geliefert,FSc,"
DatenNutzungsvereinbarung_Apps_final_mai26-de.docx,581,,FHO,ES,Alba,,LS-Tracker,Z:\Produkte\F!Apps\Daten Nutzungsvereinbarung\2026.05,5/19/2026,5/29/2026,6/1/2026,Product Management,geliefert,Hme,
DatenNutzungsvereinbarung_Apps_final_mai26-de.docx,581,,FHO,DE,Franziska,,LS-Tracker,Z:\Produkte\F!Apps\Daten Nutzungsvereinbarung\2026.05,5/19/2026,5/19/2026,6/9/2026,Product Management,geliefert,Hme,
DatenNutzungsvereinbarung_Apps_final_mai26-de.docx,581,,FHO,NL,Angelique,,LS-Tracker,Z:\Produkte\F!Apps\Daten Nutzungsvereinbarung\2026.05,5/19/2026,5/29/2026,6/9/2026,Product Management,geliefert,Hme,
DatenNutzungsvereinbarung_Apps_final_mai26-de.docx,581,,FHO,EN,Susan,,LS-Tracker,Z:\Produkte\F!Apps\Daten Nutzungsvereinbarung\2026.05,5/19/2026,5/29/2026,6/10/2026,Product Management,geliefert,Hme,
DatenNutzungsvereinbarung_Apps_final_mai26-de.docx,581,,FHO,FR,Marie,,LS-Tracker,Z:\Produkte\F!Apps\Daten Nutzungsvereinbarung\2026.05,5/19/2026,5/29/2026,6/12/2026,Product Management,geliefert,Hme,
DatenNutzungsvereinbarung_Apps_final_mai26-de.docx,581,,FHO,IT,Laura,,LS-Tracker,Z:\Produkte\F!Apps\Daten Nutzungsvereinbarung\2026.05,5/19/2026,5/29/2026,6/13/2026,Product Management,geliefert,Hme,
DatenNutzungsvereinbarung_Apps_final_mai26-de.docx,581,,FHO,PL,Yabylon,,LS-Tracker,Z:\Produkte\F!Apps\Daten Nutzungsvereinbarung\2026.05,5/19/2026,5/29/2026,6/14/2026,Product Management,geliefert,Hme,
DatenNutzungsvereinbarung_Apps_final_mai26-de.docx,581,,FHO,SL,Yabylon,,LS-Tracker,Z:\Produkte\F!Apps\Daten Nutzungsvereinbarung\2026.05,5/19/2026,5/29/2026,6/15/2026,Product Management,geliefert,Hme,
2026-05-19T12-27-39_PM-History-Texts.xml,,,TJa,DE,Franziska,,LS-Tracker,Z:\Produkte\F!Box allgemein\Info.txt\Release\MyFRITZOSp1\2026.05,5/19/2026,6/19/2026,6/19/2026,Product Management,geliefert,FSc,
"Übersetzung Presseinformation FRITZ! Labor,,,DHR,EN,Lisa,Susan,LS-Tracker,""Z:\Produkte\Texte Web, Marketing, etc\deutsch\2026.05"",5/20/2026,5/21/2026,5/21/2026,Corporate Communications,geliefert,,"
Textassets Q2 Security-WiFi 7 Campaign_Translations_DE.docx,496,,KGo,EN,John,,LS-Tracker,Z:\Produkte\D2C\<Sprache>\2026.05,5/20/2026,5/26/2026,5/26/2026,D2C Ecommerce,geliefert,Lbo,
Textassets Q2 Security-WiFi 7 Campaign_Translations_DE.docx,496,,KGo,ES,Alba,Helena,LS-Tracker,Z:\Produkte\D2C\<Sprache>\2026.05,5/20/2026,5/26/2026,5/26/2026,D2C Ecommerce,geliefert,Lbo,
Textassets Q2 Security-WiFi 7 Campaign_Translations_DE.docx,496,,KGo,IT,Cristina,Laura,LS-Tracker,Z:\Produkte\D2C\<Sprache>\2026.05,5/20/2026,5/26/2026,5/26/2026,D2C Ecommerce,geliefert,Lbo,
Textassets Q2 Security-WiFi 7 Campaign_Translations_DE.docx,496,,KGo,NL,Angelique,,LS-Tracker,Z:\Produkte\D2C\<Sprache>\2026.05,5/20/2026,5/26/2026,5/26/2026,D2C Ecommerce,geliefert,Lbo,
Changelogs.docx,,,FHo,EN,Susan,,jazz,Z:\Produkte\F!Apps\Apps_allgemein,5/20/2026,5/22/2026,5/26/2026,Product Management,geliefert,FSc,
Changelogs.docx,,,FHo,Es,Alba,,jazz,Z:\Produkte\F!Apps\Apps_allgemein,5/20/2026,5/22/2026,5/26/2026,Product Management,geliefert,FSc,
Changelogs.docx,,,FHo,Fr,Marie,,jazz,Z:\Produkte\F!Apps\Apps_allgemein,5/20/2026,5/22/2026,5/26/2026,Product Management,geliefert,FSc,
Changelogs.docx,,,FHo,It,Laura,,jazz,Z:\Produkte\F!Apps\Apps_allgemein,5/20/2026,5/22/2026,5/26/2026,Product Management,geliefert,FSc,
Changelogs.docx,,,FHo,Nl,Angelique,,jazz,Z:\Produkte\F!Apps\Apps_allgemein,5/20/2026,5/22/2026,5/26/2026,Product Management,geliefert,FSc,
Changelogs.docx,,,FHo,Pl,Yabylon,,jazz,Z:\Produkte\F!Apps\Apps_allgemein,5/20/2026,5/22/2026,5/26/2026,Product Management,geliefert,FSc,
Changelogs.docx,,,FHo,SL,Yabylon,,jazz,Z:\Produkte\F!Apps\Apps_allgemein,5/20/2026,5/22/2026,5/26/2026,Product Management,geliefert,FSc,
"5187_it-IT_fritz_der_freund_und_helfer_der_polizei_20260520-094928.xml,841,,Jwg,IT,Cristina,Laura,LS-Tracker,""Z:\Produkte\Texte Web, Marketing, etc\italienisch\2026.05"",5/20/2026,6/3/2026,5/29/2026,Channel Sales,,Lbo,"
Laborstart - Noch ein Punkt,,,TJa,DE,Franziska,,LS-Tracker,,5/21/2026,5/21/2026,5/21/2026,Product Management,geliefert,FSc,
Laborstart - Noch ein Punkt,,,TJa,EN,Lisa,,LS-Tracker,,5/21/2026,5/22/2026,5/22/2026,Product Management,geliefert,FSc,
shop bullets smart energy 200.docx,705,,JBl,EN,John,,LS-Tracker,Z:\Produkte\FRITZ!com\2026.05\KW21,5/21/2026,5/26/2026,5/26/2026,D2C Ecommerce,geliefert,Lbo,
shop bullets smart energy 200.docx,705,,JBl,ES,Alba,,LS-Tracker,Z:\Produkte\FRITZ!com\2026.05\KW21,5/21/2026,5/26/2026,5/26/2026,D2C Ecommerce,geliefert,Lbo,
shop bullets smart energy 200.docx,705,,JBl,FR,Marie,,LS-Tracker,Z:\Produkte\FRITZ!com\2026.05\KW21,5/21/2026,5/26/2026,5/26/2026,D2C Ecommerce,geliefert,Lbo,
shop bullets smart energy 200.docx,705,,JBl,IT,Laura,,LS-Tracker,Z:\Produkte\FRITZ!com\2026.05\KW21,5/21/2026,5/26/2026,5/26/2026,D2C Ecommerce,geliefert,Lbo,
shop bullets smart energy 200.docx,705,,JBl,NL,,,LS-Tracker,Z:\Produkte\FRITZ!com\2026.05\KW21,5/21/2026,5/26/2026,5/26/2026,D2C Ecommerce,geliefert,Lbo,
"NL: F!Repeater 1610 Outdoor im Härtetest,343,,Pse,NL,Angelique,,LS-Tracker,""Z:\Produkte\Texte Web, Marketing, etc\deutsch\2026.05"",5/21/2026,5/27/2026,6/8/2026,Channel Sales,Ü-fertig,Hme,"
"Verpackung.docx,12,,Bal,EN,Lisa,,LS-Tracker,""Z:\Produkte\Texte Web, Marketing, etc\deutsch\2026.05"",5/22/2026,5/22/2026,5/22/2026,Corporate Communications,geliefert,,"
Business Update Juni1/26,,,AGi,DE,Franziska,,LS-Tracker,,5/22/2026,6/26/2026,5/28/2026,Channel Sales,geliefert,FSc,
Mobilfunk_Camping_DE.docx,275,,CST,EN,John,,LS-Tracker,,5/26/2026,5/29/2026,5/29/2026,D2C Ecommerce,geliefert,LBo,
Mobilfunk_Camping_DE.docx,275,,CST,ES,Alba,,LS-Tracker,,5/26/2026,5/29/2026,5/29/2026,D2C Ecommerce,geliefert,Lbo,
Mobilfunk_Camping_DE.docx,275,,CST,FR,Marie,,LS-Tracker,,5/26/2026,5/29/2026,5/29/2026,D2C Ecommerce,geliefert,Lbo,
Mobilfunk_Camping_DE.docx,275,,CST,IT,Laura,,LS-Tracker,,5/26/2026,5/29/2026,5/29/2026,D2C Ecommerce,geliefert,Lbo,
Mobilfunk_Camping_DE.docx,275,,CST,NL,Angelique,,LS-Tracker,,5/26/2026,5/29/2026,5/29/2026,D2C Ecommerce,geliefert,Lbo,
HB_FR_move21_V5-2026-05-26_D-00000067_T-00001074_EngineeringModules_de-DE_it-IT.xml,3392,,Cmi,IT,Laura,,LS-Tracker,Z:\International\Tico\work,5/26/2026,5/29/2026,5/29/2026,Technical Communication,importiert,Msi,
HB_FR_move21_V5-2026-05-26_D-00000067_T-00001074_EngineeringModules_Fragments_de-DE_it-IT.xml,38,,Cmi,IT,Laura,,LS-Tracker,Z:\International\Tico\work,5/26/2026,5/29/2026,5/29/2026,Technical Communication,importiert,Msi,
"5194_en-GB_darum_fritz_die_fritzapps_20260526-115525.xml,832,,Pse,EN,John,Susan,LS-Tracker,""Z:\Produkte\Texte Web, Marketing, etc\deutsch\2026.05"",5/26/2026,6/3/2026,6/2/2026,Channel Sales,,Hme,"
"4844_en-GB_vpn_wireguard_und_ipsec_20260526-115512.xml,343,,Pse,EN,John,Susan,LS-Tracker,""Z:\Produkte\Texte Web, Marketing, etc\deutsch\2026.05"",5/26/2026,6/3/2026,6/2/2026,Channel Sales,Ü-fertig,Hme,"
OH_FSGateway_sm24p2_v1-2026-05-26_D-00000087_T-00001076_EngineeringModules_de-DE_en-GB.xml,5473,,CMI,EN,John,,LS-Tracker,Z:\International\Tico\work,5/26/2026,6/2/2026,6/2/2026,Technical Communication,importiert,Msi,
HB_FR_move21_V5-2026-05-26_D-00000067_T-00001075_EngineeringModules_de-DE_nl-NL.xml,3082,,CMI,NL,Angelique,,LS-Tracker,Z:\International\Tico\work,5/26/2026,6/2/2026,6/2/2026,Technical Communication,importiert,Msi,
HB_FR_move21_V5-2026-05-26_D-00000067_T-00001075_EngineeringModules_Fragments_de-DE_nl-NL.xml,46,,CMI,NL,Angelique,,LS-Tracker,Z:\International\Tico\work,5/26/2026,6/2/2026,6/2/2026,Technical Communication,importiert,Msi,
"Spotlight_Sommerfest_DE.docx,145,,Kba,EN,John,,LS-Tracker,""Z:\Produkte\Texte Web, Marketing, etc\deutsch\2026.07"",5/27/2026,5/27/2026,5/27/2026,Corporate Communications,,Msi,"
PSPs-translations-[Sprache]-ONLINE_STORE_THEME.json,106,,Tko,EN,,,LS-Tracker,Z:\Produkte\FRITZ!com\2026.05\KW22,5/27/2026,5/27/2026,5/27/2026,Technical Communication,,Lbo,
PSPs-translations-[Sprache]-ONLINE_STORE_THEME.json,106,,Tko,ES,,,LS-Tracker,Z:\Produkte\FRITZ!com\2026.05\KW22,5/27/2026,5/27/2026,5/27/2026,Technical Communication,,Lbo,
PSPs-translations-[Sprache]-ONLINE_STORE_THEME.json,106,,Tko,FR,,,LS-Tracker,Z:\Produkte\FRITZ!com\2026.05\KW22,5/27/2026,5/27/2026,5/27/2026,Technical Communication,,Lbo,
PSPs-translations-[Sprache]-ONLINE_STORE_THEME.json,106,,Tko,IT,,,LS-Tracker,Z:\Produkte\FRITZ!com\2026.05\KW22,5/27/2026,5/27/2026,5/27/2026,Technical Communication,,Lbo,
PSPs-translations-[Sprache]-ONLINE_STORE_THEME.json,106,,Tko,NL,,,LS-Tracker,Z:\Produkte\FRITZ!com\2026.05\KW22,5/27/2026,5/27/2026,5/27/2026,Technical Communication,,Lbo,
"PI YouGov 2026_2705.docx,547,,Dhr,DE,Franziska,,LS-Tracker,""Z:\Produkte\Texte Web, Marketing, etc\deutsch\2026.05"",5/27/2026,5/27/2026,5/29/2026,Corporate Communications,,Msi,"
"09 PI YouGov 2026-2805 Misstrauen Routerhersteller,547,,DHr,EN,Lisa,Susan,LS-Tracker,""Z:\Produkte\Texte Web, Marketing, etc\deutsch\2026.05"",5/27/2026,5/28/2026,5/29/2026,Corporate Communications,Ü-fertig,Msi,"
"Produktankündigung FRITZ!Box 5630 Edition International,673,,Apa,DE,Franziska,,LS-Tracker,""Z:\Produkte\Texte Web, Marketing, etc\deutsch\2026.05"",5/27/2026,5/28/2026,6/5/2026,Sales Marketing,,Hme,"
"Produktankündigung FRITZ!Box 5630 Edition International,673,,Apa,EN,John,Lisa,LS-Tracker,""Z:\Produkte\Texte Web, Marketing, etc\deutsch\2026.05"",5/27/2026,6/5/2026,6/5/2026,Sales Marketing,ausgecheckt,Hme,"
"Produktankündigung FRITZ!Box 5630 Edition International,673,,Apa,IT,Cristina,Laura,LS-Tracker,""Z:\Produkte\Texte Web, Marketing, etc\deutsch\2026.05"",5/27/2026,6/5/2026,6/5/2026,Sales Marketing,Ü-fertig,Hme,"
"Produktankündigung FRITZ!Box 5630 Edition International,673,,Apa,NL,Angelique,,LS-Tracker,""Z:\Produkte\Texte Web, Marketing, etc\deutsch\2026.05"",5/27/2026,6/5/2026,6/5/2026,Sales Marketing,ausgecheckt,Hme,"
"Produktankündigung FRITZ!Box 5630 Edition International,673,,Apa,FR,Marie,,LS-Tracker,""Z:\Produkte\Texte Web, Marketing, etc\deutsch\2026.05"",5/27/2026,6/5/2026,6/5/2026,Sales Marketing,ausgecheckt,Hme,"
"Produktankündigung FRITZ!Box 5630 Edition International,673,,Apa,ES,Alba,Helena,LS-Tracker,""Z:\Produkte\Texte Web, Marketing, etc\deutsch\2026.05"",5/27/2026,6/5/2026,6/5/2026,Sales Marketing,ausgecheckt,Hme,"
"Produktankündigung FRITZ!Box 5630 Edition International,673,,Apa,PL,Yabylon,,LS-Tracker,""Z:\Produkte\Texte Web, Marketing, etc\deutsch\2026.05"",5/27/2026,6/5/2026,6/5/2026,Sales Marketing,ausgecheckt,Hme,"
"NL_Newsletter_juni.docx,164,,PSe,NL,Angelique,,LS-Tracker,""Z:\Produkte\Texte Web, Marketing, etc\deutsch\2026.05"",5/27/2026,6/5/2026,6/10/2026,Channel Sales,geliefert,Hme,"
"5188_nl-NL_neuer_name_bewaehrte_leistung_fritzmesh_wi_fi_extender_1600_20260527-073839.xml,332,,Pse,NL,Angelique,,LS-Tracker,""Z:\Produkte\Texte Web, Marketing, etc\deutsch\2026.05"",5/27/2026,6/5/2026,6/10/2026,Channel Sales,geliefert,Hme,"
FRITZ! Always On Textassets.xlsx,72,,Aja,EN,John,,LS-Tracker,Z:\Produkte\D2C\<Sprache>\2026.05,5/27/2026,6/10/2026,6/10/2026,D2C Ecommerce,geliefert,Lbo,
FRITZ! Always On Textassets.xlsx,72,,Aja,IT,Laura,,LS-Tracker,Z:\Produkte\D2C\<Sprache>\2026.05,5/27/2026,6/10/2026,6/10/2026,D2C Ecommerce,geliefert,Lbo,
FRITZ! Always On Textassets.xlsx,72,,Aja,NL,Angelique,,LS-Tracker,Z:\Produkte\D2C\<Sprache>\2026.05,5/27/2026,6/10/2026,6/10/2026,D2C Ecommerce,geliefert,Lbo,
FRITZ! Always On Textassets.xlsx,72,,Aja,ES,Alba,,LS-Tracker,Z:\Produkte\D2C\<Sprache>\2026.05,5/27/2026,6/10/2026,6/10/2026,D2C Ecommerce,geliefert,Lbo,
"5630_AK18_20003150_611610217_1010018_01_FREIGABE.idml,621,,Eul,GR,Yabylon,,LS-Tracker,""Z:\Produkte\Texte Web, Marketing, etc\deutsch\2026.05\Verpackungen"",5/27/2026,5/29/2026,5/30/2026,Corporate Communications,Ü-fertig,Msi,"
"5630_AK18_20003150_611610217_1010018_01_FREIGABE.idml,373,,Eul,GR,Yabylon,,LS-Tracker,""Z:\Produkte\Texte Web, Marketing, etc\deutsch\2026.05\Verpackungen"",5/27/2026,5/29/2026,5/30/2026,Corporate Communications,Ü-fertig,Msi,"
"5630_AK18_20003150_611610217_1010018_01_FREIGABE.idml,689,,Eul,GR,Yabylon,,LS-Tracker,""Z:\Produkte\Texte Web, Marketing, etc\deutsch\2026.05\Verpackungen"",5/27/2026,5/29/2026,5/30/2026,Corporate Communications,Ü-fertig,Msi,"
"5630_AK18_20003150_611610217_1010018_01_FREIGABE.idml,703,,Eul,GR,Yabylon,,LS-Tracker,""Z:\Produkte\Texte Web, Marketing, etc\deutsch\2026.05\Verpackungen"",5/27/2026,5/29/2026,5/30/2026,Corporate Communications,Ü-fertig,Msi,"
safe-net.tech_Datenschutzerklärung,708,,Kte,EN,Susan,,LS-Tracker,Z:\Produkte\Einleger und juristische Texte\SAFENet\DE,5/28/2026,5/28/2026,6/5/2026,Corporate Communications,Ü-fertig,Msi,
safe-net.tech_Impressum,222,,Kte,EN,Susan,,LS-Tracker,Z:\Produkte\Einleger und juristische Texte\SAFENet\DE,5/28/2026,5/28/2026,6/5/2026,Corporate Communications,Ü-fertig,Msi,
"4844_en-GB_vpn_mit_fritz_20260528-084928.xml,462,,Pse,EN,Susan/Lisa,,LS-Tracker,""Z:\Produkte\Texte Web, Marketing, etc\deutsch\2026.05"",5/28/2026,6/5/2026,6/5/2026,Channel Sales,ausgecheckt,Hme,"
"Übersetzungen Provider.docx,358,,Pse,EN,Susan/Lisa,,LS-Tracker,""Z:\Produkte\Texte Web, Marketing, etc\deutsch\2026.05"",5/28/2026,6/5/2026,6/5/2026,Channel Sales,ausgecheckt,Hme,"
"PI_FB7630_2805-de.docx,548,,ALp,DE,Franziska,,LS-Tracker,""Z:\Produkte\Texte Web, Marketing, etc\deutsch\2026.05"",5/29/2026,5/29/2026,5/29/2026,Corporate Communications,,Msi,"
FRITZ_Labor-translations-en-ONLINE_STORE_THEME.json,184,,HGK,EN,Lisa,,LS-Tracker,Z:\Produkte\FRITZ!com\2026.05\KW22\DE,5/29/2026,5/29/2026,5/29/2026,Corporate Communications,,Msi,
Variablen_5630,92,,Cmi,EN,Lisa,,LS-Tracker,Z:\Produkte mit XR,5/29/2026,5/29/2026,6/1/2026,Technical Communication,Ü-fertig,Msi,
"PI_FB7630_2805-de.docx,548,,ALp,EN,Lisa,,LS-Tracker,""Z:\Produkte\Texte Web, Marketing, etc\deutsch\2026.05"",5/29/2026,6/1/2026,6/1/2026,Corporate Communications,,Msi,"
Service_Plus-translations-en-METAOBJECT.json,145,,Lca,EN,Susan,,LS-Tracker,Z:\Produkte\FRITZ!com\2026.05\KW22,5/29/2026,6/3/2026,6/3/2026,D2C Ecommerce,importiert,Lbo,
Service_Plus-translations-en-ONLINE_STORE_THEME.json,33,,LCa,EN,Susan,,LS-Tracker,Z:\Produkte\FRITZ!com\2026.05\KW22,5/29/2026,6/3/2026,6/3/2026,D2C Ecommerce,importiert,Lbo,
0000_12-1148_translate-from-de.xml,259177,,GAb,EN,Susan,,Mail,Z:\Produkte\F!Box allgemein\GUI-html2\deutsch\2026.06,5/29/2026,6/10/2026,6/8/2026,User Interface & Clients,geliefert,FSc,
0000_12-1148_translate-from-de.xml,259177,,GAb,Es,Alba,Helena,Mail,Z:\Produkte\F!Box allgemein\GUI-html2\deutsch\2026.06,5/29/2026,6/10/2026,6/8/2026,User Interface & Clients,geliefert,FSc,
0000_12-1148_translate-from-de.xml,259177,,GAb,Fr,Marie,,Mail,Z:\Produkte\F!Box allgemein\GUI-html2\deutsch\2026.06,5/29/2026,6/10/2026,6/8/2026,User Interface & Clients,geliefert,FSc,
0000_12-1148_translate-from-de.xml,259177,,GAb,It,Laura,,Mail,Z:\Produkte\F!Box allgemein\GUI-html2\deutsch\2026.06,5/29/2026,6/10/2026,6/8/2026,User Interface & Clients,geliefert,FSc,
0000_12-1148_translate-from-de.xml,259177,,GAb,Nl,Angelique,,Mail,Z:\Produkte\F!Box allgemein\GUI-html2\deutsch\2026.06,5/29/2026,6/10/2026,6/8/2026,User Interface & Clients,geliefert,FSc,
0000_12-1148_translate-from-de.xml,259177,,GAb,Pl,Yabylon,,Mail,Z:\Produkte\F!Box allgemein\GUI-html2\deutsch\2026.06,5/29/2026,6/10/2026,6/8/2026,User Interface & Clients,geliefert,FSc,
0000_12-1148_translate-from-de.xml,259177,,GAb,SL,Yabylon,,Mail,Z:\Produkte\F!Box allgemein\GUI-html2\deutsch\2026.06,5/29/2026,6/10/2026,6/8/2026,User Interface & Clients,geliefert,FSc,
"5209_en-GB_produktvergleich_20260601-064950.xml,1282,,PSE,EN,John,Susan,LS-Tracker,""Z:\Produkte\Texte Web, Marketing, etc\deutsch\2026.06"",6/1/2026,6/8/2026,6/8/2026,Channel Sales,,Hme,"
Smart Home Deals.docx,13,,CST,EN,John,,LS-Tracker,Z:\Produkte\FRITZ!com\2026.05\KW23,6/2/2026,6/2/2026,6/2/2026,D2C Ecommerce,geliefert,LBo,
Changelogs.docx,89,,KNu,EN,Susan,,jazz,Z:\Produkte\F!Apps\Apps_allgemein,6/2/2026,6/3/2026,6/4/2026,User Interface & Clients,geliefert,FSc,
Changelogs.docx,89,,KNu,Es,Alba,Helena,jazz,Z:\Produkte\F!Apps\Apps_allgemein,6/2/2026,6/3/2026,6/4/2026,User Interface & Clients,geliefert,FSc,
Changelogs.docx,89,,KNu,Fr,Marie,,jazz,Z:\Produkte\F!Apps\Apps_allgemein,6/2/2026,6/3/2026,6/4/2026,User Interface & Clients,geliefert,FSc,
Changelogs.docx,89,,KNu,It,Laura,,jazz,Z:\Produkte\F!Apps\Apps_allgemein,6/2/2026,6/3/2026,6/4/2026,User Interface & Clients,geliefert,FSc,
Changelogs.docx,89,,KNu,Nl,Angelique,,jazz,Z:\Produkte\F!Apps\Apps_allgemein,6/2/2026,6/3/2026,6/4/2026,User Interface & Clients,geliefert,FSc,
Changelogs.docx,89,,KNu,Pl,Yabylon,,jazz,Z:\Produkte\F!Apps\Apps_allgemein,6/2/2026,6/3/2026,6/4/2026,User Interface & Clients,geliefert,FSc,
Changelogs.docx,89,,KNu,SL,Yabylon,,jazz,Z:\Produkte\F!Apps\Apps_allgemein,6/2/2026,6/3/2026,6/4/2026,User Interface & Clients,geliefert,FSc,
FappSH_20260423-de.xml,7344,,NRi,EN,Susan,,jazz,Z:\Produkte\F!Apps\FappSmartHome\GUI\Android\deutsch\2026.04,6/2/2026,6/5/2026,6/9/2026,User Interface & Clients,geliefert,FSc,
FappSH_20260423-de.xml,7344,,NRi,Es,Alba,,jazz,Z:\Produkte\F!Apps\FappSmartHome\GUI\Android\deutsch\2026.04,6/2/2026,6/5/2026,6/9/2026,User Interface & Clients,geliefert,FSc,
FappSH_20260423-de.xml,7344,,NRi,Fr,Marie,,jazz,Z:\Produkte\F!Apps\FappSmartHome\GUI\Android\deutsch\2026.04,6/2/2026,6/5/2026,6/9/2026,User Interface & Clients,geliefert,FSc,
FappSH_20260423-de.xml,7344,,NRi,It,Laura,,jazz,Z:\Produkte\F!Apps\FappSmartHome\GUI\Android\deutsch\2026.04,6/2/2026,6/5/2026,6/9/2026,User Interface & Clients,geliefert,FSc,
FappSH_20260423-de.xml,7344,,NRi,Nl,Angelique,,jazz,Z:\Produkte\F!Apps\FappSmartHome\GUI\Android\deutsch\2026.04,6/2/2026,6/5/2026,6/9/2026,User Interface & Clients,geliefert,FSc,
FappSH_20260423-de.xml,7344,,NRi,Pl,Yabylon,,jazz,Z:\Produkte\F!Apps\FappSmartHome\GUI\Android\deutsch\2026.04,6/2/2026,6/8/2026,6/9/2026,User Interface & Clients,geliefert,FSc,
FappSH_20260423-de.xml,7344,,NRi,SL,Yabylon,,jazz,Z:\Produkte\F!Apps\FappSmartHome\GUI\Android\deutsch\2026.04,6/2/2026,6/8/2026,6/9/2026,User Interface & Clients,geliefert,FSc,
2026-06-03T13-41-17_PM-History-Texts.xml,783,,TJa,DE,Franziska,,LS-Tracker,Z:\Produkte\F!Box allgemein\Info.txt\Release\MyFRITZOSp1\2026.06,6/3/2026,6/3/2026,6/3/2026,Product Management,geliefert,FSc,
2026-06-03T14-31-43_PM-History-Texts_korr-de.xml,771,,TJa,EN,Susan,,LS-Tracker,Z:\Produkte\F!Box allgemein\Info.txt\Release\MyFRITZOSp1\2026.06,6/3/2026,6/3/2026,6/3/2026,Product Management,geliefert,FSc,
20260603_PA_FRITZ!WLAN Stick 6700_DE_FINAL.docx,476,,PWi,DE,Franziska,,LS-Tracker,,6/3/2026,6/3/2026,6/3/2026,Sales Marketing,geliefert,FSc,
[myfritz!net] Übersetzung der neuen Nutzungsvereinbarung,2077,,HCH,DE,Franziska,,jazz,Z:\Produkte\MyFRITZ\deutsch\2026.06,6/3/2026,6/4/2026,6/4/2026,IT,,,
DHL Express.docx,15,,NWi,ES,Alba,,LS-Tracker,Z:\Produkte\FRITZ!com\2026.06\KW23,6/3/2026,6/4/2026,6/5/2026,D2C Ecommerce,geliefert,Lbo,
DHL Express.docx,15,,NWi,FR,Martine,,LS-Tracker,Z:\Produkte\FRITZ!com\2026.06\KW23,6/3/2026,6/4/2026,6/5/2026,D2C Ecommerce,geliefert,Lbo,
DHL Express.docx,15,,NWi,IT,Laura,,LS-Tracker,Z:\Produkte\FRITZ!com\2026.06\KW23,6/3/2026,6/4/2026,6/5/2026,D2C Ecommerce,geliefert,Lbo,
DHL Express.docx,15,,NWi,NL,Angelique,,LS-Tracker,Z:\Produkte\FRITZ!com\2026.06\KW23,6/3/2026,6/4/2026,6/5/2026,D2C Ecommerce,geliefert,Lbo,
DHL Express.docx,15,,NWi,PL,Yabylon,,LS-Tracker,Z:\Produkte\FRITZ!com\2026.06\KW23,6/3/2026,6/4/2026,6/5/2026,D2C Ecommerce,geliefert,Lbo,
WM_Lead Generierung_Textassets_Übersetzung.docx,69,,Kgo,ES,Alba,,LS-Tracker,Z:\Produkte\D2C\<Sprache>\2026.06,6/3/2026,6/5/2026,6/5/2026,D2C Ecommerce,geliefert,LBo,
WM_Lead Generierung_Textassets_Übersetzung.docx,69,,Kgo,NL,Angelique,,LS-Tracker,Z:\Produkte\D2C\<Sprache>\2026.06,6/3/2026,6/5/2026,6/5/2026,D2C Ecommerce,geliefert,LBo,
WM_Shop-Aktion-translations-[Sprache]-ONLINE_STORE_THEME.json,408,,JBl,EN,Susan,,LS-Tracker,Z:\Produkte\FRITZ!com\2026.06\KW23,6/3/2026,6/5/2026,6/5/2026,D2C Ecommerce,importiert,Lbo,
WM_Shop-Aktion-translations-[Sprache]-ONLINE_STORE_THEME.json,408,,JBl,ES,Alba,,LS-Tracker,Z:\Produkte\FRITZ!com\2026.06\KW23,6/3/2026,6/5/2026,6/5/2026,D2C Ecommerce,importiert,Lbo,
WM_Shop-Aktion-translations-[Sprache]-ONLINE_STORE_THEME.json,408,,JBl,NL,Angelique,,LS-Tracker,Z:\Produkte\FRITZ!com\2026.06\KW23,6/3/2026,6/5/2026,6/5/2026,D2C Ecommerce,importiert,Lbo,
Übersetzung Newsletter Mail 1 WM.docx,197,,ATC,IT,Cristina,Laura,LS-Tracker,Z:\Produkte\D2C\<Sprache>\2026.06,6/3/2026,6/5/2026,6/8/2026,D2C Ecommerce,geliefert,Lbo,
Übersetzung Newsletter Mail 1 WM.docx,197,,ATC,NL,Angelique,,LS-Tracker,Z:\Produkte\D2C\<Sprache>\2026.06,6/3/2026,6/5/2026,6/8/2026,D2C Ecommerce,geliefert,Lbo,
Übersetzung Newsletter Mail 1 WM.docx,197,,ATC,ES,Alba,Helena,LS-Tracker,Z:\Produkte\D2C\<Sprache>\2026.06,6/3/2026,6/5/2026,6/8/2026,D2C Ecommerce,geliefert,Lbo,
[myfritz!net] Übersetzung der neuen Nutzungsvereinbarung,2077,,HCH,EN,John,Susan,jazz,Z:\Produkte\MyFRITZ\deutsch\2026.06,6/3/2026,6/10/2026,6/9/2026,IT,geliefert,,
[myfritz!net] Übersetzung der neuen Nutzungsvereinbarung,2077,,HCH,FR,Martine,,jazz,Z:\Produkte\MyFRITZ\deutsch\2026.06,6/3/2026,6/10/2026,6/9/2026,IT,geliefert,,
[myfritz!net] Übersetzung der neuen Nutzungsvereinbarung,2077,,HCH,IT,Laura,,jazz,Z:\Produkte\MyFRITZ\deutsch\2026.06,6/3/2026,6/10/2026,6/9/2026,IT,geliefert,,
[myfritz!net] Übersetzung der neuen Nutzungsvereinbarung,2077,,HCH,ES,Helena,,jazz,Z:\Produkte\MyFRITZ\deutsch\2026.06,6/3/2026,6/10/2026,6/9/2026,IT,geliefert,,
[myfritz!net] Übersetzung der neuen Nutzungsvereinbarung,2077,,HCH,NL,Angelique,,jazz,Z:\Produkte\MyFRITZ\deutsch\2026.06,6/3/2026,6/10/2026,6/9/2026,IT,geliefert,,
AT/CH: Business Update für Juni,,,PSe,DE,Franziska,,LS-Tracker,,6/3/2026,6/8/2026,6/12/2026,Channel Sales,geliefert,FSc,
WM_Shop_Aktion-translations-en-COLLECTION.json,9,,JBl,EN,Susan,,LS-Tracker,Z:\Produkte\FRITZ!com\2026.06\KW23,6/4/2026,6/5/2026,6/5/2026,D2C Ecommerce,importiert,Lbo,
WM_Shop_Aktion-translations-en-COLLECTION.json,9,,JBl,ES,Alba,,LS-Tracker,Z:\Produkte\FRITZ!com\2026.06\KW23,6/4/2026,6/5/2026,6/5/2026,D2C Ecommerce,importiert,Lbo,
WM_Shop_Aktion-translations-en-COLLECTION.json,9,,JBl,NL,Angelique,,LS-Tracker,Z:\Produkte\FRITZ!com\2026.06\KW23,6/4/2026,6/5/2026,6/5/2026,D2C Ecommerce,importiert,Lbo,
Einrichtung per Browser.docx,6,,CST,EN,Susan,,LS-Tracker,Z:\Produkte\FRITZ!com\2026.06\KW23,6/4/2026,6/5/2026,6/5/2026,D2C Ecommerce,geliefert,Lbo,
Einrichtung per Browser.docx,6,,CST,ES,Alba,,LS-Tracker,Z:\Produkte\FRITZ!com\2026.06\KW23,6/4/2026,6/5/2026,6/5/2026,D2C Ecommerce,geliefert,Lbo,
Einrichtung per Browser.docx,6,,CST,FR,Martine,,LS-Tracker,Z:\Produkte\FRITZ!com\2026.06\KW23,6/4/2026,6/5/2026,6/5/2026,D2C Ecommerce,geliefert,Lbo,
Einrichtung per Browser.docx,6,,CST,IT,Laura,,LS-Tracker,Z:\Produkte\FRITZ!com\2026.06\KW23,6/4/2026,6/5/2026,6/5/2026,D2C Ecommerce,geliefert,Lbo,
Einrichtung per Browser.docx,6,,CST,NL,Angelique,,LS-Tracker,Z:\Produkte\FRITZ!com\2026.06\KW23,6/4/2026,6/5/2026,6/5/2026,D2C Ecommerce,geliefert,Lbo,
"EHA Reader Awards 2026.docx,77,,PSE,NL,Angelique,,LS-Tracker,""Z:\Produkte\Texte Web, Marketing, etc\deutsch\2026.06"",6/4/2026,6/5/2026,6/12/2026,Channel Sales,geliefert,Hme,"
Makro 756.docx,165,,OFO,EN,Lisa,,LS-Tracker,Z:\Produkte\Support-Aufträge\06.2026,6/4/2026,6/15/2026,6/15/2026,Kundenservice 2nd Level,geliefert,Lbo,
Makro 756.docx,165,,OFO,IT,Laura,,LS-Tracker,Z:\Produkte\Support-Aufträge\06.2026,6/4/2026,6/15/2026,6/15/2026,Kundenservice 2nd Level,geliefert,Lbo,
Makro 756.docx,165,,OFO,ES,Helena,,LS-Tracker,Z:\Produkte\Support-Aufträge\06.2026,6/4/2026,6/15/2026,6/15/2026,Kundenservice 2nd Level,geliefert,Lbo,
Empfaengererklaerung_Nicht_erhaltene_Lieferung.pdf,103,,OFO,EN,Lisa,,LS-Tracker,Z:\Produkte\Support-Aufträge\06.2026,6/4/2026,6/15/2026,6/15/2026,Kundenservice 2nd Level,geliefert,Lbo,
Empfaengererklaerung_Nicht_erhaltene_Lieferung.pdf,103,,OFO,IT,Laura,,LS-Tracker,Z:\Produkte\Support-Aufträge\06.2026,6/4/2026,6/15/2026,6/15/2026,Kundenservice 2nd Level,geliefert,Lbo,
Empfaengererklaerung_Nicht_erhaltene_Lieferung.pdf,103,,OFO,ES,Helena,,LS-Tracker,Z:\Produkte\Support-Aufträge\06.2026,6/4/2026,6/15/2026,6/15/2026,Kundenservice 2nd Level,geliefert,Lbo,
Lektorat Business Update DE Mai 1,,,AGi,DE,Franziska,,LS-Tracker,,6/5/2026,6/7/2026,6/8/2026,Channel Sales,geliefert,FSc,
"TLF_FB7630-de,904,,Alp,DE,Franziska,,LS-Tracker,""Z:\Produkte\Texte Web, Marketing, etc\deutsch\2026.06"",6/5/2026,6/5/2026,6/10/2026,Corporate Communications,,,"
"TLF_FB7630-de,904,,Alp,EN,Lisa,John,LS-Tracker,""Z:\Produkte\Texte Web, Marketing, etc\deutsch\2026.06"",6/5/2026,6/10/2026,6/10/2026,Corporate Communications,,Msi,"
FappTV_20260430-de_Sie_Du.xml,870,,JDG,EN,Susan,,jazz,Z:\Produkte\F!Apps\FappTV\GUI\Android\deutsch\2026.05\SieDu-1,6/5/2026,6/10/2026,6/10/2026,User Interface & Clients,geliefert,FSc,
FappTV_20260430-de_Sie_Du.xml,870,,JDG,Es,Helena,,jazz,Z:\Produkte\F!Apps\FappTV\GUI\Android\deutsch\2026.05\SieDu-1,6/5/2026,6/10/2026,6/10/2026,User Interface & Clients,geliefert,FSc,
FappTV_20260430-de_Sie_Du.xml,870,,JDG,Fr,Martine,,jazz,Z:\Produkte\F!Apps\FappTV\GUI\Android\deutsch\2026.05\SieDu-1,6/5/2026,6/10/2026,6/10/2026,User Interface & Clients,geliefert,FSc,
FappTV_20260430-de_Sie_Du.xml,870,,JDG,It,Laura,,jazz,Z:\Produkte\F!Apps\FappTV\GUI\Android\deutsch\2026.05\SieDu-1,6/5/2026,6/10/2026,6/10/2026,User Interface & Clients,geliefert,FSc,
FappTV_20260430-de_Sie_Du.xml,870,,JDG,Nl,Angelique,,jazz,Z:\Produkte\F!Apps\FappTV\GUI\Android\deutsch\2026.05\SieDu-1,6/5/2026,6/10/2026,6/10/2026,User Interface & Clients,geliefert,FSc,
FappTV_20260430-de_Sie_Du.xml,870,,JDG,Pl,Yabylon,,jazz,Z:\Produkte\F!Apps\FappTV\GUI\Android\deutsch\2026.05\SieDu-1,6/5/2026,6/10/2026,6/10/2026,User Interface & Clients,geliefert,FSc,
FappTV_20260430-de_Sie_Du.xml,870,,JDG,SL,Yabylon,,jazz,Z:\Produkte\F!Apps\FappTV\GUI\Android\deutsch\2026.05\SieDu-1,6/5/2026,6/10/2026,6/10/2026,User Interface & Clients,geliefert,FSc,
"PI_FwlanStick6700-de,461,,Alp,DE,Franziska,,LS-Tracker,""Z:\Produkte\Texte Web, Marketing, etc\deutsch\2026.06"",6/5/2026,6/5/2026,6/11/2026,Corporate Communications,,Msi,"
"PI_FwlanStick6700-de,461,,Alp,EN,John,Lisa,LS-Tracker,""Z:\Produkte\Texte Web, Marketing, etc\deutsch\2026.06"",6/5/2026,6/8/2026,6/11/2026,Corporate Communications,Ü-fertig,Msi,"
"FRITZ!DECT210_long_text,397,,Pse,EN,Susan/John,,LS-Tracker,""Z:\Produkte\Texte Web, Marketing, etc\deutsch\2026.06"",6/5/2026,6/9/2026,6/12/2026,Channel Sales,,Msi,"
Belehrung zum Widerrufsrecht bei vorzeitigem Leistungsbeginn.docx,133,,TKO,EN,Lisa,,LS-Tracker,Z:\Produkte\FRITZ!com\2026.06\KW24,6/8/2026,6/9/2026,6/10/2026,Technical Communication,geliefert,Lbo,
KA Sunrise 5690XGS_7682_68605G-DE.idml,574,,Ost,IT,Laura,,LS-Tracker,Z:\Produkte\F!Box Kurzanleitungen\sunrise\2026.06,6/8/2026,6/9/2026,6/11/2026,Technical Communication,,Msi,
KA Sunrise 5690XGS_7682_68605G-DE.idml,574,,Ost,FR,Martine,,LS-Tracker,Z:\Produkte\F!Box Kurzanleitungen\sunrise\2026.06,6/8/2026,6/9/2026,6/11/2026,Technical Communication,,Msi,
"5212_en-GB_mesh_set_oder_repeater_20260603-094305.xml,500,,PSE,EN,John,Susan,LS-Tracker,""Z:\Produkte\Texte Web, Marketing, etc\deutsch\2026.06\Provider Übersetzungnen"",6/8/2026,6/11/2026,6/15/2026,Channel Sales,geliefert,Hme,"
"5219_en-GB_fritzbox_7630_20260603-094626.xml,756,,PSE,EN,John,Susan,LS-Tracker,""Z:\Produkte\Texte Web, Marketing, etc\deutsch\2026.06\Provider Übersetzungnen"",6/8/2026,6/11/2026,6/15/2026,Channel Sales,geliefert,Hme,"
"5225_en-GB_seamless_management_20260608-103328.xml,280,,PSE,EN,John,Susan,LS-Tracker,""Z:\Produkte\Texte Web, Marketing, etc\deutsch\2026.06\Provider Übersetzungnen"",6/8/2026,6/11/2026,6/15/2026,Channel Sales,geliefert,Hme,"
2026-06-09T13-46-59_PM-History-Texts.xml,923,,TJa,DE,Franziska,,LS-Tracker,Z:\Produkte\F!Box allgemein\Info.txt\Release\MyFRITZOSp1\2026.06,6/9/2026,6/9/2026,6/9/2026,Product Management,geliefert,FSc,
2026-06-09T14-21-29_PM-History-Texts_korr-de.xml,926,,TJa,EN,Susan,,LS-Tracker,Z:\Produkte\F!Box allgemein\Info.txt\Release\MyFRITZOSp1\2026.06,6/9/2026,6/9/2026,6/9/2026,Product Management,geliefert,FSc,
WM_Shop-translations-fr-ONLINE_STORE_THEME.json,203,,Kgo,FR,Marie,,LS-Tracker,Z:\Produkte\FRITZ!com\2026.06\KW24,6/10/2026,6/12/2026,6/12/2026,D2C Ecommerce,importiert,Lbo,
CMP.docx,146,,TKO,EN,Susan,,LS-Tracker,Z:\Produkte\FRITZ!com\2026.06\KW24,6/10/2026,6/12/2026,6/12/2026,Technical Communication,geliefert,Lbo,
CMP.docx,146,,TKO,ES,Helena,,LS-Tracker,Z:\Produkte\FRITZ!com\2026.06\KW24,6/10/2026,6/12/2026,6/12/2026,Technical Communication,geliefert,Lbo,
CMP.docx,146,,TKO,FR,Martine,,LS-Tracker,Z:\Produkte\FRITZ!com\2026.06\KW24,6/10/2026,6/12/2026,6/12/2026,Technical Communication,geliefert,Lbo,
CMP.docx,146,,TKO,IT,Laura,,LS-Tracker,Z:\Produkte\FRITZ!com\2026.06\KW24,6/10/2026,6/12/2026,6/12/2026,Technical Communication,geliefert,Lbo,
CMP.docx,146,,TKO,NL,Angelique,,LS-Tracker,Z:\Produkte\FRITZ!com\2026.06\KW24,6/10/2026,6/12/2026,6/12/2026,Technical Communication,geliefert,Lbo,
7630_Amazon_deutsch.docx,226,,JBL,EN,Susan,,LS-Tracker,Z:\Produkte\D2C\<Sprache>\2026.06,6/10/2026,6/12/2026,6/12/2026,D2C Ecommerce,geliefert,Lbo,
7630_Amazon_deutsch.docx,226,,JBL,ES,Helena,,LS-Tracker,Z:\Produkte\D2C\<Sprache>\2026.06,6/10/2026,6/12/2026,6/12/2026,D2C Ecommerce,geliefert,Lbo,
7630_Amazon_deutsch.docx,226,,JBL,FR,Marie,,LS-Tracker,Z:\Produkte\D2C\<Sprache>\2026.06,6/10/2026,6/12/2026,6/12/2026,D2C Ecommerce,geliefert,Lbo,
7630_Amazon_deutsch.docx,226,,JBL,IT,Cristina,Laura,LS-Tracker,Z:\Produkte\D2C\<Sprache>\2026.06,6/10/2026,6/12/2026,6/12/2026,D2C Ecommerce,geliefert,Lbo,
7630_Amazon_deutsch.docx,226,,JBL,NL,Angelique,,LS-Tracker,Z:\Produkte\D2C\<Sprache>\2026.06,6/10/2026,6/12/2026,6/12/2026,D2C Ecommerce,geliefert,Lbo,
7630_Amazon_deutsch.docx,226,,JBL,PL,Christoph,,LS-Tracker,Z:\Produkte\D2C\<Sprache>\2026.06,6/10/2026,6/12/2026,6/12/2026,D2C Ecommerce,geliefert,Lbo,
"ENTWURF_Ratgeber-PI WM.docx,721,,Alp,EN,John,Lisa,LS-Tracker,""Z:\Produkte\Texte Web, Marketing, etc\deutsch\2026.06"",6/10/2026,6/11/2026,6/11/2026,Corporate Communications,,Msi,"
"BU__Juni_ES.docx,200,,PSE,ES,Alba,Helena,LS-Tracker,""Z:\Produkte\Texte Web, Marketing, etc\deutsch\2026.06"",6/10/2026,6/15/2026,6/16/2026,Channel Sales,geliefert,Hme,"
20260610_Produktankündigung_F_Box_5630_DE.docx,676,,PWi,DE,Franziska,,LS-Tracker,,6/10/2026,6/10/2026,6/10/2026,Sales Marketing,geliefert,FSc,
FappFon_20260423-de.xml,1536,,ADo,EN,Susan,,jazz,Z:\Produkte\F!Apps\FappFon\GUI\Android\deutsch\2026.04,6/11/2026,6/15/2026,6/15/2026,User Interface & Clients,geliefert,FSc,
FappFon_20260423-de.xml,1536,,ADo,Es,Alba,Helena,jazz,Z:\Produkte\F!Apps\FappFon\GUI\Android\deutsch\2026.04,6/11/2026,6/15/2026,6/15/2026,User Interface & Clients,geliefert,FSc,
FappFon_20260423-de.xml,1536,,ADo,Fr,Marie,,jazz,Z:\Produkte\F!Apps\FappFon\GUI\Android\deutsch\2026.04,6/11/2026,6/15/2026,6/15/2026,User Interface & Clients,geliefert,FSc,
FappFon_20260423-de.xml,1536,,ADo,It,Laura,,jazz,Z:\Produkte\F!Apps\FappFon\GUI\Android\deutsch\2026.04,6/11/2026,6/15/2026,6/15/2026,User Interface & Clients,geliefert,FSc,
FappFon_20260423-de.xml,1536,,ADo,Nl,Angelique,,jazz,Z:\Produkte\F!Apps\FappFon\GUI\Android\deutsch\2026.04,6/11/2026,6/15/2026,6/15/2026,User Interface & Clients,geliefert,FSc,
FappFon_20260423-de.xml,1536,,ADo,Pl,Yabylon,,jazz,Z:\Produkte\F!Apps\FappFon\GUI\Android\deutsch\2026.04,6/11/2026,6/15/2026,6/15/2026,User Interface & Clients,geliefert,FSc,
FappFon_20260423-de.xml,1536,,ADo,SL,Yabylon,,jazz,Z:\Produkte\F!Apps\FappFon\GUI\Android\deutsch\2026.04,6/11/2026,6/15/2026,6/15/2026,User Interface & Clients,geliefert,FSc,
Success_Stories-translations-[Sprache]-ONLINE_STORE_THEME.json,642,,Lca,EN,John,,LS-Tracker,Z:\Produkte\FRITZ!com\2026.06\KW24,6/11/2026,6/25/2026,6/25/2026,D2C Ecommerce,importiert,Lbo,
Success_Stories-translations-[Sprache]-ONLINE_STORE_THEME.json,401,,Lca,ES,Helena,,LS-Tracker,Z:\Produkte\FRITZ!com\2026.06\KW24,6/11/2026,6/25/2026,6/25/2026,D2C Ecommerce,importiert,Lbo,
Success_Stories-translations-[Sprache]-ONLINE_STORE_THEME.json,401,,Lca,FR,Marie,Martine,LS-Tracker,Z:\Produkte\FRITZ!com\2026.06\KW24,6/11/2026,6/25/2026,6/25/2026,D2C Ecommerce,importiert,Lbo,
Success_Stories-translations-[Sprache]-ONLINE_STORE_THEME.json,401,,Lca,IT,Cristina,Laura,LS-Tracker,Z:\Produkte\FRITZ!com\2026.06\KW24,6/11/2026,6/25/2026,6/25/2026,D2C Ecommerce,importiert,Lbo,
Success_Stories-translations-[Sprache]-ONLINE_STORE_THEME.json,401,,Lca,NL,Angelique,,LS-Tracker,Z:\Produkte\FRITZ!com\2026.06\KW24,6/11/2026,6/25/2026,6/25/2026,D2C Ecommerce,importiert,Lbo,
OH_FB_MFOS_v1-2026-06-12_D-00000094_T-00001082_EngineeringModules_de-DE_en-GB.xml,1231,,LLe,EN,Lisa,,LS-Tracker,Z:\International\Tico\work,6/12/2026,6/15/2026,6/15/2026,Technical Communication,Ü-fertig,Msi,
OH_FB_MFOS_v1-2026-06-12_D-00000094_T-00001081_EngineeringModules_de-DE_nl-NL.xml,2566,,LLe,Nl,Angelique,,jazz,Z:\International\Tico\work,6/12/2026,6/15/2026,6/15/2026,Technical Communication,Ü-fertig,Msi,
OH_FB_MFOS_v1-2026-06-12_D-00000094_T-00001080_EngineeringModules_de-DE_it-IT.xml,2566,,LLe,It,Laura,,jazz,Z:\International\Tico\work,6/12/2026,6/15/2026,6/15/2026,Technical Communication,importiert,Msi,
OH_FB_MFOS_v1-2026-06-12_D-00000094_T-00001079_EngineeringModules_de-DE_es-ES.xml,2566,,LLe,Es,Helena,,jazz,Z:\International\Tico\work,6/12/2026,6/15/2026,6/16/2026,Technical Communication,Ü-fertig,Msi,
OH_FB_MFOS_v1-2026-06-12_D-00000094_T-00001078_EngineeringModules_de-DE_fr-FR.xml,2566,,LLe,Fr,Martine,,jazz,Z:\International\Tico\work,6/12/2026,6/15/2026,6/15/2026,Technical Communication,,Msi,
"5240_en-GB_neues_fritz_labor_20260612-062129.xml,239,,Pse,EN,Lisa,John,LS-Tracker,""Z:\Produkte\Texte Web, Marketing, etc\deutsch\2026.06"",6/12/2026,6/16/2026,6/17/2026,Channel Sales,Ü-fertig,Hme,"
"FRITZOS_en.docx,241,,Pse,EN,Lisa,Susan,LS-Tracker,""Z:\Produkte\Texte Web, Marketing, etc\deutsch\2026.06"",6/12/2026,6/16/2026,6/17/2026,Channel Sales,Ü-fertig,Hme,"
"Ecosystem & Smart Home Expansion.docx,194,,Pse,EN,Lisa,Susan,LS-Tracker,""Z:\Produkte\Texte Web, Marketing, etc\deutsch\2026.06"",6/12/2026,6/16/2026,6/17/2026,Channel Sales,Ü-fertig,Hme,"
MyFapp_20260520-de.xml,12109,,StM,UK,Lisa,,LS-Tracker,Z:\Produkte\F!Apps\FappMyF\GUI\Android\deutsch\2026.05,6/12/2026,6/30/2026,,User Interface & Clients,Ü-fertig,FSc,
Makro 756.docx,165,,OFO,NL,Angelique,,LS-Tracker,Z:\Produkte\Support-Aufträge\06.2026,6/12/2026,6/16/2026,6/17/2026,Kundenservice 2nd Level,geliefert,,
Empfaengererklaerung_Nicht_erhaltene_Lieferung.pdf,103,,OFO,NL,Angelique,,LS-Tracker,Z:\Produkte\Support-Aufträge\06.2026,6/12/2026,6/16/2026,6/17/2026,Kundenservice 2nd Level,geliefert,,
"Passwort.docx,104,,PSE,EN,John,Lisa,LS-Tracker,""Z:\Produkte\Texte Web, Marketing, etc\deutsch\2026.06"",6/12/2026,6/16/2026,6/17/2026,Channel Sales,Ü-fertig,Hme,"
"Registrierung Erfolgsseite Fehlerseitedocx.docx,45,,PSE,EN,John,Lisa,LS-Tracker,""Z:\Produkte\Texte Web, Marketing, etc\deutsch\2026.06"",6/12/2026,6/16/2026,6/17/2026,Channel Sales,Ü-fertig,Hme,"
"Lektorat EN.docx,1617,,PSE,UK,Lisa,,LS-Tracker,""Z:\Produkte\Texte Web, Marketing, etc\englisch\2026.06"",6/12/2026,6/16/2026,6/17/2026,Channel Sales,geliefert,Hme,"
"20260612_DSE-Website_Bewertungen_neu.docx,305,,JBE,EN,Susan/John,,LS-Tracker,""Z:\Produkte\Texte Web, Marketing, etc\deutsch\2026.06"",6/12/2026,6/30/2026,7/3/2026,Corporate Legal,geliefert,Hme,"
"20260612_DSE-Website_Bewertungen_neu.docx,305,,JBE,FR,Marie,,LS-Tracker,""Z:\Produkte\Texte Web, Marketing, etc\deutsch\2026.06"",6/12/2026,6/30/2026,7/3/2026,Corporate Legal,geliefert,Hme,"
"20260612_DSE-Website_Bewertungen_neu.docx,305,,JBE,IT,Laura,,LS-Tracker,""Z:\Produkte\Texte Web, Marketing, etc\deutsch\2026.06"",6/12/2026,6/30/2026,7/3/2026,Corporate Legal,geliefert,Hme,"
"20260612_DSE-Website_Bewertungen_neu.docx,305,,JBE,NL,Angelique,,LS-Tracker,""Z:\Produkte\Texte Web, Marketing, etc\deutsch\2026.06"",6/12/2026,6/30/2026,7/3/2026,Corporate Legal,geliefert,Hme,"
"20260612_DSE-Website_Bewertungen_neu.docx,305,,JBE,ES,Alba,Helena,LS-Tracker,""Z:\Produkte\Texte Web, Marketing, etc\deutsch\2026.06"",6/12/2026,6/30/2026,7/3/2026,Corporate Legal,geliefert,Hme,"
"20260612_DSE-Website_Support- und Beratungsanfragen_neu.docx,104,,JBE,EN,Susan/John,,LS-Tracker,""Z:\Produkte\Texte Web, Marketing, etc\deutsch\2026.06"",6/12/2026,6/30/2026,7/3/2026,Corporate Legal,geliefert,Hme,"
"20260612_DSE-Website_Support- und Beratungsanfragen_neu.docx,104,,JBE,FR,Marie,,LS-Tracker,""Z:\Produkte\Texte Web, Marketing, etc\deutsch\2026.06"",6/12/2026,6/30/2026,7/3/2026,Corporate Legal,geliefert,Hme,"
"20260612_DSE-Website_Support- und Beratungsanfragen_neu.docx,104,,JBE,IT,Laura,,LS-Tracker,""Z:\Produkte\Texte Web, Marketing, etc\deutsch\2026.06"",6/12/2026,6/30/2026,7/3/2026,Corporate Legal,geliefert,Hme,"
"20260612_DSE-Website_Support- und Beratungsanfragen_neu.docx,104,,JBE,NL,Angelique,,LS-Tracker,""Z:\Produkte\Texte Web, Marketing, etc\deutsch\2026.06"",6/12/2026,6/30/2026,7/3/2026,Corporate Legal,geliefert,Hme,"
"20260612_DSE-Website_Support- und Beratungsanfragen_neu.docx,104,,JBE,ES,Alba,Helena,LS-Tracker,""Z:\Produkte\Texte Web, Marketing, etc\deutsch\2026.06"",6/12/2026,6/30/2026,7/3/2026,Corporate Legal,geliefert,Hme,"
"Systemübersetzungen_EN.docx,126,,PSE,EN,John,Lisa,LS-Tracker,""Z:\Produkte\Texte Web, Marketing, etc\deutsch\2026.06"",6/15/2026,6/16/2026,6/17/2026,Channel Sales,Ü-fertig,Hme,"
FappFon_20260423-de.xml,1536,,ADo,UK,John,,LS-Tracker,Z:\Produkte\F!Apps\FappFon\GUI\Android\deutsch,6/15/2026,6/17/2026,,User Interface & Clients,,FSc,
cloud-sso_login_de.properties,,,MxG,DE,Franziska,Carsten,jazz,Z:\Produkte\MyFRITZ\deutsch\2026.06,6/15/2026,6/19/2026,6/16/2026,IT,geliefert,FSc,
FFon_20260615v2-de.docx,74,,BRs,EN,Susan,,jazz,Z:\Produkte\F!Fon allgemein\GUI\deutsch\2026.06,6/15/2026,6/19/2026,6/19/2026,FRITZ!OS Core,geliefert,FSc,
FFon_20260615v2-de.docx,74,,BRs,Es,Helena,,jazz,Z:\Produkte\F!Fon allgemein\GUI\deutsch\2026.06,6/15/2026,6/19/2026,6/19/2026,FRITZ!OS Core,geliefert,FSc,
FFon_20260615v2-de.docx,74,,BRs,Fr,Marie,,jazz,Z:\Produkte\F!Fon allgemein\GUI\deutsch\2026.06,6/15/2026,6/19/2026,6/19/2026,FRITZ!OS Core,geliefert,FSc,
FFon_20260615v2-de.docx,74,,BRs,It,Laura,,jazz,Z:\Produkte\F!Fon allgemein\GUI\deutsch\2026.06,6/15/2026,6/19/2026,6/19/2026,FRITZ!OS Core,geliefert,FSc,
FFon_20260615v2-de.docx,74,,BRs,Nl,Angelique,,jazz,Z:\Produkte\F!Fon allgemein\GUI\deutsch\2026.06,6/15/2026,6/19/2026,6/19/2026,FRITZ!OS Core,geliefert,FSc,
FFon_20260615v2-de.docx,74,,BRs,Pl,Christoph,,jazz,Z:\Produkte\F!Fon allgemein\GUI\deutsch\2026.06,6/15/2026,6/19/2026,6/19/2026,FRITZ!OS Core,geliefert,FSc,
cloud-mailing_consent-change_tv1_de.properties,,,MxG,EN,Susan,,jazz,Z:\Produkte\MyFRITZ\deutsch\2026.06,6/16/2026,6/19/2026,6/19/2026,IT,geliefert,FSc,
cloud-mailing_consent-change_tv1_de.properties,,,MxG,Es,Alba,Helena,jazz,Z:\Produkte\MyFRITZ\deutsch\2026.06,6/16/2026,6/19/2026,6/19/2026,IT,geliefert,FSc,
cloud-mailing_consent-change_tv1_de.properties,,,MxG,Fr,Martine,,jazz,Z:\Produkte\MyFRITZ\deutsch\2026.06,6/16/2026,6/19/2026,6/19/2026,IT,geliefert,FSc,
cloud-mailing_consent-change_tv1_de.properties,,,MxG,It,Laura,,jazz,Z:\Produkte\MyFRITZ\deutsch\2026.06,6/16/2026,6/19/2026,6/19/2026,IT,geliefert,FSc,
cloud-mailing_consent-change_tv1_de.properties,,,MxG,Nl,Angelique,,jazz,Z:\Produkte\MyFRITZ\deutsch\2026.06,6/16/2026,6/19/2026,6/19/2026,IT,geliefert,FSc,
cloud-sso_login_de.properties,,,MxG,EN,Susan,,jazz,Z:\Produkte\MyFRITZ\deutsch\2026.06,6/16/2026,6/19/2026,6/19/2026,IT,geliefert,FSc,
cloud-sso_login_de.properties,,,MxG,Es,Alba,Helena,jazz,Z:\Produkte\MyFRITZ\deutsch\2026.06,6/16/2026,6/19/2026,6/19/2026,IT,geliefert,FSc,
cloud-sso_login_de.properties,,,MxG,Fr,Martine,,jazz,Z:\Produkte\MyFRITZ\deutsch\2026.06,6/16/2026,6/19/2026,6/19/2026,IT,geliefert,FSc,
cloud-sso_login_de.properties,,,MxG,It,Laura,,jazz,Z:\Produkte\MyFRITZ\deutsch\2026.06,6/16/2026,6/19/2026,6/19/2026,IT,geliefert,FSc,
cloud-sso_login_de.properties,,,MxG,Nl,Angelique,,jazz,Z:\Produkte\MyFRITZ\deutsch\2026.06,6/16/2026,6/19/2026,6/19/2026,IT,geliefert,FSc,
2026-06-16T14-05-07_PM-History-Texts.xml,992,,TJa,DE,Franziska,,LS-Tracker,Z:\Produkte\F!Box allgemein\Info.txt\Release\MyFRITZOSp1\2026.06,6/16/2026,6/16/2026,6/16/2026,Product Management,geliefert,FSc,
2026-06-16T15-29-54_PM-History-Texts_korr-de.xml,933,,TJa,EN,Susan,,LS-Tracker,Z:\Produkte\F!Box allgemein\Info.txt\Release\MyFRITZOSp1\2026.06,6/16/2026,6/16/2026,6/16/2026,Product Management,geliefert,FSc,
Stick_6700_5630.docx,364,,JBL,EN,John,Susan,LS-Tracker,Z:\Produkte\D2C\<Sprache>\2026.06,6/16/2026,6/26/2026,6/26/2026,D2C Ecommerce,geliefert,Lbo,
Stick_6700_5630.docx,364,,JBL,ES,Alba,Helena,LS-Tracker,Z:\Produkte\D2C\<Sprache>\2026.06,6/16/2026,6/26/2026,6/26/2026,D2C Ecommerce,geliefert,Lbo,
Stick_6700_5630.docx,364,,JBL,FR,Marie,,LS-Tracker,Z:\Produkte\D2C\<Sprache>\2026.06,6/16/2026,6/26/2026,6/26/2026,D2C Ecommerce,geliefert,Lbo,
Stick_6700_5630.docx,364,,JBL,IT,Cristina,Laura,LS-Tracker,Z:\Produkte\D2C\<Sprache>\2026.06,6/16/2026,6/26/2026,6/26/2026,D2C Ecommerce,geliefert,Lbo,
Stick_6700_5630.docx,364,,JBL,NL,Angelique,,LS-Tracker,Z:\Produkte\D2C\<Sprache>\2026.06,6/16/2026,6/26/2026,6/26/2026,D2C Ecommerce,geliefert,Lbo,
Stick_6700_5630.docx,364,,JBL,PL,Christoph,,LS-Tracker,Z:\Produkte\D2C\<Sprache>\2026.06,6/16/2026,6/26/2026,6/26/2026,D2C Ecommerce,geliefert,Lbo,
translations-en-METAFIELD.json,282,,CST,EN,Susan,,LS-Tracker,Z:\Produkte\FRITZ!com\2026.06\KW25,6/16/2026,6/30/2026,6/30/2026,D2C Ecommerce,geliefert,Hme,
PDP_2700-translations-en-PRODUCT.json,139,,CST,EN,John,Susan,LS-Tracker,Z:\Produkte\FRITZ!com\2026.06\KW25,6/16/2026,6/30/2026,6/30/2026,D2C Ecommerce,geliefert,Hme,
PDP_2700-translations-[Sprache]-ONLINE_STORE_THEME.json,436,,CST,EN,John,Susan,LS-Tracker,Z:\Produkte\FRITZ!com\2026.06\KW25,6/16/2026,6/30/2026,6/30/2026,D2C Ecommerce,geliefert,Hme,
PDP_2700-translations-[Sprache]-ONLINE_STORE_THEME.json,436,,CST,ES,Alba,Helena,LS-Tracker,Z:\Produkte\FRITZ!com\2026.06\KW25,6/16/2026,6/30/2026,6/30/2026,D2C Ecommerce,geliefert,Hme,
PDP_2700-translations-[Sprache]-ONLINE_STORE_THEME.json,436,,CST,FR,Marie,,LS-Tracker,Z:\Produkte\FRITZ!com\2026.06\KW25,6/16/2026,6/30/2026,6/30/2026,D2C Ecommerce,geliefert,Hme,
PDP_2700-translations-[Sprache]-ONLINE_STORE_THEME.json,436,,CST,IT,Laura,,LS-Tracker,Z:\Produkte\FRITZ!com\2026.06\KW25,6/16/2026,6/30/2026,6/30/2026,D2C Ecommerce,geliefert,Hme,
PDP_2700-translations-[Sprache]-ONLINE_STORE_THEME.json,436,,CST,NL,Angelique,,LS-Tracker,Z:\Produkte\FRITZ!com\2026.06\KW25,6/16/2026,6/30/2026,6/30/2026,D2C Ecommerce,Ü-fertig,Lbo,
"5258_en-GB_fritz_auf_der_anga_com_2026_20260617-090623,892,,PSE,EN,Susan/Lisa,,LS-Tracker,""Z:\Produkte\Texte Web, Marketing, etc\deutsch\2026.06"",6/17/2026,6/18/2026,6/22/2026,Channel Sales,geliefert,Hme,"
"Broadband forum_EN.docx,216,,PSE,EN,Lisa,John,LS-Tracker,""Z:\Produkte\Texte Web, Marketing, etc\deutsch\2026.06"",6/17/2026,6/18/2026,6/22/2026,Channel Sales,geliefert,Hme,"
"LinkedIn.docx,44,,Dbo,EN,John,,LS-Tracker,""Z:\Produkte\Texte Web, Marketing, etc\deutsch\2026.06"",6/18/2026,6/18/2026,6/18/2026,Corporate Communications,Ü-fertig,Msi,"
"Übersetzung der I.EF-Studie / DE & IT ,13114 / 20 h,,KTE,DE,Franziska,,LS-Tracker,""Z:\Produkte\Texte Web, Marketing, etc\deutsch\2026.06"",6/18/2026,7/3/2026,7/3/2026,Corporate Communications,,Msi,"
"Übersetzung der I.EF-Studie / DE & IT ,15162,,KTE,IT,Laura,,LS-Tracker,""Z:\Produkte\Texte Web, Marketing, etc\italienisch\2026.06"",6/18/2026,7/3/2026,7/3/2026,Corporate Communications,geliefert,Msi,"
"5254_nl-NL_telecom_insights_2026_20260618-104533.xml,401,,PSE,NL,Angelique,,LS-Tracker,""Z:\Produkte\Texte Web, Marketing, etc\deutsch\2026.06"",6/18/2026,6/22/2026,6/26/2026,Channel Sales,geliefert,Hme,"
"5264_it-IT_fritz_und_branchenpartner_gruenden_safenet_20260618-124708.xml,255,,PSE,IT,Laura,,LS-Tracker,""Z:\Produkte\Texte Web, Marketing, etc\deutsch\2026.06"",6/18/2026,6/22/2026,6/22/2026,Channel Sales,geliefert,Hme,"
"5266_en-GB_fritz_und_branchenpartner_gruenden_safenet_20260618-123833.xml,255,,PSE,EN,Lisa,John,LS-Tracker,""Z:\Produkte\Texte Web, Marketing, etc\deutsch\2026.06"",6/18/2026,6/22/2026,6/22/2026,Channel Sales,geliefert,Hme,"
"5270_nl-NL_fritz_und_branchenpartner_gruenden_safenet_20260618-124523.xml,255,,PSE,NL,Angelique,,LS-Tracker,""Z:\Produkte\Texte Web, Marketing, etc\deutsch\2026.06"",6/18/2026,6/22/2026,6/22/2026,Channel Sales,geliefert,Hme,"
"5271_es-ES_fritz_und_branchenpartner_gruenden_safenet_20260618-124654.xml,255,,PSE,ES,Alba,Helena,LS-Tracker,""Z:\Produkte\Texte Web, Marketing, etc\deutsch\2026.06"",6/18/2026,6/22/2026,6/22/2026,Channel Sales,geliefert,Hme,"
"Passwort vergessen_DE.docx,50,,PSE,EN,Lisa,,LS-Tracker,""Z:\Produkte\Texte Web, Marketing, etc\deutsch\2026.06"",6/18/2026,6/19/2026,6/22/2026,Channel Sales,geliefert,Hme,"
"5282_en-GB_vernetzte_notfallversorgung_20260619-082922,498,,PSE,EN,Lisa,John,LS-Tracker,""Z:\Produkte\Texte Web, Marketing, etc\englisch\2026.06"",6/19/2026,6/23/2026,6/23/2026,Channel Sales,geliefert,Hme,"
"5281_en-GB_hansemerkur_20260619-082918,956,,PSE,EN,Lisa,John,LS-Tracker,""Z:\Produkte\Texte Web, Marketing, etc\englisch\2026.07"",6/19/2026,6/23/2026,6/23/2026,Channel Sales,geliefert,Hme,"
"5277_en-GB_takko_fashion_modernes_acs_management_20260619-080937,914,,PSE,EN,Lisa,Susan,LS-Tracker,""Z:\Produkte\Texte Web, Marketing, etc\englisch\2026.08"",6/19/2026,6/23/2026,6/23/2026,Channel Sales,geliefert,Hme,"
"5276_en-GB_keine_pizza_ohne_fritz_anschluss_20260619-080944,917,,PSE,EN,Lisa,Susan,LS-Tracker,""Z:\Produkte\Texte Web, Marketing, etc\englisch\2026.09"",6/19/2026,6/23/2026,6/23/2026,Channel Sales,geliefert,Hme,"
Wimbledon ohne Ruckler.docx,126,,JFI,IT,Laura,,LS-Tracker,Z:\Produkte\D2C\<Sprache>\2026.06,6/19/2026,6/23/2026,6/24/2026,D2C Ecommerce,geliefert,Lbo,
"Awin Profil Text_de.docx,240,,ALP,EN,Susan/John,,LS-Tracker,""Z:\Produkte\Texte Web, Marketing, etc\deutsch\2026.06"",6/19/2026,6/25/2026,6/26/2026,Corporate Communications,geliefert,Hme,"
"Allgemeine Teilnahmebedingungen zum Partnerprogramm FRITZ91_legal.docx,438,,ALP,EN,Susan/John,,LS-Tracker,""Z:\Produkte\Texte Web, Marketing, etc\deutsch\2026.06"",6/19/2026,6/25/2026,6/26/2026,Corporate Communications,geliefert,Hme,"
"FRITZ Marken Richtlinien Affiliate_legal.docx,442,,ALP,EN,Susan/John,,LS-Tracker,""Z:\Produkte\Texte Web, Marketing, etc\deutsch\2026.06"",6/19/2026,6/25/2026,6/26/2026,Corporate Communications,geliefert,Hme,"
Widerruf Wordings.docx,39,,NWI,EN,John,Susan,LS-Tracker,Z:\Produkte\D2C\<Sprache>\2026.06,6/19/2026,6/26/2026,6/26/2026,D2C Ecommerce,geliefert,Lbo,
Widerruf Wordings.docx,39,,NWI,ES,Alba,Helena,LS-Tracker,Z:\Produkte\D2C\<Sprache>\2026.06,6/19/2026,6/26/2026,6/26/2026,D2C Ecommerce,geliefert,Lbo,
Widerruf Wordings.docx,39,,NWI,FR,Marie,,LS-Tracker,Z:\Produkte\D2C\<Sprache>\2026.06,6/19/2026,6/26/2026,6/26/2026,D2C Ecommerce,geliefert,Lbo,
Widerruf Wordings.docx,39,,NWI,IT,Laura,,LS-Tracker,Z:\Produkte\D2C\<Sprache>\2026.06,6/19/2026,6/26/2026,6/26/2026,D2C Ecommerce,geliefert,Lbo,
Widerruf Wordings.docx,39,,NWI,NL,Angelique,,LS-Tracker,Z:\Produkte\D2C\<Sprache>\2026.06,6/19/2026,6/26/2026,6/26/2026,D2C Ecommerce,geliefert,Lbo,
Nachfass WM.docx,119,,JFI,ES,Alba,Helena,LS-Tracker,Z:\Produkte\D2C\<Sprache>\2026.06,6/19/2026,6/23/2026,6/24/2026,D2C Ecommerce,geliefert,Lbo,
Nachfass WM.docx,119,,JFI,NL,Angelique,,LS-Tracker,Z:\Produkte\D2C\<Sprache>\2026.06,6/19/2026,6/23/2026,6/24/2026,D2C Ecommerce,geliefert,Lbo,
"Battle cards DE_v7.pdf,""1,5 Std."",,SMr,DE,Franziska,,LS-Tracker,""Z:\Produkte\Texte Web, Marketing, etc\deutsch\2026.06"",6/12/2026,6/12/2026,6/17/2026,Sales Marketing,geliefert,FSc,"
"5290_nl-NL_allgemeine_nutzungsbedingungen_fritz_portal_20260622-071044.xml,1787,,PSE,NL,Angelique,,LS-Tracker,""Z:\Produkte\Texte Web, Marketing, etc\deutsch\2026.06"",6/22/2026,6/29/2026,6/29/2026,Channel Sales,geliefert,Hme,"
"5286_en-GB_allgemeine_nutzungsbedingungen_fritz_portal_20260622-070929.xml,1787,,PSE,EN,John,Susan,LS-Tracker,""Z:\Produkte\Texte Web, Marketing, etc\deutsch\2026.06"",6/22/2026,6/23/2026,6/24/2026,Channel Sales,geliefert,Hme,"
"5289_it-IT_allgemeine_nutzungsbedingungen_fritz_portal_20260622-071021.xml,1787,,PSE,IT,Laura,,LS-Tracker,""Z:\Produkte\Texte Web, Marketing, etc\italienisch\2026.06"",6/22/2026,6/29/2026,6/29/2026,Channel Sales,geliefert,Hme,"
"5291_es-ES_allgemeine_nutzungsbedingungen_fritz_portal_20260622-071103.xml,1787,,PSE,ES,Alba,Helena,LS-Tracker,""Z:\Produkte\Texte Web, Marketing, etc\deutsch\2026.06"",6/22/2026,6/29/2026,6/29/2026,Channel Sales,geliefert,Hme,"
"5299_es-ES_mobiles_5g_internet_auf_hausboot_reise_und_in_ferienunterkuenften_20260622-090736.xml,852,,PSE,ES,Alba,Helena,LS-Tracker,""Z:\Produkte\Texte Web, Marketing, etc\deutsch\2026.06"",6/22/2026,7/3/2026,7/3/2026,Channel Sales,geliefert,Hme,"
"5297_it-IT_mobiles_5g_internet_auf_hausboot_reise_und_in_ferienunterkuenften_20260622-090643.xml,852,,PSE,IT,Cristina,,LS-Tracker,""Z:\Produkte\Texte Web, Marketing, etc\deutsch\2026.06"",6/22/2026,7/3/2026,7/3/2026,Channel Sales,geliefert,Hme,"
"5298_nl-NL_mobiles_5g_internet_auf_hausboot_reise_und_in_ferienunterkuenften_20260622-090709.xml,852,,PSE,NL,Angelique,,LS-Tracker,""Z:\Produkte\Texte Web, Marketing, etc\deutsch\2026.06"",6/22/2026,7/3/2026,7/3/2026,Channel Sales,Ü-fertig,Hme,"
6700_Metaobject + Überschrift Blogartikel.docx,9,,CST,EN,Susan,,LS-Tracker,Z:\Produkte\FRITZ!com\2026.06\KW26,6/22/2026,6/23/2026,6/23/2026,D2C Ecommerce,geliefert,Lbo,
6700_Metaobject + Überschrift Blogartikel.docx,9,,CST,ES,Alba,Helena,LS-Tracker,Z:\Produkte\FRITZ!com\2026.06\KW26,6/22/2026,6/23/2026,6/23/2026,D2C Ecommerce,geliefert,Lbo,
6700_Metaobject + Überschrift Blogartikel.docx,9,,CST,FR,Marie,,LS-Tracker,Z:\Produkte\FRITZ!com\2026.06\KW26,6/22/2026,6/23/2026,6/23/2026,D2C Ecommerce,geliefert,Lbo,
6700_Metaobject + Überschrift Blogartikel.docx,9,,CST,IT,Laura,,LS-Tracker,Z:\Produkte\FRITZ!com\2026.06\KW26,6/22/2026,6/23/2026,6/23/2026,D2C Ecommerce,geliefert,Lbo,
6700_Metaobject + Überschrift Blogartikel.docx,9,,CST,NL,Angelique,,LS-Tracker,Z:\Produkte\FRITZ!com\2026.06\KW26,6/22/2026,6/23/2026,6/23/2026,D2C Ecommerce,geliefert,Lbo,
Data Act FRITZ!App-int-de.docx,703,,LLe,EN,Susan/John,,LS-Tracker,Z:\Produkte\Einleger und juristische Texte\Data Act\FRITZT!Apps,6/22/2026,7/7/2026,7/15/2026,Technical Communication,geliefert,Hme,
Data Act FRITZ!App-int-de.docx,703,,LLe,IT,Laura,,LS-Tracker,Z:\Produkte\Einleger und juristische Texte\Data Act\FRITZT!Apps,6/22/2026,7/7/2026,7/15/2026,Technical Communication,geliefert,Hme,
Data Act FRITZ!App-int-de.docx,703,,LLe,NL,Angelique,,LS-Tracker,Z:\Produkte\Einleger und juristische Texte\Data Act\FRITZT!Apps,6/22/2026,7/7/2026,7/15/2026,Technical Communication,geliefert,Hme,
Data Act FRITZ!App-int-de.docx,703,,LLe,FR,Marie,,LS-Tracker,Z:\Produkte\Einleger und juristische Texte\Data Act\FRITZT!Apps,6/22/2026,7/7/2026,7/15/2026,Technical Communication,geliefert,Hme,
Data Act FRITZ!App-int-de.docx,703,,LLe,ES,Alba,Helena,LS-Tracker,Z:\Produkte\Einleger und juristische Texte\Data Act\FRITZT!Apps,6/22/2026,7/7/2026,7/15/2026,Technical Communication,geliefert,Hme,
Data Act FRITZ!App-int-de.docx,703,,LLe,PL,Christoph,,LS-Tracker,Z:\Produkte\Einleger und juristische Texte\Data Act\FRITZT!Apps,6/22/2026,7/7/2026,7/15/2026,Technical Communication,geliefert,Hme,
"5217_nl-NL_sicheres_internet_fuer_deine_kunden_20260622-122219.xml,215,,PSE,NL,Angelique,,LS-Tracker,""Z:\Produkte\Texte Web, Marketing, etc\deutsch\2026.06"",6/22/2026,6/29/2026,7/3/2026,Channel Sales,Ü-fertig,Hme,"
2026-06-23T14-34-14_PM-History-Texts.xml,731,,TJa,DE,Franziska,,LS-Tracker,Z:\Produkte\F!Box allgemein\Info.txt\Release\MyFRITZOSp1\2026.06,6/23/2026,6/23/2026,6/23/2026,Product Management,geliefert,FSc,
2026-06-23T15-15-51_PM-History-Texts_korr-de.xml,731,,TJa,EN,Susan,,LS-Tracker,Z:\Produkte\F!Box allgemein\Info.txt\Release\MyFRITZOSp1\2026.06,6/23/2026,6/23/2026,6/23/2026,Product Management,geliefert,FSc,
TPO - Datei-Anhänge + ILVY! Thema.xlsx,34,,TPO,EN,Lisa,Susan,LS-Tracker,Z:\Produkte\FRITZ!com\2026.06\KW26,6/23/2026,7/6/2026,7/7/2026,Technical Communication,geliefert,Lbo,
TPO - Datei-Anhänge + ILVY! Thema.xlsx,34,,TPO,ES,Alba,Helena,LS-Tracker,Z:\Produkte\FRITZ!com\2026.06\KW26,6/23/2026,7/6/2026,7/7/2026,Technical Communication,geliefert,Lbo,
TPO - Datei-Anhänge + ILVY! Thema.xlsx,34,,TPO,IT,Laura,,LS-Tracker,Z:\Produkte\FRITZ!com\2026.06\KW26,6/23/2026,7/6/2026,7/7/2026,Technical Communication,geliefert,Lbo,
TPO - Datei-Anhänge + ILVY! Thema.xlsx,34,,TPO,NL,Angelique,,LS-Tracker,Z:\Produkte\FRITZ!com\2026.06\KW26,6/23/2026,7/6/2026,7/7/2026,Technical Communication,geliefert,Lbo,
Wimbledon-translations-it-ONLINE_STORE_THEME.json,315,,LCA,IT,Laura,,LS-Tracker,Z:\Produkte\FRITZ!com\2026.06\KW26,6/23/2026,6/26/2026,6/26/2026,D2C Ecommerce,importiert,Lbo,
"How_to_create_incremental_value_with_FRITZ.docx,49,,AGi,DE,Susan/Franziska,,LS-Tracker,""Z:\Produkte\Texte Web, Marketing, etc\englisch\2026.06"",6/23/2026,6/23/2026,6/25/2026,Channel Sales,geliefert,FSc,"
"Digitale Souveränität beginnt zu Hause-DE.docx,73,,KBA,EN,John,Lisa,LS-Tracker,""Z:\Produkte\Texte Web, Marketing, etc\deutsch\2026.06"",6/24/2026,6/24/2026,6/24/2026,Corporate Communications,geliefert,Hme,"
"Digitale Souveränität beginnt zu Hause-DE.docx,73,,KBA,IT,Laura,,LS-Tracker,""Z:\Produkte\Texte Web, Marketing, etc\deutsch\2026.06"",6/24/2026,6/24/2026,6/24/2026,Corporate Communications,geliefert,Hme,"
"Digitale Souveränität beginnt zu Hause-DE.docx,73,,KBA,ES,Helena,,LS-Tracker,""Z:\Produkte\Texte Web, Marketing, etc\deutsch\2026.06"",6/24/2026,6/24/2026,6/24/2026,Corporate Communications,geliefert,Hme,"
"Digitale Souveränität beginnt zu Hause-DE.docx,73,,KBA,NL,Angelique,,LS-Tracker,""Z:\Produkte\Texte Web, Marketing, etc\deutsch\2026.06"",6/24/2026,6/24/2026,6/24/2026,Corporate Communications,geliefert,Hme,"
"Digitale Souveränität beginnt zu Hause-DE.docx,73,,KBA,FR,Marie,,LS-Tracker,""Z:\Produkte\Texte Web, Marketing, etc\deutsch\2026.06"",6/24/2026,6/24/2026,6/24/2026,Corporate Communications,geliefert,Hme,"
FappSH_20260423-de.xml,7344,,NRi,UK,Lisa,,jazz,Z:\Produkte\F!Apps\FappSmartHome\GUI\Android\deutsch\2026.04,6/24/2026,8/24/2026,8/24/2026,User Interface & Clients,Ü-fertig,FSc,
Wi-Fi 7 International.docx,152,,JFI,ES,Alba,Helena,LS-Tracker,Z:\Produkte\D2C\<Sprache>\2026.06,6/24/2026,6/30/2026,6/30/2026,D2C Ecommerce,geliefert,Lbo,
Wi-Fi 7 International.docx,152,,JFI,IT,Laura,,LS-Tracker,Z:\Produkte\D2C\<Sprache>\2026.06,6/24/2026,6/30/2026,6/30/2026,D2C Ecommerce,geliefert,Lbo,
Wi-Fi 7 International.docx,152,,JFI,NL,Angelique,,LS-Tracker,Z:\Produkte\D2C\<Sprache>\2026.06,6/24/2026,6/30/2026,6/30/2026,D2C Ecommerce,geliefert,Lbo,
"5330_en-GB_fritz_navigating_the_future_of_connectivity_20260625-134556.xml,343,,PSE,EN,Lisa,John,LS-Tracker,""Z:\Produkte\Texte Web, Marketing, etc\deutsch\2026.06"",6/25/2026,7/1/2026,7/1/2026,Channel Sales,,Hme,"
Fapp_adc_20260206-de.xml,5573,,KSu,UK,Susan/John,,jazz,Z:\Produkte\F!Apps\Apps_allgemein\ADC\deutsch\2026.02,6/25/2026,7/3/2026,7/3/2026,User Interface & Clients,Ü-fertig,FSc,
Fapp_analytics_20250910_strings-de.xml,8,,KSu,UK,John,Lisa,jazz,Z:\Produkte\F!Apps\Apps_allgemein\Analytics\deutsch\2025.09,6/25/2026,7/3/2026,7/3/2026,User Interface & Clients,Ü-fertig,FSc,
Fapp_fundamentals_20260206-de.xml,50,,KSu,UK,John,Lisa,jazz,Z:\Produkte\F!Apps\Apps_allgemein\Fundamentals\deutsch\2026.02,6/25/2026,6/29/2026,7/3/2026,User Interface & Clients,,FSc,
"20160626_Q3LP_Texte_Lektorat.docx,253,,SKu,DE,Franziska,,LS-Tracker,""Z:\Produkte\Texte Web, Marketing, etc\deutsch\2026.06"",6/26/2026,6/26/2026,7/2/2026,Sales Marketing,geliefert,FSc,"
"Battle cards DE_v8,1689,,SMr,IT,Cristina,Laura,LS-Tracker,""Z:\Produkte\Texte Web, Marketing, etc\deutsch\2026.06"",6/26/2026,7/10/2026,7/10/2026,Sales Marketing,Ü-fertig,Msi,"
"5331_es-ES_fritzrepeater_1610_outdoor_im_haertetest_20260629-090320.xml,372,,Jwg,ES,Alba,Helena,LS-Tracker,""Z:\Produkte\Texte Web, Marketing, etc\deutsch\2026.06"",6/29/2026,7/6/2026,7/6/2026,Channel Sales,geliefert,Hme,"
"Highspeed trifft Sicherheit.docx,67,,PSE,NL,Angelique,,LS-Tracker,""Z:\Produkte\Texte Web, Marketing, etc\deutsch\2026.06"",6/29/2026,6/29/2026,7/3/2026,Channel Sales,Ü-fertig,Hme,"
"Produktkacheln.docx,77,,PSE,NL,Angelique,,LS-Tracker,""Z:\Produkte\Texte Web, Marketing, etc\deutsch\2026.06"",6/29/2026,6/29/2026,7/3/2026,Channel Sales,Ü-fertig,,"
FR-Websupportformulare,27,,TKO,FR,Marie,,LS-Tracker,Z:\Produkte\FRITZ!com\2026.06\KW27,6/29/2026,6/29/2026,6/29/2026,Technical Communication,geliefert,Lbo,
0000_12-1152_translate-from-de.xml,259596,,GAb,EN,Susan,,Mail,Z:\Produkte\F!Box allgemein\GUI-html2\deutsch\2026.06,6/29/2026,7/3/2026,7/3/2026,User Interface & Clients,geliefert,FSc,
0000_12-1152_translate-from-de.xml,259596,,GAb,Es,Alba,Helena,Mail,Z:\Produkte\F!Box allgemein\GUI-html2\deutsch\2026.06,6/29/2026,7/3/2026,7/3/2026,User Interface & Clients,geliefert,FSc,
0000_12-1152_translate-from-de.xml,259596,,GAb,Fr,Marie,,Mail,Z:\Produkte\F!Box allgemein\GUI-html2\deutsch\2026.06,6/29/2026,7/3/2026,7/3/2026,User Interface & Clients,geliefert,FSc,
0000_12-1152_translate-from-de.xml,259596,,GAb,It,Laura,,Mail,Z:\Produkte\F!Box allgemein\GUI-html2\deutsch\2026.06,6/29/2026,7/10/2026,7/3/2026,User Interface & Clients,geliefert,FSc,
0000_12-1152_translate-from-de.xml,259596,,GAb,Nl,Angelique,,Mail,Z:\Produkte\F!Box allgemein\GUI-html2\deutsch\2026.06,6/29/2026,7/3/2026,7/3/2026,User Interface & Clients,geliefert,FSc,
0000_12-1152_translate-from-de.xml,259596,,GAb,SL,Yabylon,,Mail,Z:\Produkte\F!Box allgemein\GUI-html2\deutsch\2026.06,6/29/2026,7/3/2026,7/3/2026,User Interface & Clients,geliefert,FSc,
0000_12-1152_translate-from-de-to-pl.xml,1093,,GAb,Pl,Christoph,,Mail,Z:\Produkte\F!Box allgemein\GUI-html2\deutsch\2026.06,6/29/2026,7/10/2026,7/10/2026,User Interface & Clients,geliefert,FSc,
"Battle cards DE_v8,1689,,SMr,NL,Angelique,,LS-Tracker,""Z:\Produkte\Texte Web, Marketing, etc\deutsch\2026.06"",6/29/2026,7/10/2026,7/10/2026,Sales Marketing,Ü-fertig,Msi,"
"Battle cards DE_v8,1689,,SMr,ES,Alba,,LS-Tracker,""Z:\Produkte\Texte Web, Marketing, etc\deutsch\2026.06"",6/29/2026,7/10/2026,7/10/2026,Sales Marketing,,Msi,"
"ES: Newslettter,,,Jwg,ES,Alba,Helena,LS-Tracker,""Z:\Produkte\Texte Web, Marketing, etc\deutsch\2026.06"",6/30/2026,7/7/2026,7/7/2026,Channel Sales,geliefert,Hme,"
GewährleistungsTAUSCH.docx,163,,OFo,EN,Lisa,,LS-Tracker,Z:\Produkte\Support-Aufträge\06.2026,6/30/2026,7/8/2026,7/13/2026,Kundenservice 2nd Level,geliefert,Lbo,
GewährleistungsTAUSCH.docx,163,,OFo,IT,Laura,,LS-Tracker,Z:\Produkte\Support-Aufträge\06.2026,6/30/2026,7/6/2026,7/13/2026,Kundenservice 2nd Level,geliefert,Lbo,
GewährleistungsTAUSCH.docx,163,,OFo,NL,Angelique,,LS-Tracker,Z:\Produkte\Support-Aufträge\06.2026,6/30/2026,7/6/2026,7/13/2026,Kundenservice 2nd Level,geliefert,Lbo,
GewährleistungsTAUSCH.docx,163,,OFo,ES,Alba,Helena,LS-Tracker,Z:\Produkte\Support-Aufträge\06.2026,6/30/2026,7/6/2026,7/13/2026,Kundenservice 2nd Level,geliefert,Lbo,
GewährleistungsTAUSCH.docx,163,,OFo,FR,Martine,Marie,LS-Tracker,Z:\Produkte\Support-Aufträge\06.2026,6/30/2026,7/6/2026,7/13/2026,Kundenservice 2nd Level,geliefert,Lbo,
2026-06-30T13-22-16_PM-History-Texts.xml,741,,SST,DE,Franziska,,LS-Tracker,Z:\Produkte\F!Box allgemein\Info.txt\Release\MyFRITZOSp1\2026.06,6/30/2026,6/30/2026,6/30/2026,Product Management,geliefert,FSc,
2026-06-30T14-19-03_PM-History-Texts_korr-de.xml,740,,SSt,EN,Lisa,,LS-Tracker,Z:\Produkte\F!Box allgemein\Info.txt\Release\MyFRITZOSp1\2026.06,6/30/2026,6/30/2026,6/30/2026,Product Management,geliefert,FSc,
"IFA_2026_Save_the_Date-de.docx,172,,Bal,DE,Franziska,,LS-Tracker,""Z:\Produkte\Texte Web, Marketing, etc\deutsch\2026.06"",6/30/2026,6/30/2026,7/2/2026,Corporate Communications,,Msi,"
"IFA_2026_Save_the_Date-de.docx,172,,Bal,EN,Lisa,John,LS-Tracker,""Z:\Produkte\Texte Web, Marketing, etc\deutsch\2026.06"",6/30/2026,7/2/2026,7/2/2026,Corporate Communications,,Msi,"
HeyGen: FRITZ! Hands On - Mobilfunk-Router,636,,JFk,EN,John,,LS-Tracker,,6/30/2026,7/10/2026,7/10/2026,Corporate Communications,,Msi,
HeyGen: FRITZ! Hands On - Mobilfunk-Router,636,,JFk,It,Laura,,LS-Tracker,,6/30/2026,7/10/2026,7/10/2026,Corporate Communications,,Msi,
HeyGen: FRITZ! Hands On - Mobilfunk-Router,636,,JFk,Es,Alba,,LS-Tracker,,6/30/2026,7/10/2026,7/10/2026,Corporate Communications,,Msi,
HeyGen: FRITZ! Hands On - Mobilfunk-Router,636,,JFk,Nl,Angelique,,LS-Tracker,,6/30/2026,7/10/2026,7/10/2026,Corporate Communications,,Msi,
HeyGen: FRITZ! Hands On - Mobilfunk-Router,636,,JFk,Fr,Marie,,LS-Tracker,,6/30/2026,7/10/2026,7/10/2026,Corporate Communications,Ü-fertig,Msi,
 FRITZ! Smart Energy 201 International Edition Booklet,1212,,Dha,NO,Yabylon,,LS-Tracker,Z:\Produkte\F!Smart Kurzanleitungen\Energy 201\INT\2026.07\ÜeM,6/30/2026,7/16/2026,7/17/2026,Product Management,pdf fertig,Msi,
6690 pro video.docx,36,,Lca,EN,John,Susan,LS-Tracker,Z:\Produkte\FRITZ!com\2026.07\KW 27,7/1/2026,7/15/2026,7/15/2026,D2C Ecommerce,geliefert,Lbo,
6690 pro video.docx,36,,Lca,ES,Alba,Helena,LS-Tracker,Z:\Produkte\FRITZ!com\2026.07\KW 27,7/1/2026,7/15/2026,7/15/2026,D2C Ecommerce,geliefert,Lbo,
6690 pro video.docx,36,,Lca,FR,Martine,Marie,LS-Tracker,Z:\Produkte\FRITZ!com\2026.07\KW 27,7/1/2026,7/15/2026,7/15/2026,D2C Ecommerce,geliefert,Lbo,
6690 pro video.docx,36,,Lca,IT,Laura,,LS-Tracker,Z:\Produkte\FRITZ!com\2026.07\KW 27,7/1/2026,7/15/2026,7/15/2026,D2C Ecommerce,geliefert,Lbo,
6690 pro video.docx,36,,Lca,NL,Angelique,,LS-Tracker,Z:\Produkte\FRITZ!com\2026.07\KW 27,7/1/2026,7/15/2026,7/15/2026,D2C Ecommerce,geliefert,Lbo,
"Ankuendigung_FRITZ!Box 6860 5G v2_Edition International_DE_Final.docx,866,,Apa,DE,Franziska,,LS-Tracker,""Z:\Produkte\Texte Web, Marketing, etc\deutsch\2026.07"",7/1/2026,7/1/2026,7/1/2026,Sales Marketing,geliefert,Fsc,"
"Ankuendigung_FRITZ!Box 6860 5G v2_Edition International_DE_Final.docx,866,,Apa,EN,John,Lisa,LS-Tracker,""Z:\Produkte\Texte Web, Marketing, etc\deutsch\2026.07"",7/1/2026,7/8/2026,7/8/2026,Sales Marketing,geliefert,Hme,"
"Ankuendigung_FRITZ!Box 6860 5G v2_Edition International_DE_Final.docx,866,,Apa,IT,Cristina,Laura,LS-Tracker,""Z:\Produkte\Texte Web, Marketing, etc\deutsch\2026.07"",7/1/2026,7/8/2026,7/8/2026,Sales Marketing,geliefert,Hme,"
"Ankuendigung_FRITZ!Box 6860 5G v2_Edition International_DE_Final.docx,866,,Apa,NL,Angelique,,LS-Tracker,""Z:\Produkte\Texte Web, Marketing, etc\deutsch\2026.07"",7/1/2026,7/8/2026,7/8/2026,Sales Marketing,geliefert,Hme,"
"Ankuendigung_FRITZ!Box 6860 5G v2_Edition International_DE_Final.docx,866,,Apa,FR,Martine,Marie,LS-Tracker,""Z:\Produkte\Texte Web, Marketing, etc\deutsch\2026.07"",7/1/2026,7/8/2026,7/8/2026,Sales Marketing,geliefert,Hme,"
"Ankuendigung_FRITZ!Box 6860 5G v2_Edition International_DE_Final.docx,866,,Apa,ES,Alba,Helena,LS-Tracker,""Z:\Produkte\Texte Web, Marketing, etc\deutsch\2026.07"",7/1/2026,7/8/2026,7/8/2026,Sales Marketing,geliefert,Hme,"
"Ankuendigung_FRITZ!Box 6860 5G v2_Edition International_DE_Final.docx,866,,Apa,PL,Christoph,,LS-Tracker,""Z:\Produkte\Texte Web, Marketing, etc\deutsch\2026.07"",7/1/2026,7/8/2026,7/8/2026,Sales Marketing,geliefert,Hme,"
 FRITZ! Smart Energy 201 International Edition Booklet,1212,,Dha,EN,John,Lisa,LS-Tracker,Z:\Produkte\F!Smart Kurzanleitungen\Energy 201\INT\2026.07\ÜeM,7/1/2026,7/14/2026,7/15/2026,Product Management,pdf fertig,Hme,
 FRITZ! Smart Energy 201 International Edition Booklet,1212,,Dha,IT,Cristina,Laura,LS-Tracker,Z:\Produkte\F!Smart Kurzanleitungen\Energy 201\INT\2026.07\ÜeM,7/1/2026,7/14/2026,7/15/2026,Product Management,pdf fertig,Hme,
 FRITZ! Smart Energy 201 International Edition Booklet,1212,,Dha,NL,Angelique,,LS-Tracker,Z:\Produkte\F!Smart Kurzanleitungen\Energy 201\INT\2026.07\ÜeM,7/1/2026,7/15/2026,7/15/2026,Product Management,pdf fertig,Hme,
 FRITZ! Smart Energy 201 International Edition Booklet,1212,,Dha,FR,Marie,,LS-Tracker,Z:\Produkte\F!Smart Kurzanleitungen\Energy 201\INT\2026.07\ÜeM,7/1/2026,7/14/2026,7/15/2026,Product Management,pdf fertig,Hme,
 FRITZ! Smart Energy 201 International Edition Booklet,1212,,Dha,ES,Alba,Helena,LS-Tracker,Z:\Produkte\F!Smart Kurzanleitungen\Energy 201\INT\2026.07\ÜeM,7/1/2026,7/14/2026,7/15/2026,Product Management,pdf fertig,Hme,
 FRITZ! Smart Energy 201 International Edition Booklet,1212,,Dha,PL,Christoph,,LS-Tracker,Z:\Produkte\F!Smart Kurzanleitungen\Energy 201\INT\2026.07\ÜeM,7/1/2026,7/23/2026,7/24/2026,Product Management,pdf fertig,Hme,
Service_PLUS-translations-en-METAFIELD.json,36,,Lca,EN,John,Lisa,LS-Tracker,Z:\Produkte\FRITZ!com\2026.07\KW 27,7/1/2026,7/10/2026,7/10/2026,D2C Ecommerce,importiert,Lbo,
Service_PLUS-translations-en-ONLINE_STORE_THEME.json,50,,Lca,EN,John,Lisa,LS-Tracker,Z:\Produkte\FRITZ!com\2026.07\KW 27,7/1/2026,7/10/2026,7/10/2026,D2C Ecommerce,importiert,Lbo,
Service_PLUS-translations-en-PRODUCT.json,13,,Lca,EN,John,Lisa,LS-Tracker,Z:\Produkte\FRITZ!com\2026.07\KW 27,7/1/2026,7/10/2026,7/10/2026,D2C Ecommerce,importiert,Lbo,
"Entwurf_Presseinfo_40 Jahre FRITZ!,640,,Alp,EN,Susan/Lisa,,LS-Tracker,""Z:\Produkte\Texte Web, Marketing, etc\deutsch\2026.07"",7/1/2026,7/6/2026,7/6/2026,Corporate Communications,Ü-fertig,Msi,"
"HeyGen_F!HandOn_Mobilfunkrouter.docx,141,,JFk,EN,John,,LS-Tracker,""Z:\Produkte\Texte Web, Marketing, etc\deutsch\2026.07"",7/1/2026,7/10/2026,7/13/2026,Corporate Communications,,Msi,"
"HeyGen_F!HandOn_Mobilfunkrouter.docx,141,,JFk,It,Cristina,Laura,LS-Tracker,""Z:\Produkte\Texte Web, Marketing, etc\deutsch\2026.07"",7/1/2026,7/10/2026,7/13/2026,Corporate Communications,,Msi,"
"HeyGen_F!HandOn_Mobilfunkrouter.docx,141,,JFk,Fr,Marie,,LS-Tracker,""Z:\Produkte\Texte Web, Marketing, etc\deutsch\2026.07"",7/1/2026,7/10/2026,7/13/2026,Corporate Communications,Ü-fertig,Msi,"
"HeyGen_F!HandOn_Mobilfunkrouter.docx,141,,JFk,Es,Alba,,LS-Tracker,""Z:\Produkte\Texte Web, Marketing, etc\deutsch\2026.07"",7/1/2026,7/10/2026,7/13/2026,Corporate Communications,,Msi,"
"HeyGen_F!HandOn_Mobilfunkrouter.docx,141,,JFk,Nl,Angelique,,LS-Tracker,""Z:\Produkte\Texte Web, Marketing, etc\deutsch\2026.07"",7/1/2026,7/10/2026,7/13/2026,Corporate Communications,Ü-fertig,Msi,"
 FRITZ! Smart Energy 201 International Edition Booklet,1212,,Dha,PT,Yabylon,,LS-Tracker,Z:\Produkte\F!Smart Kurzanleitungen\Energy 201\INT\2026.07\ÜeM,7/1/2026,7/16/2026,7/17/2026,Product Management,pdf fertig,Msi,
 FRITZ! Smart Energy 201 International Edition Booklet,1212,,Dha,DA,Yabylon,,LS-Tracker,Z:\Produkte\F!Smart Kurzanleitungen\Energy 201\INT\2026.07\ÜeM,7/1/2026,7/16/2026,7/17/2026,Product Management,pdf fertig,Msi,
 FRITZ! Smart Energy 201 International Edition Booklet,1212,,Dha,FI,Yabylon,,LS-Tracker,Z:\Produkte\F!Smart Kurzanleitungen\Energy 201\INT\2026.07\ÜeM,7/1/2026,7/16/2026,7/17/2026,Product Management,pdf fertig,Msi,
 FRITZ! Smart Energy 201 International Edition Booklet,1212,,Dha,SV,Yabylon,,LS-Tracker,Z:\Produkte\F!Smart Kurzanleitungen\Energy 201\INT\2026.07\ÜeM,7/1/2026,7/16/2026,7/17/2026,Product Management,pdf fertig,Msi,
"5333_en-GB_the_windtre_and_fritz_business_case_20260702-055037.xml,689,,PSE,EN,John,Susan,LS-Tracker,""Z:\Produkte\Texte Web, Marketing, etc\englisch\2026.07"",7/2/2026,7/2/2026,7/6/2026,Channel Sales,geliefert,Hme,"
"5334_en-GB_environmental_benefits_the_ehiwebfritz_partnership_20260702-055042.xml,444,,PSE,EN,John,Susan,LS-Tracker,""Z:\Produkte\Texte Web, Marketing, etc\englisch\2026.07"",7/2/2026,7/2/2026,7/6/2026,Channel Sales,geliefert,Hme,"
FFon_20260702.docx,68,,UGi,EN,Susan,,Mail,Z:\Produkte\F!Fon allgemein\GUI\deutsch\2026.07,7/2/2026,7/3/2026,7/8/2026,FRITZ!OS Core,geliefert,FSc,
FFon_20260702.docx,68,,UGi,Es,Alba,Helena,Mail,Z:\Produkte\F!Fon allgemein\GUI\deutsch\2026.07,7/2/2026,7/7/2026,7/8/2026,FRITZ!OS Core,geliefert,FSc,
FFon_20260702.docx,68,,UGi,Fr,Marie,,Mail,Z:\Produkte\F!Fon allgemein\GUI\deutsch\2026.07,7/2/2026,7/6/2026,7/8/2026,FRITZ!OS Core,geliefert,FSc,
FFon_20260702.docx,68,,UGi,It,Laura,,Mail,Z:\Produkte\F!Fon allgemein\GUI\deutsch\2026.07,7/2/2026,7/7/2026,7/8/2026,FRITZ!OS Core,geliefert,FSc,
FFon_20260702.docx,68,,UGi,Nl,Angelique,,Mail,Z:\Produkte\F!Fon allgemein\GUI\deutsch\2026.07,7/2/2026,7/3/2026,7/8/2026,FRITZ!OS Core,geliefert,FSc,
FFon_20260702.docx,68,,UGi,Pl,Christoph,,Mail,Z:\Produkte\F!Fon allgemein\GUI\deutsch\2026.07,7/2/2026,7/10/2026,7/8/2026,FRITZ!OS Core,geliefert,FSc,
Button zu WLAN-Sticks.docx,4,,Cst,ES,Helena,,LS-Tracker,Z:\Produkte\FRITZ!com\2026.07\KW 27,7/3/2026,7/10/2026,7/10/2026,D2C Ecommerce,geliefert,Lbo,
Button zu WLAN-Sticks.docx,4,,Cst,FR,Martine,,LS-Tracker,Z:\Produkte\FRITZ!com\2026.07\KW 27,7/3/2026,7/10/2026,7/10/2026,D2C Ecommerce,geliefert,Lbo,
Button zu WLAN-Sticks.docx,4,,Cst,IT,Laura,,LS-Tracker,Z:\Produkte\FRITZ!com\2026.07\KW 27,7/3/2026,7/10/2026,7/10/2026,D2C Ecommerce,geliefert,Lbo,
Button zu WLAN-Sticks.docx,4,,Cst,NL,Angelique,,LS-Tracker,Z:\Produkte\FRITZ!com\2026.07\KW 27,7/3/2026,7/10/2026,7/10/2026,D2C Ecommerce,geliefert,Lbo,
"IT: Newslettter Juli,170,,Jwg,It,Cristina,Laura,LS-Tracker,""Z:\Produkte\Texte Web, Marketing, etc\deutsch\2026.07"",7/6/2026,7/13/2026,7/13/2026,Channel Sales,geliefert,Hme,"
"NL: Juli Newsletter,318,,PSE,NL,Angelique,,LS-Tracker,""Z:\Produkte\Texte Web, Marketing, etc\deutsch\2026.07"",7/6/2026,7/13/2026,7/13/2026,Channel Sales,Ü-fertig,Hme,"
"260423_ProductProposal_Template.pptx,339,,TKr,EN,Lisa,John,LS-Tracker,""Z:\Produkte\Texte Web, Marketing, etc\deutsch\2026.07"",7/6/2026,7/7/2026,7/9/2026,Product Management,geliefert,Hme,"
"5344_it-IT_40_jahre_fritz_20260706-093937.xml,602,,PSE,IT,Cristina,Laura,LS-Tracker,""Z:\Produkte\Texte Web, Marketing, etc\deutsch\2026.07"",7/6/2026,7/13/2026,7/13/2026,Channel Sales,geliefert,Hme,"
"5345_es-ES_40_jahre_fritz_20260706-093944.xml,602,,PSE,ES,Alba,,LS-Tracker,""Z:\Produkte\Texte Web, Marketing, etc\deutsch\2026.07"",7/6/2026,7/13/2026,7/13/2026,Channel Sales,geliefert,Hme,"
"5346_nl-NL_40_jahre_fritz_20260706-093914.xml,602,,PSE,NL,Angelique,,LS-Tracker,""Z:\Produkte\Texte Web, Marketing, etc\deutsch\2026.07"",7/6/2026,7/13/2026,7/13/2026,Channel Sales,geliefert,Hme,"
"Zeitleiste - Prio 1.docx,601,,HGK,EN,Susan/Lisa,,LS-Tracker,""Z:\Produkte\Texte Web, Marketing, etc\deutsch\2026.07"",7/6/2026,7/6/2026,7/7/2026,Corporate Communications,Ü-fertig,Msi,"
"FRITZ besonders - Prio 2.docx,498,,HGK,EN,John,Lisa,LS-Tracker,""Z:\Produkte\Texte Web, Marketing, etc\deutsch\2026.07"",7/6/2026,7/6/2026,7/7/2026,Corporate Communications,,Msi,"
FD302_Errors-de.docx,9,,CVi,EN,John,,jazz,Z:\Produkte\F!DECT allgemein\302\GUI\Deutsch\2026.07,7/6/2026,7/7/2026,7/8/2026,FRITZ!OS Core,geliefert,FSc,
FD302_Errors-de.docx,9,,CVi,Es,Alba,,jazz,Z:\Produkte\F!DECT allgemein\302\GUI\Deutsch\2026.07,7/6/2026,7/7/2026,7/8/2026,FRITZ!OS Core,geliefert,FSc,
FD302_Errors-de.docx,9,,CVi,Fr,Marie,,jazz,Z:\Produkte\F!DECT allgemein\302\GUI\Deutsch\2026.07,7/6/2026,7/7/2026,7/8/2026,FRITZ!OS Core,geliefert,FSc,
FD302_Errors-de.docx,9,,CVi,It,Laura,,jazz,Z:\Produkte\F!DECT allgemein\302\GUI\Deutsch\2026.07,7/6/2026,7/7/2026,7/8/2026,FRITZ!OS Core,geliefert,FSc,
FD302_Errors-de.docx,9,,CVi,Nl,Angelique,,jazz,Z:\Produkte\F!DECT allgemein\302\GUI\Deutsch\2026.07,7/6/2026,7/7/2026,7/8/2026,FRITZ!OS Core,geliefert,FSc,
FD302_Errors-de.docx,9,,CVi,Pl,Christoph,,jazz,Z:\Produkte\F!DECT allgemein\302\GUI\Deutsch\2026.07,7/6/2026,7/7/2026,7/8/2026,FRITZ!OS Core,geliefert,FSc,
PDP_7632-translations-[Sprache]-PRODUCT.json,93,,CST,EN,John,Lisa,LS-Tracker,Z:\Produkte\FRITZ!com\2026.07\KW 28,7/6/2026,7/13/2026,7/13/2026,D2C Ecommerce,importiert,Lbo,
PDP_7632-translations-[Sprache]-METAFIELD.json,55,,CST,EN,John,Lisa,LS-Tracker,Z:\Produkte\FRITZ!com\2026.07\KW 28,7/6/2026,7/13/2026,7/13/2026,D2C Ecommerce,importiert,Lbo,
PDP_7632-translations-[Sprache]-ONLINE_STORE_THEME.json,516,,CST,EN,John,Lisa,LS-Tracker,Z:\Produkte\FRITZ!com\2026.07\KW 28,7/6/2026,7/13/2026,7/13/2026,D2C Ecommerce,importiert,Lbo,
PDP_7632-translations-[Sprache]-PRODUCT.json,93,,CST,IT,Laura,,LS-Tracker,Z:\Produkte\FRITZ!com\2026.07\KW 28,7/6/2026,7/13/2026,7/13/2026,D2C Ecommerce,importiert,Lbo,
PDP_7632-translations-[Sprache]-METAFIELD.json,55,,CST,IT,Laura,,LS-Tracker,Z:\Produkte\FRITZ!com\2026.07\KW 28,7/6/2026,7/13/2026,7/13/2026,D2C Ecommerce,importiert,Lbo,
PDP_7632-translations-[Sprache]-ONLINE_STORE_THEME.json,516,,CST,IT,Laura,,LS-Tracker,Z:\Produkte\FRITZ!com\2026.07\KW 28,7/6/2026,7/13/2026,7/13/2026,D2C Ecommerce,importiert,Lbo,
PDP_7632-translations-[Sprache]-PRODUCT.json,93,,CST,FR,Martine,,LS-Tracker,Z:\Produkte\FRITZ!com\2026.07\KW 28,7/6/2026,7/13/2026,7/13/2026,D2C Ecommerce,importiert,Lbo,
PDP_7632-translations-[Sprache]-METAFIELD.json,55,,CST,FR,Martine,,LS-Tracker,Z:\Produkte\FRITZ!com\2026.07\KW 28,7/6/2026,7/13/2026,7/13/2026,D2C Ecommerce,importiert,Lbo,
PDP_7632-translations-[Sprache]-ONLINE_STORE_THEME.json,516,,CST,FR,Martine,,LS-Tracker,Z:\Produkte\FRITZ!com\2026.07\KW 28,7/6/2026,7/13/2026,7/13/2026,D2C Ecommerce,importiert,Lbo,
Mobilfunkseite-translations-[Sprache]-ONLINE_STORE_THEME.json,40,,LCA,EN,John,Lisa,LS-Tracker,Z:\Produkte\FRITZ!com\2026.07\KW 28,7/6/2026,7/10/2026,7/10/2026,D2C Ecommerce,importiert,Lbo,
Mobilfunkseite-translations-[Sprache]-ONLINE_STORE_THEME.json,40,,LCA,ES,Alba,Helena,LS-Tracker,Z:\Produkte\FRITZ!com\2026.07\KW 28,7/6/2026,7/10/2026,7/10/2026,D2C Ecommerce,importiert,Lbo,
Mobilfunkseite-translations-[Sprache]-ONLINE_STORE_THEME.json,40,,LCA,FR,Martine,,LS-Tracker,Z:\Produkte\FRITZ!com\2026.07\KW 28,7/6/2026,7/10/2026,7/10/2026,D2C Ecommerce,importiert,Lbo,
Mobilfunkseite-translations-[Sprache]-ONLINE_STORE_THEME.json,40,,LCA,IT,Laura,,LS-Tracker,Z:\Produkte\FRITZ!com\2026.07\KW 28,7/6/2026,7/10/2026,7/10/2026,D2C Ecommerce,importiert,Lbo,
Mobilfunkseite-translations-[Sprache]-ONLINE_STORE_THEME.json,40,,LCA,NL,Angelique,,LS-Tracker,Z:\Produkte\FRITZ!com\2026.07\KW 28,7/6/2026,7/10/2026,7/10/2026,D2C Ecommerce,importiert,Lbo,
"Mailtext aktive Provider.docx,121,,AGi,EN,John,Lisa,LS-Tracker,""Z:\Produkte\Texte Web, Marketing, etc\deutsch\2026.07"",7/6/2026,7/6/2026,7/7/2026,Channel Sales,,Hme,"
"260423_ProductProposal_Template.pptx,339,,TKr,EN,Susan/John,,LS-Tracker,""Z:\Produkte\Texte Web, Marketing, etc\deutsch\2026.07"",7/6/2026,7/12/2026,7/13/2026,Product Management,,Hme,"
2026-07-07T14-18-44_PM-History-Texts.xml,747,,TJa,DE,Franziska,,LS-Tracker,Z:\Produkte\F!Box allgemein\Info.txt\Release\MyFRITZOSp1\2026.07,7/7/2026,7/7/2026,7/7/2026,Product Management,geliefert,FSc,
2026-07-07T15-08-54_PM-History-Texts_korr-de.xml,746,,TJa,EN,Lisa,,LS-Tracker,Z:\Produkte\F!Box allgemein\Info.txt\Release\MyFRITZOSp1\2026.07,7/7/2026,7/7/2026,7/7/2026,Product Management,geliefert,FSc,
FRITZ_Erfolgsgeschichte.docx,147,,FGt,EN,Lisa,,LS-Tracker,Z:\Produkte\F!DECT allgemein\302\GUI\Deutsch\2026.07,7/7/2026,7/7/2026,7/7/2026,Corporate Communications,,Msi,
AT/CH: Lektorat Business Update Juli,,60,PSe,DE,Franziska,,LS-Tracker,,7/7/2026,7/14/2026,7/16/2026,Channel Sales,geliefert,FSc,
Follow_up_W7_IT.docx,246,,Jfi,IT,Cristina,Laura,LS-Tracker,Z:\Produkte\D2C\<Sprache>\2026.07,7/7/2026,7/10/2026,7/10/2026,D2C Ecommerce,geliefert,Lbo,
ServicePLUS_B2B-translations-en-ONLINE_STORE_THEME.json,259,,LCa,EN,John,Lisa,LS-Tracker,Z:\Produkte\FRITZ!com\2026.07\KW 28,7/7/2026,7/13/2026,7/13/2026,D2C Ecommerce,importiert,Lbo,
DE: Lektorat Business Update Juli 1,,25,AGi,DE,Franziska,,LS-Tracker,,7/8/2026,7/10/2026,7/13/2026,Channel Sales,geliefert,FSc,
Cookie-Hinweis_Videos-translations-[Sprache]-ONLINE_STORE_THEME.json,42,,CST,EN,Lisa,,LS-Tracker,Z:\Produkte\FRITZ!com\2026.07\KW 28,7/8/2026,7/9/2026,7/9/2026,D2C Ecommerce,geliefert,Lbo,
Cookie-Hinweis_Videos-translations-[Sprache]-ONLINE_STORE_THEME.json,44,,CST,ES,Alba,,LS-Tracker,Z:\Produkte\FRITZ!com\2026.07\KW 28,7/8/2026,7/9/2026,7/9/2026,D2C Ecommerce,geliefert,Lbo,
Cookie-Hinweis_Videos-translations-[Sprache]-ONLINE_STORE_THEME.json,44,,CST,FR,Martine,,LS-Tracker,Z:\Produkte\FRITZ!com\2026.07\KW 28,7/8/2026,7/9/2026,7/9/2026,D2C Ecommerce,geliefert,Lbo,
Cookie-Hinweis_Videos-translations-[Sprache]-ONLINE_STORE_THEME.json,44,,CST,IT,Laura,,LS-Tracker,Z:\Produkte\FRITZ!com\2026.07\KW 28,7/8/2026,7/9/2026,7/9/2026,D2C Ecommerce,geliefert,Lbo,
Cookie-Hinweis_Videos-translations-[Sprache]-ONLINE_STORE_THEME.json,44,,CST,NL,Angelique,,LS-Tracker,Z:\Produkte\FRITZ!com\2026.07\KW 28,7/8/2026,7/9/2026,7/9/2026,D2C Ecommerce,geliefert,Lbo,
"Claims_DE,3,,Vun,ES,Alba,,LS-Tracker,""Z:\Produkte\Texte Web, Marketing, etc\deutsch\2026.07"",7/8/2026,7/9/2026,7/15/2026,Corporate Communications,Ü-fertig,Msi,"
"Claims_DE,3,,Vun,FR,Marie,,LS-Tracker,""Z:\Produkte\Texte Web, Marketing, etc\deutsch\2026.07"",7/8/2026,7/9/2026,7/15/2026,Corporate Communications,Ü-fertig,Msi,"
"Claims_DE,3,,Vun,IT,Laura,,LS-Tracker,""Z:\Produkte\Texte Web, Marketing, etc\deutsch\2026.07"",7/8/2026,7/9/2026,7/15/2026,Corporate Communications,Ü-fertig,Msi,"
"Claims_DE,3,,Vun,NL,Angelique,,LS-Tracker,""Z:\Produkte\Texte Web, Marketing, etc\deutsch\2026.07"",7/8/2026,7/9/2026,7/15/2026,Corporate Communications,Ü-fertig,Msi,"
"Claims_DE,3,,Vun,PL,Christoph,,LS-Tracker,""Z:\Produkte\Texte Web, Marketing, etc\deutsch\2026.07"",7/8/2026,7/9/2026,7/15/2026,Corporate Communications,Ü-fertig,Msi,"
MyFapp_20260709-de.xliff,,,KNu,DE,Carsten,Franziska,jazz,Z:\Produkte\F!Apps\FappMyF\GUI\iOS\deutsch\2026.07,7/9/2026,7/10/2026,7/10/2026,User Interface & Clients,geliefert,FSc,
Master_APP_DSE_v11-2026-07-09_D-00000053_T-00001089_EngineeringModules_de-DE_en-GB.xml,98,,Lle,EN,John,,LS-Tracker,Z:\International\Tico\work,7/9/2026,7/14/2026,7/16/2026,Technical Communication,,Msi,
Master_APP_DSE_v11-2026-07-09_D-00000053_T-00001088_EngineeringModules_de-DE_sl-SI.xml,150,,Lle,SL,Yabylon,,LS-Tracker,Z:\International\Tico\work,7/9/2026,7/14/2026,7/16/2026,Technical Communication,,Msi,
Master_APP_DSE_v11-2026-07-09_D-00000053_T-00001087_EngineeringModules_de-DE_pl-PL.xml,150,,Lle,PL,Christoph,,LS-Tracker,Z:\International\Tico\work,7/9/2026,7/14/2026,7/16/2026,Technical Communication,,Msi,
Master_APP_DSE_v11-2026-07-09_D-00000053_T-00001086_EngineeringModules_de-DE_nl-NL.xml,98,,Lle,NL,Angelique,,LS-Tracker,Z:\International\Tico\work,7/9/2026,7/14/2026,7/16/2026,Technical Communication,Ü-fertig,Msi,
Master_APP_DSE_v11-2026-07-09_D-00000053_T-00001085_EngineeringModules_de-DE_it-IT.xml,98,,Lle,IT,Laura,,LS-Tracker,Z:\International\Tico\work,7/9/2026,7/14/2026,7/16/2026,Technical Communication,Ü-fertig,Msi,
Master_APP_DSE_v11-2026-07-09_D-00000053_T-00001084_EngineeringModules_de-DE_es-ES.xml,98,,Lle,ES,Alba,,LS-Tracker,Z:\International\Tico\work,7/9/2026,7/14/2026,7/16/2026,Technical Communication,,Msi,
Master_APP_DSE_v11-2026-07-09_D-00000053_T-00001083_EngineeringModules_de-DE_fr-FR.xml,98,,Lle,FR,Martine,,LS-Tracker,Z:\International\Tico\work,7/9/2026,7/14/2026,7/16/2026,Technical Communication,,Msi,
"Text myFRITZ! Coupon Mail-de.docx,218,,ATC,EN,John,Lisa,LS-Tracker,""Z:\Produkte\Texte Web, Marketing, etc\deutsch\2026.07"",7/10/2026,7/14/2026,7/15/2026,D2C Ecommerce,geliefert,Hme,"
"Text myFRITZ! Coupon Mail-de.docx,218,,ATC,IT,Cristina,Laura,LS-Tracker,""Z:\Produkte\Texte Web, Marketing, etc\deutsch\2026.07"",7/10/2026,7/14/2026,7/15/2026,D2C Ecommerce,geliefert,Hme,"
"Text myFRITZ! Coupon Mail-de.docx,218,,ATC,NL,Angelique,,LS-Tracker,""Z:\Produkte\Texte Web, Marketing, etc\deutsch\2026.07"",7/10/2026,7/14/2026,7/15/2026,D2C Ecommerce,geliefert,Hme,"
"Text myFRITZ! Coupon Mail-de.docx,218,,ATC,FR,Marie,Martine,LS-Tracker,""Z:\Produkte\Texte Web, Marketing, etc\deutsch\2026.07"",7/10/2026,7/14/2026,7/15/2026,D2C Ecommerce,geliefert,Hme,"
"Text myFRITZ! Coupon Mail-de.docx,218,,ATC,ES,Alba,Helena,LS-Tracker,""Z:\Produkte\Texte Web, Marketing, etc\deutsch\2026.07"",7/10/2026,7/14/2026,7/15/2026,D2C Ecommerce,geliefert,Hme,"
"Text myFRITZ! Coupon Mail-de.docx,218,,ATC,PL,Christoph,,LS-Tracker,""Z:\Produkte\Texte Web, Marketing, etc\deutsch\2026.07"",7/10/2026,7/14/2026,7/15/2026,D2C Ecommerce,geliefert,Hme,"
PDP_1200AX_Bundle-translations-en-PRODUCT.json,152,,CST,EN,John,,LS-Tracker,Z:\Produkte\FRITZ!com\2026.07\KW 28,7/10/2026,7/15/2026,7/15/2026,D2C Ecommerce,geliefert,Lbo,
PDP_1200AX_Bundle-translations-en-METAFIELD.json,122,,CST,EN,John,,LS-Tracker,Z:\Produkte\FRITZ!com\2026.07\KW 28,7/10/2026,7/15/2026,7/15/2026,D2C Ecommerce,geliefert,Lbo,
PDP_1200AX_Bundle-translations-en-ONLINE_STORE_THEME.json,894,,CST,EN,John,,LS-Tracker,Z:\Produkte\FRITZ!com\2026.07\KW 28,7/10/2026,7/15/2026,7/15/2026,D2C Ecommerce,geliefert,Lbo,
"Neue_Leistungsmerkmale_DE.docx,149,,FGt,EN,Lisa,,LS-Tracker,""Z:\Produkte\Texte Web, Marketing, etc\deutsch\2026.07"",7/10/2026,7/17/2026,7/17/2026,Corporate Communications,geliefert,Msi,"
ServicePLUS_D2C-translations-en-COLLECTION.json,27,,LCa,EN,John,Lisa,LS-Tracker,Z:\Produkte\FRITZ!com\2026.07\KW 29,7/13/2026,7/15/2026,7/15/2026,D2C Ecommerce,importiert,Lbo,
ServicePLUS_D2C-translations-en-ONLINE_STORE_THEME.json,343,,LCa,EN,John,Lisa,LS-Tracker,Z:\Produkte\FRITZ!com\2026.07\KW 29,7/13/2026,7/15/2026,7/15/2026,D2C Ecommerce,importiert,Lbo,
6690Pro-translations-[Sprache]-METAFIELD.json,77,,LCa,EN,John,Lisa,LS-Tracker,Z:\Produkte\FRITZ!com\2026.07\KW 29,7/13/2026,7/17/2026,7/17/2026,D2C Ecommerce,importiert,Lbo,
6690Pro-translations-[Sprache]-METAOBJECT.json,118,,LCa,EN,John,Lisa,LS-Tracker,Z:\Produkte\FRITZ!com\2026.07\KW 29,7/13/2026,7/17/2026,7/17/2026,D2C Ecommerce,importiert,Lbo,
6690Pro-translations-[Sprache]-ONLINE_STORE_THEME.json,1126,,LCa,EN,John,Lisa,LS-Tracker,Z:\Produkte\FRITZ!com\2026.07\KW 29,7/13/2026,7/17/2026,7/17/2026,D2C Ecommerce,importiert,Lbo,
6690Pro-translations-[Sprache]-PRODUCT.json,157,,LCa,EN,John,Lisa,LS-Tracker,Z:\Produkte\FRITZ!com\2026.07\KW 29,7/13/2026,7/17/2026,7/17/2026,D2C Ecommerce,importiert,Lbo,
6690Pro-translations-[Sprache]-METAFIELD.json,77,,LCa,ES,Alba,Helena,LS-Tracker,Z:\Produkte\FRITZ!com\2026.07\KW 29,7/13/2026,7/17/2026,7/17/2026,D2C Ecommerce,importiert,Lbo,
6690Pro-translations-[Sprache]-METAOBJECT.json,118,,LCa,ES,Alba,Helena,LS-Tracker,Z:\Produkte\FRITZ!com\2026.07\KW 29,7/13/2026,7/17/2026,7/17/2026,D2C Ecommerce,importiert,Lbo,
6690Pro-translations-[Sprache]-ONLINE_STORE_THEME.json,1126,,LCa,ES,Alba,Helena,LS-Tracker,Z:\Produkte\FRITZ!com\2026.07\KW 29,7/13/2026,7/17/2026,7/17/2026,D2C Ecommerce,importiert,Lbo,
6690Pro-translations-[Sprache]-PRODUCT.json,160,,LCa,ES,Alba,Helena,LS-Tracker,Z:\Produkte\FRITZ!com\2026.07\KW 29,7/13/2026,7/17/2026,7/17/2026,D2C Ecommerce,importiert,Lbo,
6690Pro-translations-[Sprache]-METAFIELD.json,77,,LCa,FR,Marie,Martine,LS-Tracker,Z:\Produkte\FRITZ!com\2026.07\KW 29,7/13/2026,7/17/2026,7/17/2026,D2C Ecommerce,importiert,Lbo,
6690Pro-translations-[Sprache]-METAOBJECT.json,118,,LCa,FR,Marie,Martine,LS-Tracker,Z:\Produkte\FRITZ!com\2026.07\KW 29,7/13/2026,7/17/2026,7/17/2026,D2C Ecommerce,importiert,Lbo,
6690Pro-translations-[Sprache]-ONLINE_STORE_THEME.json,1126,,LCa,FR,Marie,Martine,LS-Tracker,Z:\Produkte\FRITZ!com\2026.07\KW 29,7/13/2026,7/17/2026,7/17/2026,D2C Ecommerce,importiert,Lbo,
6690Pro-translations-[Sprache]-PRODUCT.json,160,,LCa,FR,Marie,Martine,LS-Tracker,Z:\Produkte\FRITZ!com\2026.07\KW 29,7/13/2026,7/17/2026,7/17/2026,D2C Ecommerce,importiert,Lbo,
6690Pro-translations-[Sprache]-METAFIELD.json,77,,LCa,IT,Laura,,LS-Tracker,Z:\Produkte\FRITZ!com\2026.07\KW 29,7/13/2026,7/17/2026,7/17/2026,D2C Ecommerce,importiert,Lbo,
6690Pro-translations-[Sprache]-METAOBJECT.json,118,,LCa,IT,Laura,,LS-Tracker,Z:\Produkte\FRITZ!com\2026.07\KW 29,7/13/2026,7/17/2026,7/17/2026,D2C Ecommerce,importiert,Lbo,
6690Pro-translations-[Sprache]-ONLINE_STORE_THEME.json,1126,,LCa,IT,Laura,,LS-Tracker,Z:\Produkte\FRITZ!com\2026.07\KW 29,7/13/2026,7/17/2026,7/17/2026,D2C Ecommerce,importiert,Lbo,
6690Pro-translations-[Sprache]-PRODUCT.json,160,,LCa,IT,Laura,,LS-Tracker,Z:\Produkte\FRITZ!com\2026.07\KW 29,7/13/2026,7/17/2026,7/17/2026,D2C Ecommerce,importiert,Lbo,
6690Pro-translations-[Sprache]-METAFIELD.json,77,,LCa,NL,Angelique,,LS-Tracker,Z:\Produkte\FRITZ!com\2026.07\KW 29,7/13/2026,7/17/2026,7/17/2026,D2C Ecommerce,importiert,Lbo,
6690Pro-translations-[Sprache]-METAOBJECT.json,118,,LCa,NL,Angelique,,LS-Tracker,Z:\Produkte\FRITZ!com\2026.07\KW 29,7/13/2026,7/17/2026,7/17/2026,D2C Ecommerce,importiert,Lbo,
6690Pro-translations-[Sprache]-ONLINE_STORE_THEME.json,1126,,LCa,NL,Angelique,,LS-Tracker,Z:\Produkte\FRITZ!com\2026.07\KW 29,7/13/2026,7/17/2026,7/17/2026,D2C Ecommerce,importiert,Lbo,
6690Pro-translations-[Sprache]-PRODUCT.json,160,,LCa,NL,Angelique,,LS-Tracker,Z:\Produkte\FRITZ!com\2026.07\KW 29,7/13/2026,7/17/2026,7/17/2026,D2C Ecommerce,importiert,Lbo,
0000_12.1154_translate-from-de.xml,258591,,GAb,EN,Lisa,,Mail,Z:\Produkte\F!Box allgemein\GUI-html2\deutsch\2026.07\12.1154,7/13/2026,7/17/2026,7/17/2026,User Interface & Clients,geliefert,FSc,
0000_12.1154_translate-from-de.xml,258591,,GAb,Es,Alba,Helena,Mail,Z:\Produkte\F!Box allgemein\GUI-html2\deutsch\2026.07\12.1154,7/13/2026,7/17/2026,7/17/2026,User Interface & Clients,geliefert,FSc,
0000_12.1154_translate-from-de.xml,258591,,GAb,Fr,Marie,,Mail,Z:\Produkte\F!Box allgemein\GUI-html2\deutsch\2026.07\12.1154,7/13/2026,7/17/2026,7/17/2026,User Interface & Clients,geliefert,FSc,
0000_12.1154_translate-from-de.xml,258591,,GAb,It,Laura,,Mail,Z:\Produkte\F!Box allgemein\GUI-html2\deutsch\2026.07\12.1154,7/13/2026,7/17/2026,7/17/2026,User Interface & Clients,geliefert,FSc,
0000_12.1154_translate-from-de.xml,258591,,GAb,Nl,Angelique,,Mail,Z:\Produkte\F!Box allgemein\GUI-html2\deutsch\2026.07\12.1154,7/13/2026,7/17/2026,7/17/2026,User Interface & Clients,geliefert,FSc,
0000_12.1154_translate-from-de-to-pl.xml,1111,,GAb,Pl,Christoph,,Mail,Z:\Produkte\F!Box allgemein\GUI-html2\deutsch\2026.07\12.1154,7/13/2026,7/17/2026,7/17/2026,User Interface & Clients,geliefert,FSc,
0000_12.1154_translate-from-de-to-sl.xml,1111,,GAb,SL,Yabylon,,Mail,Z:\Produkte\F!Box allgemein\GUI-html2\deutsch\2026.07\12.1154,7/13/2026,7/17/2026,7/17/2026,User Interface & Clients,geliefert,FSc,
"LinkedIn_DE.docx,232,,Kba,EN,John,,LS-Tracker,""Z:\Produkte\Texte Web, Marketing, etc\deutsch\2026.07"",7/13/2026,7/14/2026,7/14/2026,Corporate Communications,Ü-fertig,Msi,"
billing_failed.html,146,,TKO,EN,John,,LS-Tracker,Z:\Produkte\D2C\<Sprache>\2026.07,7/13/2026,7/13/2026,7/13/2026,Technical Communication,geliefert,Lbo,
billing_success.html,90,,TKO,EN,Lisa,,LS-Tracker,Z:\Produkte\D2C\<Sprache>\2026.07,7/13/2026,7/13/2026,7/13/2026,Technical Communication,geliefert,Lbo,
new_subscription.html,173,,TKO,EN,John,,LS-Tracker,Z:\Produkte\D2C\<Sprache>\2026.07,7/13/2026,7/13/2026,7/13/2026,Technical Communication,geliefert,Lbo,
pause_confirmation.html,138,,TKO,EN,John,,LS-Tracker,Z:\Produkte\D2C\<Sprache>\2026.07,7/13/2026,7/13/2026,7/13/2026,Technical Communication,geliefert,Lbo,
resume_confirmation.html,89,,TKO,EN,John,,LS-Tracker,Z:\Produkte\D2C\<Sprache>\2026.07,7/13/2026,7/13/2026,7/13/2026,Technical Communication,geliefert,Lbo,
Smart_Energy_201-translations-en-ONLINE_STORE_THEME.json,1117,,Tpo,EN,Martine,,LS-Tracker,Z:\Produkte\FRITZ!com\2026.07\KW 29,7/13/2026,7/13/2026,7/27/2026,Technical Communication,,Msi,
Smart_Energy_201-translations-es-ONLINE_STORE_THEME.json,1117,,Tpo,ES,Martine,,LS-Tracker,Z:\Produkte\FRITZ!com\2026.07\KW 29,7/13/2026,7/13/2026,7/27/2026,Technical Communication,,Msi,
Smart_Energy_201-translations-it-ONLINE_STORE_THEME.json,1117,,Tpo,IT,Martine,,LS-Tracker,Z:\Produkte\FRITZ!com\2026.07\KW 29,7/13/2026,7/13/2026,7/27/2026,Technical Communication,,Msi,
Smart_Energy_201-translations-nl-ONLINE_STORE_THEME.json,1117,,Tpo,NL,Martine,,LS-Tracker,Z:\Produkte\FRITZ!com\2026.07\KW 29,7/13/2026,7/13/2026,7/27/2026,Technical Communication,,Msi,
Smart_Energy_201-translations-fr-ONLINE_STORE_THEME.json,1117,,Tpo,FR,Martine,,LS-Tracker,Z:\Produkte\FRITZ!com\2026.07\KW 29,7/13/2026,7/13/2026,7/27/2026,Technical Communication,,Msi,
MyFapp_20260713-de-ES.xliff,12951,,KNu,Es,Alba,Helena,jazz,Z:\Produkte\F!Apps\FappMyF\GUI\iOS\<Sprache>\2026.07,7/13/2026,7/16/2026,7/16/2026,User Interface & Clients,geliefert,FSc,
MyFapp_20260713-de-FR.xliff,12951,,KNu,Fr,Marie,,jazz,Z:\Produkte\F!Apps\FappMyF\GUI\iOS\<Sprache>\2026.07,7/13/2026,7/16/2026,7/16/2026,User Interface & Clients,geliefert,FSc,
MyFapp_20260713-de-IT.xliff,12951,,KNu,It,Laura,,jazz,Z:\Produkte\F!Apps\FappMyF\GUI\iOS\<Sprache>\2026.07,7/13/2026,7/16/2026,7/16/2026,User Interface & Clients,geliefert,FSc,
MyFapp_20260713-de-NL.xliff,12999,,KNu,Nl,Angelique,,jazz,Z:\Produkte\F!Apps\FappMyF\GUI\iOS\<Sprache>\2026.07,7/13/2026,7/16/2026,7/16/2026,User Interface & Clients,geliefert,FSc,
MyFapp_20260713-de-PL.xliff,13073,,KNu,Pl,Yabylon,,jazz,Z:\Produkte\F!Apps\FappMyF\GUI\iOS\<Sprache>\2026.07,7/13/2026,7/16/2026,7/16/2026,User Interface & Clients,geliefert,FSc,
MyFapp_20260713-de-SL.xliff,13073,,KNu,SL,Yabylon,,jazz,Z:\Produkte\F!Apps\FappMyF\GUI\iOS\<Sprache>\2026.07,7/13/2026,7/16/2026,7/16/2026,User Interface & Clients,geliefert,FSc,
MyFapp_20260713-de-US.xliff,12951,,KNu,EN,Lisa,,jazz,Z:\Produkte\F!Apps\FappMyF\GUI\iOS\<Sprache>\2026.07,7/13/2026,7/16/2026,7/16/2026,User Interface & Clients,geliefert,FSc,
"Lektorat Messeschild EN,64,,Bal,EN,Lisa,,LS-Tracker,""Z:\Produkte\Texte Web, Marketing, etc\englisch\2026.07"",7/13/2026,7/14/2026,7/14/2026,Corporate Communications,geliefert,Msi,"
Intel x86.docx,3,,CST,EN,Lisa,,LS-Tracker,Z:\Produkte\FRITZ!com\2026.07\KW 29,7/14/2026,7/15/2026,7/15/2026,D2C Ecommerce,geliefert,Lbo,
Intel x86.docx,3,,CST,ES,Alba,Helena,LS-Tracker,Z:\Produkte\FRITZ!com\2026.07\KW 29,7/14/2026,7/15/2026,7/15/2026,D2C Ecommerce,geliefert,Lbo,
Intel x86.docx,3,,CST,IT,Laura,,LS-Tracker,Z:\Produkte\FRITZ!com\2026.07\KW 29,7/14/2026,7/15/2026,7/15/2026,D2C Ecommerce,geliefert,Lbo,
Intel x86.docx,3,,CST,FR,Martine,,LS-Tracker,Z:\Produkte\FRITZ!com\2026.07\KW 29,7/14/2026,7/15/2026,7/15/2026,D2C Ecommerce,geliefert,Lbo,
Intel x86.docx,3,,CST,NL,Angelique,,LS-Tracker,Z:\Produkte\FRITZ!com\2026.07\KW 29,7/14/2026,7/15/2026,7/15/2026,D2C Ecommerce,geliefert,Lbo,
PSP_7620-translations-[Sprache]-ONLINE_STORE_THEME.json,1247,,TPO,EN,Laura,,LS-Tracker,Z:\Produkte\FRITZ!com\2026.07\KW 29,7/14/2026,7/22/2026,7/22/2026,Technical Communication,importiert,Lbo,
PSP_7620-translations-[Sprache]-ONLINE_STORE_THEME.json,1247,,TPO,ES,Laura,,LS-Tracker,Z:\Produkte\FRITZ!com\2026.07\KW 29,7/14/2026,7/22/2026,7/22/2026,Technical Communication,importiert,Lbo,
PSP_7620-translations-[Sprache]-ONLINE_STORE_THEME.json,1247,,TPO,FR,Laura,,LS-Tracker,Z:\Produkte\FRITZ!com\2026.07\KW 29,7/14/2026,7/22/2026,7/22/2026,Technical Communication,importiert,Lbo,
PSP_7620-translations-[Sprache]-ONLINE_STORE_THEME.json,1247,,TPO,IT,Laura,,LS-Tracker,Z:\Produkte\FRITZ!com\2026.07\KW 29,7/14/2026,7/22/2026,7/22/2026,Technical Communication,importiert,Lbo,
PSP_7620-translations-[Sprache]-ONLINE_STORE_THEME.json,1247,,TPO,NL,Laura,,LS-Tracker,Z:\Produkte\FRITZ!com\2026.07\KW 29,7/14/2026,7/22/2026,7/22/2026,Technical Communication,importiert,Lbo,
translations-[Sprache]-METAOBJECT.json,724,,CST,EN,John,,LS-Tracker,Z:\Produkte\FRITZ!com\2026.07\KW 29,7/14/2026,7/23/2026,7/24/2026,D2C Ecommerce,importiert,Lbo,
translations-[Sprache]-METAOBJECT.json,724,,CST,ES,Alba,,LS-Tracker,Z:\Produkte\FRITZ!com\2026.07\KW 29,7/14/2026,7/23/2026,7/24/2026,D2C Ecommerce,importiert,Lbo,
translations-[Sprache]-METAOBJECT.json,724,,CST,FR,Martine,,LS-Tracker,Z:\Produkte\FRITZ!com\2026.07\KW 29,7/14/2026,7/23/2026,7/24/2026,D2C Ecommerce,importiert,Lbo,
translations-[Sprache]-METAOBJECT.json,724,,CST,IT,Laura,,LS-Tracker,Z:\Produkte\FRITZ!com\2026.07\KW 29,7/14/2026,7/23/2026,7/24/2026,D2C Ecommerce,importiert,Lbo,
translations-[Sprache]-METAOBJECT.json,724,,CST,NL,Angelique,,LS-Tracker,Z:\Produkte\FRITZ!com\2026.07\KW 29,7/14/2026,7/23/2026,7/24/2026,D2C Ecommerce,importiert,Lbo,
"Prozessmail_HRA_fehlt-de.docx,74,,AGI,EN,John,Lisa,LS-Tracker,""Z:\Produkte\Texte Web, Marketing, etc\deutsch\2026.07"",7/14/2026,7/17/2026,7/17/2026,Channel Sales,erledigt,Hme,"
aK-Bestaetigung.docx,107,,TKO,EN,John,Lisa,LS-Tracker,Z:\Produkte\D2C\deutsch\2026.07,7/15/2026,7/16/2026,7/16/2026,Technical Communication,geliefert,Hme,
aK-Eingang.docx,96,,TKO,EN,John,Lisa,LS-Tracker,Z:\Produkte\D2C\deutsch\2026.07,7/15/2026,7/16/2026,7/16/2026,Technical Communication,geliefert,Hme,
Widerruf.docx,101,,TKO,EN,John,Lisa,LS-Tracker,Z:\Produkte\D2C\deutsch\2026.07,7/15/2026,7/16/2026,7/16/2026,Technical Communication,geliefert,Hme,
oK-Bestätigung.docx,111,,TKO,EN,John,Lisa,LS-Tracker,Z:\Produkte\D2C\deutsch\2026.07,7/15/2026,7/16/2026,7/16/2026,Technical Communication,geliefert,Hme,
Newsletter_Sektion-translations-[Sprache]-ONLINE_STORE_THEME.json,25,,AKU,EN,Lisa,John,LS-Tracker,Z:\Produkte\D2C\deutsch\2026.07,7/15/2026,7/17/2026,7/17/2026,Technical Communication,geliefert,Lbo,
Newsletter_Sektion-translations-[Sprache]-ONLINE_STORE_THEME.json,25,,AKU,ES,Alba,,LS-Tracker,Z:\Produkte\D2C\deutsch\2026.07,7/15/2026,7/17/2026,7/17/2026,Technical Communication,geliefert,Lbo,
Newsletter_Sektion-translations-[Sprache]-ONLINE_STORE_THEME.json,25,,AKU,FR,Martine,,LS-Tracker,Z:\Produkte\D2C\deutsch\2026.07,7/15/2026,7/17/2026,7/17/2026,Technical Communication,geliefert,Lbo,
Newsletter_Sektion-translations-[Sprache]-ONLINE_STORE_THEME.json,25,,AKU,IT,Laura,,LS-Tracker,Z:\Produkte\D2C\deutsch\2026.07,7/15/2026,7/17/2026,7/17/2026,Technical Communication,geliefert,Lbo,
Newsletter_Sektion-translations-[Sprache]-ONLINE_STORE_THEME.json,25,,AKU,NL,Angelique,,LS-Tracker,Z:\Produkte\D2C\deutsch\2026.07,7/15/2026,7/17/2026,7/17/2026,Technical Communication,geliefert,Lbo,
Detaillierte Leistungsbeschreibung siehe AGB.docx,4,,JBL,EN,Lisa,,LS-Tracker,Z:\Produkte\D2C\deutsch\2026.07,7/15/2026,7/15/2026,7/15/2026,D2C Ecommerce,geliefert,Lbo,
2026-07-15T13-52-19_PM-History-Texts.xml,655,,TJa,DE,Franziska,,LS-Tracker,Z:\Produkte\F!Box allgemein\Info.txt\Release\MyFRITZOSp1\2026.07,7/15/2026,7/15/2026,7/15/2026,Product Management,geliefert,FSc,
2026-07-15T15-01-53_PM-History-Texts_korr-de.xml,655,,TJa,EN,Lisa,,LS-Tracker,Z:\Produkte\F!Box allgemein\Info.txt\Release\MyFRITZOSp1\2026.07,7/15/2026,7/15/2026,7/16/2026,Product Management,geliefert,FSc,
15072026_Datenschutzerklärung_Neue Klausel.docx,37,,TGO,EN,John,Lisa,LS-Tracker,Z:\Produkte\Einleger und juristische Texte\Datenschutzerklärung\2026.07,7/15/2026,7/21/2026,7/22/2026,Corporate Legal,geliefert,Hme,
15072026_Datenschutzerklärung_Neue Klausel.docx,37,,TGO,IT,Laura,,LS-Tracker,Z:\Produkte\Einleger und juristische Texte\Datenschutzerklärung\2026.07,7/15/2026,7/21/2026,7/22/2026,Corporate Legal,geliefert,Hme,
15072026_Datenschutzerklärung_Neue Klausel.docx,37,,TGO,NL,Angelique,,LS-Tracker,Z:\Produkte\Einleger und juristische Texte\Datenschutzerklärung\2026.07,7/15/2026,7/21/2026,7/22/2026,Corporate Legal,geliefert,Hme,
15072026_Datenschutzerklärung_Neue Klausel.docx,37,,TGO,FR,Martine,Marie,LS-Tracker,Z:\Produkte\Einleger und juristische Texte\Datenschutzerklärung\2026.07,7/15/2026,7/21/2026,7/22/2026,Corporate Legal,geliefert,Hme,
15072026_Datenschutzerklärung_Neue Klausel.docx,37,,TGO,ES,Alba,Helena,LS-Tracker,Z:\Produkte\Einleger und juristische Texte\Datenschutzerklärung\2026.07,7/15/2026,7/21/2026,7/22/2026,Corporate Legal,geliefert,Hme,
ServicePLUS_again-translations-en-ONLINE_STORE_THEME.json,208,,LCA,EN,Laura,,LS-Tracker,Z:\Produkte\FRITZ!com\2026.07\KW 29,7/15/2026,7/15/2026,7/15/2026,D2C Ecommerce,importiert,Lbo,
"Texte Mesh Landingpage_Übersetzung.docx,259,,APA,FR,Marie,Martine,LS-Tracker,""Z:\Produkte\Texte Web, Marketing, etc\deutsch\2026.07"",7/15/2026,7/17/2026,7/17/2026,Sales Marketing,geliefert,Hme,"
4015.docx,236,,MBR,EN,Lisa,,LS-Tracker,Z:\Produkte\Support-Aufträge\07.2026,7/16/2026,7/17/2026,7/21/2026,Kundenservice 2nd Level,geliefert,Rho,
4015.docx,236,,MBR,IT,Laura,,LS-Tracker,Z:\Produkte\Support-Aufträge\07.2026,7/16/2026,7/24/2026,7/24/2026,Kundenservice 2nd Level,geliefert,Rho,
4015.docx,236,,MBR,NL,Angelique,,LS-Tracker,Z:\Produkte\Support-Aufträge\07.2026,7/16/2026,7/17/2026,7/21/2026,Kundenservice 2nd Level,geliefert,Rho,
4015.docx,236,,MBR,ES,Alba,,LS-Tracker,Z:\Produkte\Support-Aufträge\07.2026,7/16/2026,7/17/2026,7/24/2026,Kundenservice 2nd Level,geliefert,Rho,
4015.docx,236,,MBR,PL,Christoph,,LS-Tracker,Z:\Produkte\Support-Aufträge\07.2026,7/16/2026,7/24/2026,7/24/2026,Kundenservice 2nd Level,geliefert,Rho,
4015.docx,236,,MBR,SL,Yabylon,,LS-Tracker,Z:\Produkte\Support-Aufträge\07.2026,7/16/2026,7/20/2026,7/24/2026,Kundenservice 2nd Level,geliefert,Rho,
4091.xml,2130,,TPO,EN,John,,LS-Tracker,Z:\Produkte\Support-Aufträge\07.2026\17.07.26,7/17/2026,7/20/2026,7/30/2026,Technical Communication,geliefert,Rho,
4092.xml,1284,,TPO,EN,Lisa,,LS-Tracker,Z:\Produkte\Support-Aufträge\07.2026\17.07.26,7/17/2026,7/20/2026,7/30/2026,Technical Communication,geliefert,Rho,
4092.xml,1284,,TPO,NL,Angelique,,LS-Tracker,Z:\Produkte\Support-Aufträge\07.2026\17.07.26,7/17/2026,7/20/2026,7/30/2026,Technical Communication,geliefert,Rho,
4093.xml,1313,,TPO,EN,Lisa,,LS-Tracker,Z:\Produkte\Support-Aufträge\07.2026\17.07.26\#4093.xml,7/17/2026,7/20/2026,7/30/2026,Technical Communication,geliefert,Rho,
4093.xml,1313,,TPO,NL,Angelique,,LS-Tracker,Z:\Produkte\Support-Aufträge\07.2026\17.07.26\#4093.xml,7/17/2026,7/20/2026,7/30/2026,Technical Communication,geliefert,Rho,
4093.xml,1313,,TPO,FR,Marie,,LS-Tracker,Z:\Produkte\Support-Aufträge\07.2026\17.07.26\#4093.xml,7/17/2026,7/20/2026,7/30/2026,Technical Communication,geliefert,Rho,
Back2Work_Uni-translations-en-ONLINE_STORE_THEME.json,90,,LCA,EN,John,Susan,LS-Tracker,Z:\Produkte\FRITZ!com\2026.07\KW 30,7/17/2026,7/24/2026,7/24/2026,D2C Ecommerce,importiert,Lbo,
Back2Work_Uni-translations-en-ONLINE_STORE_THEME.json,94,,LCA,ES,Helena,,LS-Tracker,Z:\Produkte\FRITZ!com\2026.07\KW 30,7/17/2026,7/24/2026,7/24/2026,D2C Ecommerce,importiert,Lbo,
Back2Work_Uni-translations-en-ONLINE_STORE_THEME.json,94,,LCA,IT,Laura,,LS-Tracker,Z:\Produkte\FRITZ!com\2026.07\KW 30,7/17/2026,7/24/2026,7/24/2026,D2C Ecommerce,importiert,Lbo,
Back2Work_Uni-translations-en-ONLINE_STORE_THEME.json,94,,LCA,NL,Angelique,,LS-Tracker,Z:\Produkte\FRITZ!com\2026.07\KW 30,7/17/2026,7/24/2026,7/24/2026,D2C Ecommerce,importiert,Lbo,
SEO_Optimierungen_WLAN_Mesh-translations-[Sprache]-ONLINE_STORE_THEME.json,125,,LCA,EN,John,Susan,LS-Tracker,Z:\Produkte\FRITZ!com\2026.07\KW 30,7/17/2026,7/23/2026,7/24/2026,D2C Ecommerce,importiert,Lbo,
SEO_Optimierungen_WLAN_Mesh-translations-[Sprache]-ONLINE_STORE_THEME.json,125,,LCA,ES,Helena,,LS-Tracker,Z:\Produkte\FRITZ!com\2026.07\KW 30,7/17/2026,7/23/2026,7/24/2026,D2C Ecommerce,importiert,Lbo,
SEO_Optimierungen_WLAN_Mesh-translations-[Sprache]-ONLINE_STORE_THEME.json,125,,LCA,FR,Marie,,LS-Tracker,Z:\Produkte\FRITZ!com\2026.07\KW 30,7/17/2026,7/23/2026,7/24/2026,D2C Ecommerce,importiert,Lbo,
SEO_Optimierungen_WLAN_Mesh-translations-[Sprache]-ONLINE_STORE_THEME.json,125,,LCA,IT,Laura,,LS-Tracker,Z:\Produkte\FRITZ!com\2026.07\KW 30,7/17/2026,7/23/2026,7/24/2026,D2C Ecommerce,importiert,Lbo,
SEO_Optimierungen_WLAN_Mesh-translations-[Sprache]-ONLINE_STORE_THEME.json,125,,LCA,NL,Angelique,,LS-Tracker,Z:\Produkte\FRITZ!com\2026.07\KW 30,7/17/2026,7/23/2026,7/24/2026,D2C Ecommerce,importiert,Lbo,
SEO_Optimierungen_WLAN_Mesh-Repeater - Ergänzung.docx,73,,LCA,EN,John,,LS-Tracker,Z:\Produkte\FRITZ!com\2026.07\KW 30,7/17/2026,7/23/2026,7/24/2026,D2C Ecommerce,importiert,Lbo,
SEO_Optimierungen_WLAN_Mesh-Repeater - Ergänzung.docx,73,,LCA,ES,Helena,,LS-Tracker,Z:\Produkte\FRITZ!com\2026.07\KW 30,7/17/2026,7/23/2026,7/24/2026,D2C Ecommerce,importiert,Lbo,
SEO_Optimierungen_WLAN_Mesh-Repeater - Ergänzung.docx,73,,LCA,FR,Marie,,LS-Tracker,Z:\Produkte\FRITZ!com\2026.07\KW 30,7/17/2026,7/23/2026,7/24/2026,D2C Ecommerce,importiert,Lbo,
SEO_Optimierungen_WLAN_Mesh-Repeater - Ergänzung.docx,73,,LCA,IT,Laura,,LS-Tracker,Z:\Produkte\FRITZ!com\2026.07\KW 30,7/17/2026,7/23/2026,7/24/2026,D2C Ecommerce,importiert,Lbo,
SEO_Optimierungen_WLAN_Mesh-Repeater - Ergänzung.docx,73,,LCA,NL,Angelique,,LS-Tracker,Z:\Produkte\FRITZ!com\2026.07\KW 30,7/17/2026,7/23/2026,7/24/2026,D2C Ecommerce,importiert,Lbo,
Briefing_Banner Claims_Übersetzungsmanagement_Back2Work-Uni_Promotion.docx,46,,KGO,EN,John,Lisa,LS-Tracker,Z:\Produkte\D2C\<Sprache>\2026.07,7/20/2026,7/24/2026,7/24/2026,D2C Ecommerce,geliefert,Lbo,
Briefing_Banner Claims_Übersetzungsmanagement_Back2Work-Uni_Promotion.docx,46,,KGO,IT,Cristina,Laura,LS-Tracker,Z:\Produkte\D2C\<Sprache>\2026.07,7/20/2026,7/24/2026,7/24/2026,D2C Ecommerce,geliefert,Lbo,
Briefing_Banner Claims_Übersetzungsmanagement_Back2Work-Uni_Promotion.docx,46,,KGO,NL,Angelique,,LS-Tracker,Z:\Produkte\D2C\<Sprache>\2026.07,7/20/2026,7/24/2026,7/24/2026,D2C Ecommerce,geliefert,Lbo,
Briefing_Banner Claims_Übersetzungsmanagement_Back2Work-Uni_Promotion.docx,46,,KGO,ES,Helena,,LS-Tracker,Z:\Produkte\D2C\<Sprache>\2026.07,7/20/2026,7/24/2026,7/24/2026,D2C Ecommerce,geliefert,Lbo,
Briefing_Banner Claims_Übersetzungsmanagement_Back2Work-Uni_Promotion.docx,46,,KGO,FR,Marie,,LS-Tracker,Z:\Produkte\D2C\<Sprache>\2026.07,7/20/2026,7/24/2026,7/24/2026,D2C Ecommerce,geliefert,Lbo,
Mesh Newsletter Translation.docx,368,,JFI,IT,Cristina,Laura,LS-Tracker,Z:\Produkte\D2C\<Sprache>\2026.07,7/20/2026,7/27/2026,7/27/2026,D2C Ecommerce,geliefert,Lbo,
Mesh Newsletter Translation.docx,368,,JFI,NL,Angelique,,LS-Tracker,Z:\Produkte\D2C\<Sprache>\2026.07,7/20/2026,7/27/2026,7/27/2026,D2C Ecommerce,geliefert,Lbo,
Mesh Newsletter Translation.docx,368,,JFI,ES,Helena,,LS-Tracker,Z:\Produkte\D2C\<Sprache>\2026.07,7/20/2026,7/27/2026,7/27/2026,D2C Ecommerce,geliefert,Lbo,
Titel_Highlights_Amazon_Temp.xlsx,1600,,JBL,EN,Susan/John,,LS-Tracker,Z:\Produkte\D2C\<Sprache>\2026.07,7/20/2026,7/27/2026,7/24/2026,D2C Ecommerce,geliefert,Lbo,
Titel_Highlights_Amazon_Temp.xlsx,1600,,JBL,IT,Cristina,Laura,LS-Tracker,Z:\Produkte\D2C\<Sprache>\2026.07,7/20/2026,7/24/2026,7/24/2026,D2C Ecommerce,geliefert,Lbo,
Titel_Highlights_Amazon_Temp.xlsx,1600,,JBL,NL,Angelique,,LS-Tracker,Z:\Produkte\D2C\<Sprache>\2026.07,7/20/2026,7/28/2026,7/24/2026,D2C Ecommerce,geliefert,Lbo,
Titel_Highlights_Amazon_Temp.xlsx,1600,,JBL,ES,Helena,,LS-Tracker,Z:\Produkte\D2C\<Sprache>\2026.07,7/20/2026,7/27/2026,7/24/2026,D2C Ecommerce,geliefert,Lbo,
Titel_Highlights_Amazon_Temp.xlsx,1600,,JBL,FR,Marie,,LS-Tracker,Z:\Produkte\D2C\<Sprache>\2026.07,7/20/2026,7/27/2026,7/24/2026,D2C Ecommerce,geliefert,Lbo,
Titel_Highlights_Amazon_Temp.xlsx,1600,,JBL,PL,Christoph,,LS-Tracker,Z:\Produkte\D2C\<Sprache>\2026.07,7/20/2026,7/24/2026,7/24/2026,D2C Ecommerce,geliefert,Lbo,
"IEF_Grafiken-Texte.docx,690,,KTE,DE,Franziska,,LS-Tracker,""Z:\Produkte\Texte Web, Marketing, etc\deutsch\2026.07"",7/20/2026,7/23/2026,7/23/2026,Corporate Communications,geliefert,Hme,"
"IEF_Grafiken-Texte.docx,690,,KTE,IT,Laura,,LS-Tracker,""Z:\Produkte\Texte Web, Marketing, etc\deutsch\2026.07"",7/20/2026,7/23/2026,7/23/2026,Corporate Communications,geliefert,Hme,"
2026-07-20_Boost_Translations_V3-de.xlsx,345,,NWI,EN,John,Susan,LS-Tracker,Z:\Produkte\D2C\deutsch\2026.07,7/20/2026,7/23/2026,7/24/2026,D2C Ecommerce,geliefert,Hme,
2026-07-20_Boost_Translations_V3-de.xlsx,345,,NWI,FR,Marie,,LS-Tracker,Z:\Produkte\D2C\deutsch\2026.07,7/20/2026,7/23/2026,7/24/2026,D2C Ecommerce,geliefert,Hme,
2026-07-20_Boost_Translations_V3-de.xlsx,345,,NWI,IT,Cristina,Laura,LS-Tracker,Z:\Produkte\D2C\deutsch\2026.07,7/20/2026,7/23/2026,7/24/2026,D2C Ecommerce,geliefert,Hme,
2026-07-20_Boost_Translations_V3-de.xlsx,345,,NWI,NL,Angelique,,LS-Tracker,Z:\Produkte\D2C\deutsch\2026.07,7/20/2026,7/23/2026,7/24/2026,D2C Ecommerce,geliefert,Hme,
2026-07-20_Boost_Translations_V3-de.xlsx,345,,NWI,ES,Helena,,LS-Tracker,Z:\Produkte\D2C\deutsch\2026.07,7/20/2026,7/24/2026,7/24/2026,D2C Ecommerce,geliefert,Hme,
0000_12.1154_translate-from-de.xml,258591,,GAb,EN,Susan,,Mail,Z:\Produkte\F!Box allgemein\GUI-html2\deutsch\2026.07\12.1154.1.1,7/21/2026,7/24/2026,7/24/2026,User Interface & Clients,Ü-fertig,FSc,
0000_12.1154_translate-from-de.xml,258591,,GAb,Es,Helena,,Mail,Z:\Produkte\F!Box allgemein\GUI-html2\deutsch\2026.07\12.1154.1.1,7/21/2026,7/23/2026,7/24/2026,User Interface & Clients,geliefert,FSc,
0000_12.1154_translate-from-de.xml,258591,,GAb,Fr,Marie,,Mail,Z:\Produkte\F!Box allgemein\GUI-html2\deutsch\2026.07\12.1154.1.1,7/21/2026,7/23/2026,7/24/2026,User Interface & Clients,geliefert,FSc,
0000_12.1154_translate-from-de.xml,258591,,GAb,It,Laura,,Mail,Z:\Produkte\F!Box allgemein\GUI-html2\deutsch\2026.07\12.1154.1.1,7/21/2026,7/23/2026,7/24/2026,User Interface & Clients,geliefert,FSc,
0000_12.1154_translate-from-de.xml,258591,,GAb,Nl,Angelique,,Mail,Z:\Produkte\F!Box allgemein\GUI-html2\deutsch\2026.07\12.1154.1.1,7/21/2026,7/24/2026,7/24/2026,User Interface & Clients,geliefert,FSc,
0000_12-1154-1-1_translate-from-de-to-sl.xml,11376,,GAb,SL,Yabylon,,Mail,Z:\Produkte\F!Box allgemein\GUI-html2\deutsch\2026.07\12.1154.1.1,7/21/2026,7/24/2026,7/24/2026,User Interface & Clients,geliefert,FSc,
0000_12-1154-1-1_translate-from-de-to-pl.xml,11376,,GAb,Pl,Christoph,,Mail,Z:\Produkte\F!Box allgemein\GUI-html2\deutsch\2026.07\12.1154.1.1,7/21/2026,7/28/2026,7/24/2026,User Interface & Clients,geliefert,FSc,
"Details DNS in F!OS 8.40-de.docx,72,,FGT,EN,Lisa,John,r436,""Z:\Produkte\Texte Web, Marketing, etc\deutsch\2026.07"",7/21/2026,7/22/2026,7/24/2026,Corporate Communications,geliefert,Hme,"
2026-07-21T14-22-58_PM-History-Texts.xml,933,,TJa,DE,Franziska,,r435,Z:\Produkte\F!Box allgemein\Info.txt\Release\MyFRITZOSp1\2026.07,7/21/2026,7/21/2026,7/21/2026,Product Management,geliefert,FSc,
2026-07-21T18-42-50_PM-History-Texts_korr-de.xml,933,,TJa,EN,Susan,,r435,Z:\Produkte\F!Box allgemein\Info.txt\Release\MyFRITZOSp1\2026.07,7/21/2026,7/22/2026,7/22/2026,Product Management,geliefert,FSc,
Always On PMax - Kampagnenplanung _ AVM _ Fritz.xlsx,576,,Reg,IT,Cristina,Laura,LS-Tracker,Z:\Produkte\D2C\deutsch\2026.07,7/21/2026,7/31/2026,7/31/2026,D2C Ecommerce,geliefert,Lbo,
Always On PMax - Kampagnenplanung _ AVM _ Fritz.xlsx,576,,Reg,NL,Angelique,,LS-Tracker,Z:\Produkte\D2C\deutsch\2026.07,7/21/2026,7/31/2026,7/31/2026,D2C Ecommerce,geliefert,Lbo,
Always On PMax - Kampagnenplanung _ AVM _ Fritz.xlsx,576,,Reg,ES,Helena,,LS-Tracker,Z:\Produkte\D2C\deutsch\2026.07,7/21/2026,7/31/2026,7/31/2026,D2C Ecommerce,geliefert,Lbo,
2026-07-22_Search_Translations_V1.xlsx,102,,NWi,EN,Susan,,LS-Tracker,Z:\Produkte\FRITZ!com\2026.07\KW 30,7/22/2026,7/27/2026,7/27/2026,D2C Ecommerce,geliefert,Lbo,
2026-07-22_Search_Translations_V1.xlsx,102,,NWi,ES,Helena,,LS-Tracker,Z:\Produkte\FRITZ!com\2026.07\KW 30,7/22/2026,7/27/2026,7/27/2026,D2C Ecommerce,geliefert,Lbo,
2026-07-22_Search_Translations_V1.xlsx,102,,NWi,FR,Marie,,LS-Tracker,Z:\Produkte\FRITZ!com\2026.07\KW 30,7/22/2026,7/27/2026,7/27/2026,D2C Ecommerce,geliefert,Lbo,
2026-07-22_Search_Translations_V1.xlsx,102,,NWi,IT,Laura,,LS-Tracker,Z:\Produkte\FRITZ!com\2026.07\KW 30,7/22/2026,7/27/2026,7/27/2026,D2C Ecommerce,geliefert,Lbo,
2026-07-22_Search_Translations_V1.xlsx,102,,NWi,NL,Angelique,,LS-Tracker,Z:\Produkte\FRITZ!com\2026.07\KW 30,7/22/2026,7/27/2026,7/27/2026,D2C Ecommerce,geliefert,Lbo,
confirm-box_de.properties,738,,PNe,DE,Franziska,,jazz,Z:\Produkte\MyFRITZ\deutsch\2026.07\Du,7/21/2026,9/1/2026,9/1/2026,IT,geliefert,FSc,
confirm-repeater_de.properties,738,,PNe,DE,Franziska,,jazz,Z:\Produkte\MyFRITZ\deutsch\2026.07\Du,7/21/2026,9/1/2026,9/1/2026,IT,geliefert,FSc,
Zusatzinformationen anfordern + weitere Datenanforderungen auf FR,15935,,TPO,FR,Marie,,LS-Tracker,,7/23/2026,7/28/2026,8/19/2026,Technical Communication,geliefert,Rho,
"Ergänzung in Verbesserungen und Zusatzinfos 8.40.docx,78,,FGT,EN,Susan/John,,LS-Tracker,""Z:\Produkte\Texte Web, Marketing, etc\deutsch\2026.07"",7/23/2026,7/27/2026,7/28/2026,Corporate Communications,geliefert,Hme,"
4075: Zubehör bestellen,189,,TPO,EN,John,,LS-Tracker,Z:\Produkte\Support-Aufträge\07.2026\23.07.26,7/23/2026,7/29/2026,7/30/2026,Technical Communication,geliefert,Rho,
4075: Zubehör bestellen,189,,TPO,IT,laura,,LS-Tracker,Z:\Produkte\Support-Aufträge\07.2026\23.07.26,7/23/2026,8/3/2026,7/30/2026,Technical Communication,geliefert,Rho,
4075: Zubehör bestellen,189,,TPO,NL,Angelique,,LS-Tracker,Z:\Produkte\Support-Aufträge\07.2026\23.07.26,7/23/2026,7/29/2026,7/30/2026,Technical Communication,geliefert,Rho,
4075: Zubehör bestellen,189,,TPO,ES,Alba,,LS-Tracker,Z:\Produkte\Support-Aufträge\07.2026\23.07.26,7/23/2026,7/29/2026,7/30/2026,Technical Communication,geliefert,Rho,
4075: Zubehör bestellen,189,,TPO,FR,Marie,,LS-Tracker,Z:\Produkte\Support-Aufträge\07.2026\23.07.26,7/23/2026,7/28/2026,7/30/2026,Technical Communication,geliefert,Rho,
4075: Zubehör bestellen,189,,TPO,PL,Christoph,,LS-Tracker,Z:\Produkte\Support-Aufträge\07.2026\23.07.26,7/23/2026,7/29/2026,7/30/2026,Technical Communication,geliefert,Rho,
FFon-info-txt-de.docx,121,,SSt,EN,Lisa,,LS-Tracker,Z:\Produkte\F!Fon allgemein\Info.txt\2026.07,7/23/2026,7/24/2026,7/24/2026,Product Management,geliefert,FSc,
"PI FRITZ! Labor 5690 Pro (Matter Integration).docx,,15,ALp,DE,Franziska,,LS-Tracker,""Z:\Produkte\Texte Web, Marketing, etc\deutsch\2026.07"",7/24/2026,7/24/2026,,Corporate Communications,geliefert,FSc,"
"PI_FRITZ_Labor_5690Pro_Matter-Integration-de.docx,508,,ALp,UK,Susan,,LS-Tracker,""Z:\Produkte\Texte Web, Marketing, etc\deutsch\2026.07"",7/24/2026,7/24/2026,7/27/2026,Corporate Communications,geliefert,FSc,"
"PI_FRITZ_Labor_5690Pro_Matter-Integration-de.docx,508,,ALp,UK,John,,LS-Tracker,""Z:\Produkte\Texte Web, Marketing, etc\deutsch\2026.07"",7/24/2026,7/24/2026,7/27/2026,Corporate Communications,geliefert,FSc,"
BusinessUpdate_August-1-de.eml,,30,AGi,DE,Franziska,,LS-Tracker,,7/24/2026,7/30/2026,7/31/2026,Channel Sales,geliefert,FSc,
Account_gelöscht-translations-[Sprache]-PAGE.json,46,,TPO,EN,John,,LS-Tracker,Z:\Produkte\FRITZ!com\2026.07\KW 31,7/24/2026,8/3/2026,8/3/2026,Technical Communication,importiert,Lbo,
Account_gelöscht-translations-[Sprache]-PAGE.json,46,,TPO,ES,Alba,Helena,LS-Tracker,Z:\Produkte\FRITZ!com\2026.07\KW 31,7/24/2026,8/3/2026,8/3/2026,Technical Communication,importiert,Lbo,
Account_gelöscht-translations-[Sprache]-PAGE.json,46,,TPO,FR,Marie,Martine,LS-Tracker,Z:\Produkte\FRITZ!com\2026.07\KW 31,7/24/2026,8/3/2026,8/3/2026,Technical Communication,importiert,Lbo,
Account_gelöscht-translations-[Sprache]-PAGE.json,46,,TPO,IT,Laura,,LS-Tracker,Z:\Produkte\FRITZ!com\2026.07\KW 31,7/24/2026,8/3/2026,8/3/2026,Technical Communication,importiert,Lbo,
Account_gelöscht-translations-[Sprache]-PAGE.json,46,,TPO,NL,Angelique,,LS-Tracker,Z:\Produkte\FRITZ!com\2026.07\KW 31,7/24/2026,8/3/2026,8/3/2026,Technical Communication,importiert,Lbo,
HB_FR_Set_v11_2026-07-27_D-00000082_T-00001090_EngineeringModules_Fragments_de-DE_en-GB.xml.xml,7,,CMI,EN,John,Susan,Mail,Z:\International\Tico\work\2026-07-27_D-00000082_T-00001090_de-DE_en-GB.xml\untranslated,7/27/2026,7/30/2026,7/31/2026,Technical Communication,,Hme,
HB_FR_Set_v11_2026-07-27_D-00000082_T-00001090_EngineeringModules_de-DE_en-GB.xml.xml,1529,,CMI,EN,John,Susan,Mail,Z:\International\Tico\work\2026-07-27_D-00000082_T-00001090_de-DE_en-GB.xml\untranslated,7/27/2026,7/30/2026,7/31/2026,Technical Communication,,Hme,
"TLF FRITZ!Box 5630 DE.docx,778,,NGO,EN,Susan/John,,LS-Tracker,""Z:\Produkte\Texte Web, Marketing, etc\deutsch\2026.07"",7/27/2026,7/27/2026,7/31/2026,Corporate Communications,geliefert,Hme,"
translations--myfosp1--2026-07-27_de.po,1915,,MSE,EN,Susan,,LS-Tracker,Z:\Produkte\F!Box allgemein\GUI-JS3\<Sprache>\2026.07,7/27/2026,8/6/2026,8/7/2026,User Interface & Clients,geliefert,Lbo,
translations--myfosp1--2026-07-27_de.po,1915,,MSE,IT,Laura,,LS-Tracker,Z:\Produkte\F!Box allgemein\GUI-JS3\<Sprache>\2026.07,7/27/2026,8/6/2026,8/7/2026,User Interface & Clients,geliefert,Lbo,
translations--myfosp1--2026-07-27_de.po,1915,,MSE,NL,Angelique,,LS-Tracker,Z:\Produkte\F!Box allgemein\GUI-JS3\<Sprache>\2026.07,7/27/2026,8/6/2026,8/7/2026,User Interface & Clients,geliefert,Lbo,
translations--myfosp1--2026-07-27_de.po,1915,,MSE,ES,Alba,,LS-Tracker,Z:\Produkte\F!Box allgemein\GUI-JS3\<Sprache>\2026.07,7/27/2026,8/6/2026,8/7/2026,User Interface & Clients,geliefert,Lbo,
translations--myfosp1--2026-07-27_de.po,1915,,MSE,FR,Marie,,LS-Tracker,Z:\Produkte\F!Box allgemein\GUI-JS3\<Sprache>\2026.07,7/27/2026,8/6/2026,8/7/2026,User Interface & Clients,geliefert,Lbo,
Delta_2026-05-18_to_2026-07-27.po,1909,,MSE,PL,Christoph,,LS-Tracker,Z:\Produkte\F!Box allgemein\GUI-JS3\<Sprache>\2026.07,7/27/2026,8/6/2026,8/7/2026,User Interface & Clients,geliefert,Lbo,
Delta_2026-05-18_to_2026-07-27.po,1909,,MSE,SL,Yabylon,,LS-Tracker,Z:\Produkte\F!Box allgemein\GUI-JS3\<Sprache>\2026.07,7/27/2026,8/6/2026,8/7/2026,User Interface & Clients,geliefert,Lbo,
FappSH_20260727-de.xml,7724,,NRi,DE,Franziska,,jazz,Z:\Produkte\F!Apps\FappSmartHome\GUI\Android\deutsch\2026.07,7/27/2026,7/31/2026,7/31/2026,User Interface & Clients,geliefert,FSc,
FappSH_20260727-de.xml,7724,,NRi,EN,Susan,,jazz,Z:\Produkte\F!Apps\FappSmartHome\GUI\Android\deutsch\2026.07,7/27/2026,7/31/2026,7/31/2026,User Interface & Clients,geliefert,FSc,
FappSH_20260727-de.xml,7724,,NRi,EN,John,Lisa,jazz,Z:\Produkte\F!Apps\FappSmartHome\GUI\Android\deutsch\2026.07,7/27/2026,7/31/2026,7/31/2026,User Interface & Clients,geliefert,FSc,
FappSH_20260727-de.xml,7724,,NRi,Es,Alba,Helena,jazz,Z:\Produkte\F!Apps\FappSmartHome\GUI\Android\deutsch\2026.07,7/27/2026,7/31/2026,7/31/2026,User Interface & Clients,geliefert,FSc,
FappSH_20260727-de.xml,7724,,NRi,Fr,Marie,,jazz,Z:\Produkte\F!Apps\FappSmartHome\GUI\Android\deutsch\2026.07,7/27/2026,7/31/2026,7/31/2026,User Interface & Clients,geliefert,FSc,
FappSH_20260727-de.xml,7724,,NRi,It,Laura,,jazz,Z:\Produkte\F!Apps\FappSmartHome\GUI\Android\deutsch\2026.07,7/27/2026,7/31/2026,7/31/2026,User Interface & Clients,geliefert,FSc,
FappSH_20260727-de.xml,7724,,NRi,Nl,Angelique,,jazz,Z:\Produkte\F!Apps\FappSmartHome\GUI\Android\deutsch\2026.07,7/27/2026,7/31/2026,7/31/2026,User Interface & Clients,geliefert,FSc,
FappSH_20260727-de.xml,7724,,NRi,Pl,Yabylon,,jazz,Z:\Produkte\F!Apps\FappSmartHome\GUI\Android\deutsch\2026.07,7/27/2026,7/31/2026,7/31/2026,User Interface & Clients,geliefert,FSc,
FappSH_20260727-de.xml,7724,,NRi,SL,Yabylon,,jazz,Z:\Produkte\F!Apps\FappSmartHome\GUI\Android\deutsch\2026.07,7/27/2026,7/31/2026,7/31/2026,User Interface & Clients,geliefert,FSc,
"weitere Ergänzungen zum Labor 8.40 Verbesserungen & Probleme,181,,FGT,EN,Susa/John,,LS-Tracker,""Z:\Produkte\Texte Web, Marketing, etc\deutsch\2026.07"",7/27/2026,7/28/2026,7/31/2026,Corporate Communications,geliefert,HME,"
angular-commons_de.json,234,,MxG,EN,Susan,,jazz,Z:\Produkte\F!Apps\FappSmartHome\GUI\Android\deutsch\2026.07,7/27/2026,8/5/2026,8/6/2026,IT,geliefert,FSc,
angular-commons_de.json,234,,MxG,Es,Alba,Helena,jazz,Z:\Produkte\F!Apps\FappSmartHome\GUI\Android\deutsch\2026.07,7/27/2026,8/5/2026,8/6/2026,IT,geliefert,FSc,
angular-commons_de.json,234,,MxG,Fr,Marie,,jazz,Z:\Produkte\F!Apps\FappSmartHome\GUI\Android\deutsch\2026.07,7/27/2026,8/5/2026,8/6/2026,IT,geliefert,FSc,
angular-commons_de.json,234,,MxG,It,Laura,,jazz,Z:\Produkte\F!Apps\FappSmartHome\GUI\Android\deutsch\2026.07,7/27/2026,8/5/2026,8/6/2026,IT,geliefert,FSc,
angular-commons_de.json,234,,MxG,Nl,Angelique,,jazz,Z:\Produkte\F!Apps\FappSmartHome\GUI\Android\deutsch\2026.07,7/27/2026,8/5/2026,8/6/2026,IT,geliefert,FSc,
box-discovery_about_de.properties,345,,MxG,EN,Susan,,jazz,Z:\Produkte\F!Apps\FappSmartHome\GUI\Android\deutsch\2026.07,7/27/2026,8/5/2026,8/6/2026,IT,geliefert,FSc,
box-discovery_about_de.properties,345,,MxG,Es,Maria,Helena,jazz,Z:\Produkte\F!Apps\FappSmartHome\GUI\Android\deutsch\2026.07,7/27/2026,8/5/2026,8/6/2026,IT,geliefert,FSc,
box-discovery_about_de.properties,345,,MxG,Fr,Marie,,jazz,Z:\Produkte\F!Apps\FappSmartHome\GUI\Android\deutsch\2026.07,7/27/2026,8/5/2026,8/6/2026,IT,geliefert,FSc,
box-discovery_about_de.properties,345,,MxG,It,Laura,,jazz,Z:\Produkte\F!Apps\FappSmartHome\GUI\Android\deutsch\2026.07,7/27/2026,8/5/2026,8/6/2026,IT,geliefert,FSc,
box-discovery_about_de.properties,345,,MxG,Nl,Angelique,,jazz,Z:\Produkte\F!Apps\FappSmartHome\GUI\Android\deutsch\2026.07,7/27/2026,8/5/2026,8/6/2026,IT,geliefert,FSc,
box-discovery_unsubscribe_de.properties,528,,MxG,EN,Susan,,jazz,Z:\Produkte\F!Apps\FappSmartHome\GUI\Android\deutsch\2026.07,7/27/2026,8/5/2026,8/6/2026,IT,geliefert,FSc,
box-discovery_unsubscribe_de.properties,528,,MxG,Es,Maria,Helena,jazz,Z:\Produkte\F!Apps\FappSmartHome\GUI\Android\deutsch\2026.07,7/27/2026,8/5/2026,8/6/2026,IT,geliefert,FSc,
box-discovery_unsubscribe_de.properties,528,,MxG,Fr,Marie,,jazz,Z:\Produkte\F!Apps\FappSmartHome\GUI\Android\deutsch\2026.07,7/27/2026,8/5/2026,8/6/2026,IT,geliefert,FSc,
box-discovery_unsubscribe_de.properties,528,,MxG,It,Laura,,jazz,Z:\Produkte\F!Apps\FappSmartHome\GUI\Android\deutsch\2026.07,7/27/2026,8/5/2026,8/6/2026,IT,geliefert,FSc,
box-discovery_unsubscribe_de.properties,528,,MxG,Nl,Angelique,,jazz,Z:\Produkte\F!Apps\FappSmartHome\GUI\Android\deutsch\2026.07,7/27/2026,8/5/2026,8/6/2026,IT,geliefert,FSc,
box-management_box-confirm_box_de.properties,444,,MxG,EN,Susan,,jazz,Z:\Produkte\F!Apps\FappSmartHome\GUI\Android\deutsch\2026.07,7/27/2026,8/5/2026,8/6/2026,IT,geliefert,FSc,
box-management_box-confirm_box_de.properties,444,,MxG,Es,Maria,Helena,jazz,Z:\Produkte\F!Apps\FappSmartHome\GUI\Android\deutsch\2026.07,7/27/2026,8/5/2026,8/6/2026,IT,geliefert,FSc,
box-management_box-confirm_box_de.properties,444,,MxG,Fr,Marie,,jazz,Z:\Produkte\F!Apps\FappSmartHome\GUI\Android\deutsch\2026.07,7/27/2026,8/5/2026,8/6/2026,IT,geliefert,FSc,
box-management_box-confirm_box_de.properties,444,,MxG,It,Laura,,jazz,Z:\Produkte\F!Apps\FappSmartHome\GUI\Android\deutsch\2026.07,7/27/2026,8/5/2026,8/6/2026,IT,geliefert,FSc,
box-management_box-confirm_box_de.properties,444,,MxG,Nl,Angelique,,jazz,Z:\Produkte\F!Apps\FappSmartHome\GUI\Android\deutsch\2026.07,7/27/2026,8/5/2026,8/6/2026,IT,geliefert,FSc,
box-management_box-confirm_repeater_de.properties,454,,MxG,Fr,Marie,,jazz,Z:\Produkte\F!Apps\FappSmartHome\GUI\Android\deutsch\2026.07,7/27/2026,8/5/2026,8/6/2026,IT,geliefert,FSc,
box-management_box-confirm_repeater_de.properties,454,,MxG,It,Laura,,jazz,Z:\Produkte\F!Apps\FappSmartHome\GUI\Android\deutsch\2026.07,7/27/2026,8/5/2026,8/6/2026,IT,geliefert,FSc,
box-management_box-confirm_repeater_de.properties,454,,MxG,Nl,Angelique,,jazz,Z:\Produkte\F!Apps\FappSmartHome\GUI\Android\deutsch\2026.07,7/27/2026,8/5/2026,8/6/2026,IT,geliefert,FSc,
box-management_global_de.properties,65,,MxG,EN,Susan,,jazz,Z:\Produkte\F!Apps\FappSmartHome\GUI\Android\deutsch\2026.07,7/27/2026,8/5/2026,8/6/2026,IT,geliefert,FSc,
box-management_global_de.properties,65,,MxG,Es,Maria,Helena,jazz,Z:\Produkte\F!Apps\FappSmartHome\GUI\Android\deutsch\2026.07,7/27/2026,8/5/2026,8/6/2026,IT,geliefert,FSc,
box-management_global_de.properties,65,,MxG,Fr,Marie,,jazz,Z:\Produkte\F!Apps\FappSmartHome\GUI\Android\deutsch\2026.07,7/27/2026,8/5/2026,8/6/2026,IT,geliefert,FSc,
box-management_global_de.properties,65,,MxG,It,Laura,,jazz,Z:\Produkte\F!Apps\FappSmartHome\GUI\Android\deutsch\2026.07,7/27/2026,8/5/2026,8/6/2026,IT,geliefert,FSc,
box-management_global_de.properties,65,,MxG,Nl,Angelique,,jazz,Z:\Produkte\F!Apps\FappSmartHome\GUI\Android\deutsch\2026.07,7/27/2026,8/5/2026,8/6/2026,IT,geliefert,FSc,
cloud-mailing_access-link-delivery_tv1_box_de.properties,118,,MxG,EN,Susan,,jazz,Z:\Produkte\F!Apps\FappSmartHome\GUI\Android\deutsch\2026.07,7/27/2026,8/5/2026,8/6/2026,IT,geliefert,FSc,
cloud-mailing_access-link-delivery_tv1_box_de.properties,118,,MxG,Es,Maria,Helena,jazz,Z:\Produkte\F!Apps\FappSmartHome\GUI\Android\deutsch\2026.07,7/27/2026,8/5/2026,8/6/2026,IT,geliefert,FSc,
cloud-mailing_access-link-delivery_tv1_box_de.properties,118,,MxG,Fr,Marie,,jazz,Z:\Produkte\F!Apps\FappSmartHome\GUI\Android\deutsch\2026.07,7/27/2026,8/5/2026,8/6/2026,IT,geliefert,FSc,
cloud-mailing_access-link-delivery_tv1_box_de.properties,118,,MxG,It,Laura,,jazz,Z:\Produkte\F!Apps\FappSmartHome\GUI\Android\deutsch\2026.07,7/27/2026,8/5/2026,8/6/2026,IT,geliefert,FSc,
cloud-mailing_access-link-delivery_tv1_box_de.properties,118,,MxG,Nl,Angelique,,jazz,Z:\Produkte\F!Apps\FappSmartHome\GUI\Android\deutsch\2026.07,7/27/2026,8/5/2026,8/6/2026,IT,geliefert,FSc,
cloud-mailing_access-link-delivery_tv1_repeater_de.properties,118,,MxG,EN,Susan,,jazz,Z:\Produkte\F!Apps\FappSmartHome\GUI\Android\deutsch\2026.07,7/27/2026,8/5/2026,8/6/2026,IT,geliefert,FSc,
cloud-mailing_access-link-delivery_tv1_repeater_de.properties,118,,MxG,Es,Maria,Helena,jazz,Z:\Produkte\F!Apps\FappSmartHome\GUI\Android\deutsch\2026.07,7/27/2026,8/5/2026,8/6/2026,IT,geliefert,FSc,
cloud-mailing_access-link-delivery_tv1_repeater_de.properties,118,,MxG,Fr,Marie,,jazz,Z:\Produkte\F!Apps\FappSmartHome\GUI\Android\deutsch\2026.07,7/27/2026,8/5/2026,8/6/2026,IT,geliefert,FSc,
cloud-mailing_access-link-delivery_tv1_repeater_de.properties,118,,MxG,It,Laura,,jazz,Z:\Produkte\F!Apps\FappSmartHome\GUI\Android\deutsch\2026.07,7/27/2026,8/5/2026,8/6/2026,IT,geliefert,FSc,
cloud-mailing_access-link-delivery_tv1_repeater_de.properties,118,,MxG,Nl,Angelique,,jazz,Z:\Produkte\F!Apps\FappSmartHome\GUI\Android\deutsch\2026.07,7/27/2026,8/5/2026,8/6/2026,IT,geliefert,FSc,
box-management_box-confirm_repeater_de.properties,454,,MxG,EN,Susan,,jazz,Z:\Produkte\F!Apps\FappSmartHome\GUI\Android\deutsch\2026.07,7/28/2026,8/5/2026,8/6/2026,IT,geliefert,FSc,
box-discovery_webapp_de.json,3623,,MxG,EN,Susan,,jazz,Z:\Produkte\F!Apps\FappSmartHome\GUI\Android\deutsch\2026.07,7/28/2026,8/5/2026,8/6/2026,IT,geliefert,FSc,
box-discovery_webapp_de.json,3623,,MxG,Es,Maria,Helena,jazz,Z:\Produkte\F!Apps\FappSmartHome\GUI\Android\deutsch\2026.07,7/28/2026,8/5/2026,8/6/2026,IT,geliefert,FSc,
box-discovery_webapp_de.json,3623,,MxG,Fr,Marie,,jazz,Z:\Produkte\F!Apps\FappSmartHome\GUI\Android\deutsch\2026.07,7/28/2026,8/5/2026,8/6/2026,IT,geliefert,FSc,
box-discovery_webapp_de.json,3623,,MxG,It,Laura,,jazz,Z:\Produkte\F!Apps\FappSmartHome\GUI\Android\deutsch\2026.07,7/28/2026,8/5/2026,8/6/2026,IT,geliefert,FSc,
box-discovery_webapp_de.json,3623,,MxG,Nl,Angelique,,jazz,Z:\Produkte\F!Apps\FappSmartHome\GUI\Android\deutsch\2026.07,7/28/2026,8/5/2026,8/6/2026,IT,geliefert,FSc,
2026-07-28T15-06-05_PM-History-Texts.xml,806,,TJa,DE,Franziska,,LS-Tracker,Z:\Produkte\F!Box allgemein\Info.txt\Release\MyFRITZOSp1\2026.07,7/28/2026,8/28/2026,7/28/2026,Product Management,geliefert,FSc,
2026-07-28T16-31-02_PM-History-Texts_korr-de.xml,810,,TJa,EN,Susan,,LS-Tracker,Z:\Produkte\F!Box allgemein\Info.txt\Release\MyFRITZOSp1\2026.07,7/28/2026,7/28/2026,7/28/2026,Product Management,geliefert,FSc,
FappSettings_20260728-de.xliff,,30,KNu,DE,Franziska,,jazz,Z:\Produkte\F!Apps\Apps_allgemein\Settings\Deutsch\2026.07,7/28/2026,7/29/2026,7/29/2026,User Interface & Clients,geliefert,FSc,
box-management_box-confirm_repeater_de.properties,454,,MxG,Es,Maria,Helena,jazz,Z:\Produkte\F!Apps\FappSmartHome\GUI\Android\deutsch\2026.07,7/29/2026,8/5/2026,8/6/2026,IT,geliefert,FSc,
"5362_es-ES_neues_fritz_labor_macht_fritzbox_5690_pro_zur_matter_bridge_20260729-055634,305,,Jwg,ES,Alba,Helena,LS-Tracker,""Z:\Produkte\Texte Web, Marketing, etc\deutsch\2026.07"",7/29/2026,8/5/2026,8/5/2026,Channel Sales,geliefert,Hme,"
"5363_nl-NL_neues_fritz_labor_macht_fritzbox_5690_pro_zur_matter_bridge_20260729-055629,305,,Jwg,NL,Angelique,,LS-Tracker,""Z:\Produkte\Texte Web, Marketing, etc\deutsch\2026.07"",7/29/2026,8/5/2026,8/5/2026,Channel Sales,geliefert,Hme,"
"5364_it-IT_neues_fritz_labor_macht_fritzbox_5690_pro_zur_matter_bridge_20260729-055619,305,,Jwg,IT,Cristina,Laura,LS-Tracker,""Z:\Produkte\Texte Web, Marketing, etc\deutsch\2026.07"",7/29/2026,8/5/2026,8/5/2026,Channel Sales,geliefert,Hme,"
"27072026_IEF_Routerrisiko_LT2.pdf,,240 Min,KTe,DE,Franziska,,LS-Tracker,""Z:\Produkte\Texte Web, Marketing, etc\deutsch\2026.07"",7/29/2026,7/31/2026,7/31/2026,Corporate Communications,geliefert,FSc,"
"PI_5630-de.docx,524,15,NGo,DE,Franziska,,LS-Tracker,""Z:\Produkte\Texte Web, Marketing, etc\deutsch\2026.07"",7/29/2026,7/30/2026,7/31/2026,Corporate Communications,geliefert,FSc,"
"PI_5630-de.docx,524,,NGo,EN,Susan/John,,LS-Tracker,""Z:\Produkte\Texte Web, Marketing, etc\deutsch\2026.07"",7/29/2026,7/30/2026,7/31/2026,Corporate Communications,geliefert,Hme,"
PSP_Fons.docx,28,,TPO,EN,John,,LS-Tracker,Z:\Produkte\FRITZ!com\2026.07\KW 31,7/29/2026,7/31/2026,7/31/2026,Technical Communication,geliefert,Lbo,
PSP_Fons.docx,28,,TPO,ES,Alba,,LS-Tracker,Z:\Produkte\FRITZ!com\2026.07\KW 31,7/29/2026,7/31/2026,7/31/2026,Technical Communication,geliefert,Lbo,
PSP_Fons.docx,28,,TPO,FR,Marie,,LS-Tracker,Z:\Produkte\FRITZ!com\2026.07\KW 31,7/29/2026,7/31/2026,7/31/2026,Technical Communication,geliefert,Lbo,
PSP_Fons.docx,28,,TPO,IT,Laura,,LS-Tracker,Z:\Produkte\FRITZ!com\2026.07\KW 31,7/29/2026,7/31/2026,7/31/2026,Technical Communication,geliefert,Lbo,
PSP_Fons.docx,28,,TPO,NL,Angelique,,LS-Tracker,Z:\Produkte\FRITZ!com\2026.07\KW 31,7/29/2026,7/31/2026,7/31/2026,Technical Communication,geliefert,Lbo,
Support-Hinweis.docx,28,,TPO,EN,John,,LS-Tracker,Z:\Produkte\FRITZ!com\2026.07\KW 31,7/29/2026,8/5/2026,8/5/2026,Technical Communication,geliefert,Lbo,
Support-Hinweis.docx,28,,TPO,ES,Alba,,LS-Tracker,Z:\Produkte\FRITZ!com\2026.07\KW 31,7/29/2026,8/5/2026,8/5/2026,Technical Communication,geliefert,Lbo,
Support-Hinweis.docx,28,,TPO,FR,Martine,,LS-Tracker,Z:\Produkte\FRITZ!com\2026.07\KW 31,7/29/2026,8/5/2026,8/5/2026,Technical Communication,geliefert,Lbo,
Support-Hinweis.docx,28,,TPO,IT,Laura,,LS-Tracker,Z:\Produkte\FRITZ!com\2026.07\KW 31,7/29/2026,8/5/2026,8/5/2026,Technical Communication,geliefert,Lbo,
Support-Hinweis.docx,28,,TPO,NL,Angelique,,LS-Tracker,Z:\Produkte\FRITZ!com\2026.07\KW 31,7/29/2026,8/5/2026,8/5/2026,Technical Communication,geliefert,Lbo,
Kontaktinformationen-translations-[Sprache]-SHOP_POLICY.json,46,,TPO,EN,Susan,,LS-Tracker,Z:\Produkte\FRITZ!com\2026.07\KW 31,7/29/2026,8/5/2026,8/5/2026,Technical Communication,importiert,Lbo,
Kontaktinformationen-translations-[Sprache]-SHOP_POLICY.json,46,,TPO,ES,Alba,,LS-Tracker,Z:\Produkte\FRITZ!com\2026.07\KW 31,7/29/2026,8/5/2026,8/5/2026,Technical Communication,importiert,Lbo,
Kontaktinformationen-translations-[Sprache]-SHOP_POLICY.json,46,,TPO,FR,Martine,,LS-Tracker,Z:\Produkte\FRITZ!com\2026.07\KW 31,7/29/2026,8/5/2026,8/5/2026,Technical Communication,importiert,Lbo,
Kontaktinformationen-translations-[Sprache]-SHOP_POLICY.json,46,,TPO,IT,Laura,,LS-Tracker,Z:\Produkte\FRITZ!com\2026.07\KW 31,7/29/2026,8/5/2026,8/5/2026,Technical Communication,importiert,Lbo,
Kontaktinformationen-translations-[Sprache]-SHOP_POLICY.json,46,,TPO,NL,Angelique,,LS-Tracker,Z:\Produkte\FRITZ!com\2026.07\KW 31,7/29/2026,8/5/2026,8/5/2026,Technical Communication,importiert,Lbo,
" Änderungen Zusatzinfos zu F!OS 8.40,142,,FGT,EN,Susan/John,,LS-Tracker,""Z:\Produkte\Texte Web, Marketing, etc\deutsch\2026.07"",7/30/2026,7/30/2026,8/4/2026,Corporate Communications,,Hme,"
"5372_it-IT_reparatur_service_20260730-110116,247,,AGI,IT,Cristina,Laura,LS-Tracker,""Z:\Produkte\Texte Web, Marketing, etc\deutsch\2026.07"",7/30/2026,8/7/2026,8/7/2026,Channel Sales,geliefert,Hme,"
"5371_nl-NL_reparatur_service_20260730-110327,247,,AGI,NL,Angelique,,LS-Tracker,""Z:\Produkte\Texte Web, Marketing, etc\deutsch\2026.07"",7/30/2026,8/7/2026,8/7/2026,Channel Sales,geliefert,Hme,"
"5374_es-ES_reparatur_service_20260730-110315,247,,AGI,ES,Alba,Helena,LS-Tracker,""Z:\Produkte\Texte Web, Marketing, etc\deutsch\2026.07"",7/30/2026,8/7/2026,8/7/2026,Channel Sales,geliefert,Hme,"
FappSettings_20260730_de-<Zielsprachkürzel>.xliff,1367,,KNu,EN,John,,jazz,Z:\Produkte\F!Apps\Apps_allgemein\Settings\<Zielsprache>\2026.07,7/30/2026,8/3/2026,8/4/2026,User Interface & Clients,geliefert,FSc,
FappSettings_20260730_de-<Zielsprachkürzel>.xliff,1367,,KNu,Es,Helena,,jazz,Z:\Produkte\F!Apps\Apps_allgemein\Settings\<Zielsprache>\2026.07,7/30/2026,8/3/2026,8/4/2026,User Interface & Clients,geliefert,FSc,
FappSettings_20260730_de-<Zielsprachkürzel>.xliff,1367,,KNu,Fr,Marie,,jazz,Z:\Produkte\F!Apps\Apps_allgemein\Settings\<Zielsprache>\2026.07,7/30/2026,8/3/2026,8/4/2026,User Interface & Clients,geliefert,FSc,
FappSettings_20260730_de-<Zielsprachkürzel>.xliff,1367,,KNu,It,Laura,,jazz,Z:\Produkte\F!Apps\Apps_allgemein\Settings\<Zielsprache>\2026.07,7/30/2026,8/3/2026,8/4/2026,User Interface & Clients,geliefert,FSc,
FappSettings_20260730_de-<Zielsprachkürzel>.xliff,1367,,KNu,Nl,Angelique,,jazz,Z:\Produkte\F!Apps\Apps_allgemein\Settings\<Zielsprache>\2026.07,7/30/2026,8/3/2026,8/4/2026,User Interface & Clients,geliefert,FSc,
FappSettings_20260730_de-<Zielsprachkürzel>.xliff,1367,,KNu,Pl,Yabylon,,jazz,Z:\Produkte\F!Apps\Apps_allgemein\Settings\<Zielsprache>\2026.07,7/30/2026,8/3/2026,8/4/2026,User Interface & Clients,geliefert,FSc,
FappSettings_20260730_de-<Zielsprachkürzel>.xliff,1367,,KNu,SL,Yabylon,,jazz,Z:\Produkte\F!Apps\Apps_allgemein\Settings\<Zielsprache>\2026.07,7/30/2026,8/3/2026,8/4/2026,User Interface & Clients,geliefert,FSc,
KW34_Back2Work_Uni_Deals translation - ITA.docx,308,,JFI,IT,Cristina,Laura,LS-Tracker,Z:\Produkte\D2C\<Sprache>\2026.07,7/30/2026,8/11/2026,8/11/2026,D2C Ecommerce,geliefert,Lbo,
KW34_Back2Work_Uni_Deals translation.docx,476,,JFI,ES,Alba,Helena,LS-Tracker,Z:\Produkte\D2C\<Sprache>\2026.08,7/30/2026,8/11/2026,8/11/2026,D2C Ecommerce,geliefert,Lbo,
KW34_Back2Work_Uni_Deals translation.docx,476,,JFI,NL,Angelique,,LS-Tracker,Z:\Produkte\D2C\<Sprache>\2026.09,7/30/2026,8/11/2026,8/11/2026,D2C Ecommerce,geliefert,Lbo,
"Netzwerkupgrade-de.docx,330,,JFI,IT,Cristina,Laura,LS-Tracker,""Z:\Produkte\Texte Web, Marketing, etc\deutsch\2026.08"",7/30/2026,8/5/2026,8/6/2026,D2C Ecommerce,geliefert,Hme,"
"Netzwerkupgrade-de.docx,330,,JFI,NL,Angelique,,LS-Tracker,""Z:\Produkte\Texte Web, Marketing, etc\deutsch\2026.08"",7/30/2026,8/5/2026,8/6/2026,D2C Ecommerce,geliefert,Hme,"
"Netzwerkupgrade-de.docx,330,,JFI,ES,Alba,Helena,LS-Tracker,""Z:\Produkte\Texte Web, Marketing, etc\deutsch\2026.08"",7/30/2026,8/5/2026,8/6/2026,D2C Ecommerce,geliefert,Hme,"
Gaming_Flight-translations-[Sprache]-COLLECTION.json,8,,KGO,EN,John,Susan,LS-Tracker,Z:\Produkte\FRITZ!com\2026.07\KW 31,7/30/2026,8/6/2026,8/6/2026,D2C Ecommerce,geliefert,Lbo,
Gaming_Flight-translations-[Sprache]-ONLINE_STORE_THEME.json,288,,KGO,EN,John,Susan,LS-Tracker,Z:\Produkte\FRITZ!com\2026.07\KW 31,7/30/2026,8/6/2026,8/6/2026,D2C Ecommerce,geliefert,Lbo,
Gaming_Flight-translations-[Sprache]-COLLECTION.json,8,,KGO,ES,Alba,,LS-Tracker,Z:\Produkte\FRITZ!com\2026.07\KW 31,7/30/2026,8/6/2026,8/6/2026,D2C Ecommerce,geliefert,Lbo,
Gaming_Flight-translations-[Sprache]-ONLINE_STORE_THEME.json,290,,KGO,ES,Alba,,LS-Tracker,Z:\Produkte\FRITZ!com\2026.07\KW 31,7/30/2026,8/6/2026,8/6/2026,D2C Ecommerce,geliefert,Lbo,
Gaming_Flight-translations-[Sprache]-COLLECTION.json,8,,KGO,FR,Martine,,LS-Tracker,Z:\Produkte\FRITZ!com\2026.07\KW 31,7/30/2026,8/6/2026,8/6/2026,D2C Ecommerce,geliefert,Lbo,
Gaming_Flight-translations-[Sprache]-ONLINE_STORE_THEME.json,290,,KGO,FR,Martine,,LS-Tracker,Z:\Produkte\FRITZ!com\2026.07\KW 31,7/30/2026,8/6/2026,8/6/2026,D2C Ecommerce,geliefert,Lbo,
Gaming_Flight-translations-[Sprache]-COLLECTION.json,8,,KGO,IT,Laura,,LS-Tracker,Z:\Produkte\FRITZ!com\2026.07\KW 31,7/30/2026,8/6/2026,8/6/2026,D2C Ecommerce,geliefert,Lbo,
Gaming_Flight-translations-[Sprache]-ONLINE_STORE_THEME.json,290,,KGO,IT,Laura,,LS-Tracker,Z:\Produkte\FRITZ!com\2026.07\KW 31,7/30/2026,8/6/2026,8/6/2026,D2C Ecommerce,geliefert,Lbo,
Gaming_Flight-translations-[Sprache]-COLLECTION.json,8,,KGO,NL,Angelique,,LS-Tracker,Z:\Produkte\FRITZ!com\2026.07\KW 31,7/30/2026,8/6/2026,8/6/2026,D2C Ecommerce,geliefert,Lbo,
Gaming_Flight-translations-[Sprache]-ONLINE_STORE_THEME.json,290,,KGO,NL,Angelique,,LS-Tracker,Z:\Produkte\FRITZ!com\2026.07\KW 31,7/30/2026,8/6/2026,8/6/2026,D2C Ecommerce,geliefert,Lbo,
2027-07-30_Q3 Gaming Flight_Bannertexte fuer Übersetzungen.docx,17,,KGO,ES,Alba,,LS-Tracker,Z:\Produkte\D2C\<Sprache>\2026.07,7/30/2026,8/6/2026,8/6/2026,D2C Ecommerce,geliefert,Lbo,
2027-07-30_Q3 Gaming Flight_Bannertexte fuer Übersetzungen.docx,17,,KGO,FR,Martine,,LS-Tracker,Z:\Produkte\D2C\<Sprache>\2026.07,7/30/2026,8/6/2026,8/6/2026,D2C Ecommerce,geliefert,Lbo,
2027-07-30_Q3 Gaming Flight_Bannertexte fuer Übersetzungen.docx,17,,KGO,IT,Laura,,LS-Tracker,Z:\Produkte\D2C\<Sprache>\2026.07,7/30/2026,8/6/2026,8/6/2026,D2C Ecommerce,geliefert,Lbo,
2027-07-30_Q3 Gaming Flight_Bannertexte fuer Übersetzungen.docx,17,,KGO,NL,Angelique,,LS-Tracker,Z:\Produkte\D2C\<Sprache>\2026.07,7/30/2026,8/6/2026,8/6/2026,D2C Ecommerce,geliefert,Lbo,
2026-07-30_Q3_Gaming Kampagne_LP_Amazon_Texte_Final.docx,175,,KGO,ES,Alba,,LS-Tracker,Z:\Produkte\D2C\<Sprache>\2026.07,7/30/2026,8/6/2026,8/6/2026,D2C Ecommerce,geliefert,Lbo,
2026-07-30_Q3_Gaming Kampagne_LP_Amazon_Texte_Final.docx,175,,KGO,FR,Martine,,LS-Tracker,Z:\Produkte\D2C\<Sprache>\2026.07,7/30/2026,8/6/2026,8/6/2026,D2C Ecommerce,geliefert,Lbo,
2026-07-30_Q3_Gaming Kampagne_LP_Amazon_Texte_Final.docx,175,,KGO,IT,Laura,,LS-Tracker,Z:\Produkte\D2C\<Sprache>\2026.07,7/30/2026,8/6/2026,8/6/2026,D2C Ecommerce,geliefert,Lbo,
2026-07-30_Q3_Gaming Kampagne_LP_Amazon_Texte_Final.docx,175,,KGO,NL,Angelique,,LS-Tracker,Z:\Produkte\D2C\<Sprache>\2026.07,7/30/2026,8/6/2026,8/6/2026,D2C Ecommerce,geliefert,Lbo,
cloud-mailing_confirmation_tv1_de.properties,130,,MxG,EN,Susan,,jazz,Z:\Produkte\MyFRITZ\deutsch\2026.04\SieDu-1\Du,7/31/2026,8/7/2026,8/7/2026,IT,ausgecheckt,FSc,
cloud-mailing_confirmation_tv1_de.properties,130,,MxG,Es,Maria,Helena,jazz,Z:\Produkte\MyFRITZ\deutsch\2026.04\SieDu-1\Du,7/31/2026,8/7/2026,8/7/2026,IT,ausgecheckt,FSc,
cloud-mailing_confirmation_tv1_de.properties,130,,MxG,Fr,Martine,,jazz,Z:\Produkte\MyFRITZ\deutsch\2026.04\SieDu-1\Du,7/31/2026,8/7/2026,8/7/2026,IT,ausgecheckt,FSc,
cloud-mailing_confirmation_tv1_de.properties,130,,MxG,It,Laura,,jazz,Z:\Produkte\MyFRITZ\deutsch\2026.04\SieDu-1\Du,7/31/2026,8/7/2026,8/7/2026,IT,ausgecheckt,FSc,
cloud-mailing_confirmation_tv1_de.properties,130,,MxG,Nl,Angelique,,jazz,Z:\Produkte\MyFRITZ\deutsch\2026.04\SieDu-1\Du,7/31/2026,8/7/2026,8/7/2026,IT,ausgecheckt,FSc,
cloud-mailing_confirmation_tv2_box_de.properties,151,,MxG,EN,Susan,,jazz,Z:\Produkte\MyFRITZ\deutsch\2026.04\SieDu-1\Du,7/31/2026,8/7/2026,8/7/2026,IT,ausgecheckt,FSc,
cloud-mailing_confirmation_tv2_box_de.properties,151,,MxG,Es,Maria,Helena,jazz,Z:\Produkte\MyFRITZ\deutsch\2026.04\SieDu-1\Du,7/31/2026,8/7/2026,8/7/2026,IT,Ü-fertig,FSc,
cloud-mailing_confirmation_tv2_box_de.properties,151,,MxG,Fr,Martine,,jazz,Z:\Produkte\MyFRITZ\deutsch\2026.04\SieDu-1\Du,7/31/2026,8/7/2026,8/7/2026,IT,Ü-fertig,FSc,
cloud-mailing_confirmation_tv2_box_de.properties,151,,MxG,It,Laura,,jazz,Z:\Produkte\MyFRITZ\deutsch\2026.04\SieDu-1\Du,7/31/2026,8/7/2026,8/7/2026,IT,Ü-fertig,FSc,
cloud-mailing_confirmation_tv2_box_de.properties,151,,MxG,Nl,Angelique,,jazz,Z:\Produkte\MyFRITZ\deutsch\2026.04\SieDu-1\Du,7/31/2026,8/7/2026,8/7/2026,IT,Ü-fertig,FSc,
cloud-mailing_confirmation_tv2_repeater_de.properties,187,,MxG,EN,Susan,,jazz,Z:\Produkte\MyFRITZ\deutsch\2026.04\SieDu-1\Du,7/31/2026,8/7/2026,8/7/2026,IT,ausgecheckt,FSc,
cloud-mailing_confirmation_tv2_repeater_de.properties,187,,MxG,Es,Maria,Helena,jazz,Z:\Produkte\MyFRITZ\deutsch\2026.04\SieDu-1\Du,7/31/2026,8/7/2026,8/7/2026,IT,Ü-fertig,FSc,
cloud-mailing_confirmation_tv2_repeater_de.properties,187,,MxG,Fr,Martine,,jazz,Z:\Produkte\MyFRITZ\deutsch\2026.04\SieDu-1\Du,7/31/2026,8/7/2026,8/7/2026,IT,Ü-fertig,FSc,
cloud-mailing_confirmation_tv2_repeater_de.properties,187,,MxG,It,Laura,,jazz,Z:\Produkte\MyFRITZ\deutsch\2026.04\SieDu-1\Du,7/31/2026,8/7/2026,8/7/2026,IT,Ü-fertig,FSc,
cloud-mailing_confirmation_tv2_repeater_de.properties,187,,MxG,Nl,Angelique,,jazz,Z:\Produkte\MyFRITZ\deutsch\2026.04\SieDu-1\Du,7/31/2026,8/7/2026,8/7/2026,IT,Ü-fertig,FSc,
cloud-mailing_confirmation-automatic_tv1_box_de.properties,83,,MxG,EN,Susan,,jazz,Z:\Produkte\MyFRITZ\deutsch\2026.04\SieDu-1\Du,7/31/2026,8/7/2026,8/7/2026,IT,ausgecheckt,FSc,
cloud-mailing_confirmation-automatic_tv1_box_de.properties,83,,MxG,Es,Maria,Helena,jazz,Z:\Produkte\MyFRITZ\deutsch\2026.04\SieDu-1\Du,7/31/2026,8/7/2026,8/7/2026,IT,Ü-fertig,FSc,
cloud-mailing_confirmation-automatic_tv1_box_de.properties,83,,MxG,Fr,Martine,,jazz,Z:\Produkte\MyFRITZ\deutsch\2026.04\SieDu-1\Du,7/31/2026,8/7/2026,8/7/2026,IT,Ü-fertig,FSc,
cloud-mailing_confirmation-automatic_tv1_box_de.properties,83,,MxG,It,Laura,,jazz,Z:\Produkte\MyFRITZ\deutsch\2026.04\SieDu-1\Du,7/31/2026,8/7/2026,8/7/2026,IT,Ü-fertig,FSc,
cloud-mailing_confirmation-automatic_tv1_box_de.properties,83,,MxG,Nl,Angelique,,jazz,Z:\Produkte\MyFRITZ\deutsch\2026.04\SieDu-1\Du,7/31/2026,8/7/2026,8/7/2026,IT,Ü-fertig,FSc,
cloud-mailing_confirmation-automatic_tv1_repeater_de.properties,83,,MxG,EN,Susan,,jazz,Z:\Produkte\MyFRITZ\deutsch\2026.04\SieDu-1\Du,7/31/2026,8/7/2026,8/7/2026,IT,ausgecheckt,FSc,
cloud-mailing_confirmation-automatic_tv1_repeater_de.properties,83,,MxG,Es,Maria,Helena,jazz,Z:\Produkte\MyFRITZ\deutsch\2026.04\SieDu-1\Du,7/31/2026,8/7/2026,8/7/2026,IT,Ü-fertig,FSc,
cloud-mailing_confirmation-automatic_tv1_repeater_de.properties,83,,MxG,Fr,Martine,,jazz,Z:\Produkte\MyFRITZ\deutsch\2026.04\SieDu-1\Du,7/31/2026,8/7/2026,8/7/2026,IT,Ü-fertig,FSc,
cloud-mailing_confirmation-automatic_tv1_repeater_de.properties,83,,MxG,It,Laura,,jazz,Z:\Produkte\MyFRITZ\deutsch\2026.04\SieDu-1\Du,7/31/2026,8/7/2026,8/7/2026,IT,Ü-fertig,FSc,
cloud-mailing_confirmation-automatic_tv1_repeater_de.properties,83,,MxG,Nl,Angelique,,jazz,Z:\Produkte\MyFRITZ\deutsch\2026.04\SieDu-1\Du,7/31/2026,8/7/2026,8/7/2026,IT,Ü-fertig,FSc,
cloud-mailing_confirmation-email-change_tv1_de.properties,125,,MxG,EN,Susan,,jazz,Z:\Produkte\MyFRITZ\deutsch\2026.04\SieDu-1\Du,7/31/2026,8/7/2026,8/7/2026,IT,ausgecheckt,FSc,
cloud-mailing_confirmation-email-change_tv1_de.properties,125,,MxG,Es,Maria,Helena,jazz,Z:\Produkte\MyFRITZ\deutsch\2026.04\SieDu-1\Du,7/31/2026,8/7/2026,8/7/2026,IT,Ü-fertig,FSc,
cloud-mailing_confirmation-email-change_tv1_de.properties,125,,MxG,Fr,Martine,,jazz,Z:\Produkte\MyFRITZ\deutsch\2026.04\SieDu-1\Du,7/31/2026,8/7/2026,8/7/2026,IT,Ü-fertig,FSc,
cloud-mailing_confirmation-email-change_tv1_de.properties,125,,MxG,It,Laura,,jazz,Z:\Produkte\MyFRITZ\deutsch\2026.04\SieDu-1\Du,7/31/2026,8/7/2026,8/7/2026,IT,Ü-fertig,FSc,
cloud-mailing_confirmation-email-change_tv1_de.properties,125,,MxG,Nl,Angelique,,jazz,Z:\Produkte\MyFRITZ\deutsch\2026.04\SieDu-1\Du,7/31/2026,8/7/2026,8/7/2026,IT,Ü-fertig,FSc,
Changelog für MyFapp,80,,JRn,Es,Alba,Helena,jazz,Z:\Produkte\F!Apps\Apps_allgemein,7/31/2026,8/3/2026,8/3/2026,User Interface & Clients,geliefert,FSc,
Changelog für MyFapp,80,,JRn,Fr,Martine,,jazz,Z:\Produkte\F!Apps\Apps_allgemein,7/31/2026,8/3/2026,8/3/2026,User Interface & Clients,geliefert,FSc,
Changelog für MyFapp,80,,JRn,It,Laura,,jazz,Z:\Produkte\F!Apps\Apps_allgemein,7/31/2026,8/3/2026,8/3/2026,User Interface & Clients,geliefert,FSc,
Changelog für MyFapp,80,,JRn,Nl,Angelique,,jazz,Z:\Produkte\F!Apps\Apps_allgemein,7/31/2026,8/3/2026,8/3/2026,User Interface & Clients,geliefert,FSc,
Changelog für MyFapp,80,,JRn,Pl,Yabylon,,jazz,Z:\Produkte\F!Apps\Apps_allgemein,7/31/2026,8/3/2026,8/3/2026,User Interface & Clients,geliefert,FSc,
Changelog für MyFapp,80,,JRn,SL,Yabylon,,jazz,Z:\Produkte\F!Apps\Apps_allgemein,7/31/2026,8/3/2026,8/3/2026,User Interface & Clients,geliefert,FSc,
Changelog für MyFapp,80,,JRn,EN,John,,jazz,Z:\Produkte\F!Apps\Apps_allgemein,7/31/2026,8/3/2026,8/3/2026,User Interface & Clients,geliefert,FSc,
Darum_FRITZ-translations-[Sprache]-ARTICLE.json,399,,CST,EN,John,Susan,LS-Tracker,Z:\Produkte\FRITZ!com\2026.07\KW 31,7/31/2026,8/7/2026,8/7/2026,D2C Ecommerce,geliefert,Lbo,
Darum_FRITZ-translations-[Sprache]-ARTICLE.json,399,,CST,ES,Alba,,LS-Tracker,Z:\Produkte\FRITZ!com\2026.07\KW 31,7/31/2026,8/7/2026,8/7/2026,D2C Ecommerce,geliefert,Lbo,
Darum_FRITZ-translations-[Sprache]-ARTICLE.json,399,,CST,FR,Martine,,LS-Tracker,Z:\Produkte\FRITZ!com\2026.07\KW 31,7/31/2026,8/7/2026,8/7/2026,D2C Ecommerce,geliefert,Lbo,
Darum_FRITZ-translations-[Sprache]-ARTICLE.json,399,,CST,IT,Laura,,LS-Tracker,Z:\Produkte\FRITZ!com\2026.07\KW 31,7/31/2026,8/7/2026,8/7/2026,D2C Ecommerce,geliefert,Lbo,
Darum_FRITZ-translations-[Sprache]-ARTICLE.json,399,,CST,NL,Angelique,,LS-Tracker,Z:\Produkte\FRITZ!com\2026.07\KW 31,7/31/2026,8/7/2026,8/7/2026,D2C Ecommerce,geliefert,Lbo,
MyFapp_20260804-de.xml,5690,,JPv,DE,Franziska,,jazz,Z:\Produkte\F!Apps\FappMyF\GUI\Android\deutsch\2026.08,7/31/2026,8/4/2026,8/4/2026,User Interface & Clients,geliefert,FSc,
MyFapp_20260731-de-<Sprachkürzel>_placeholder.xliff,13092,,KNu,Es,Alba,Helena,jazz,Z:\Produkte\F!Apps\FappMyF\GUI\iOS\<Sprache>\2026.08,8/3/2026,8/4/2026,8/4/2026,User Interface & Clients,geliefert,FSc,
MyFapp_20260731-de-<Sprachkürzel>_placeholder.xliff,13092,,KNu,Fr,Martine,,jazz,Z:\Produkte\F!Apps\FappMyF\GUI\iOS\<Sprache>\2026.08,8/3/2026,8/4/2026,8/4/2026,User Interface & Clients,geliefert,FSc,
MyFapp_20260731-de-<Sprachkürzel>_placeholder.xliff,13092,,KNu,It,Laura,,jazz,Z:\Produkte\F!Apps\FappMyF\GUI\iOS\<Sprache>\2026.08,8/3/2026,8/4/2026,8/4/2026,User Interface & Clients,geliefert,FSc,
MyFapp_20260731-de-<Sprachkürzel>_placeholder.xliff,13092,,KNu,Nl,Angelique,,jazz,Z:\Produkte\F!Apps\FappMyF\GUI\iOS\<Sprache>\2026.08,8/3/2026,8/4/2026,8/4/2026,User Interface & Clients,geliefert,FSc,
MyFapp_20260731-de-<Sprachkürzel>_placeholder.xliff,13092,,KNu,Pl,Yabylon,,jazz,Z:\Produkte\F!Apps\FappMyF\GUI\iOS\<Sprache>\2026.08,8/3/2026,8/4/2026,8/4/2026,User Interface & Clients,geliefert,FSc,
MyFapp_20260731-de-<Sprachkürzel>_placeholder.xliff,13092,,KNu,SL,Yabylon,,jazz,Z:\Produkte\F!Apps\FappMyF\GUI\iOS\<Sprache>\2026.08,8/3/2026,8/4/2026,8/4/2026,User Interface & Clients,geliefert,FSc,
MyFapp_20260731-de-<Sprachkürzel>_placeholder.xliff,13092,,KNu,EN,John,,jazz,Z:\Produkte\F!Apps\FappMyF\GUI\iOS\<Sprache>\2026.08,8/3/2026,8/4/2026,8/4/2026,User Interface & Clients,geliefert,FSc,
Fapp_adc_20260801-de.xml,5960,,JPv,EN,John,,jazz,Z:\Produkte\F!Apps\Apps_allgemein\ADC\deutsch\2026.08,8/3/2026,8/5/2026,8/4/2026,User Interface & Clients,geliefert,FSc,
Fapp_adc_20260801-de.xml,5960,,JPv,Es,Helena,,jazz,Z:\Produkte\F!Apps\Apps_allgemein\ADC\deutsch\2026.08,8/3/2026,8/5/2026,8/4/2026,User Interface & Clients,geliefert,FSc,
Fapp_adc_20260801-de.xml,5960,,JPv,Fr,Martine,,jazz,Z:\Produkte\F!Apps\Apps_allgemein\ADC\deutsch\2026.08,8/3/2026,8/5/2026,8/4/2026,User Interface & Clients,geliefert,FSc,
Fapp_adc_20260801-de.xml,5960,,JPv,It,Laura,,jazz,Z:\Produkte\F!Apps\Apps_allgemein\ADC\deutsch\2026.08,8/3/2026,8/5/2026,8/4/2026,User Interface & Clients,geliefert,FSc,
Fapp_adc_20260801-de.xml,5960,,JPv,Nl,Angelique,,jazz,Z:\Produkte\F!Apps\Apps_allgemein\ADC\deutsch\2026.08,8/3/2026,8/5/2026,8/4/2026,User Interface & Clients,geliefert,FSc,
Fapp_adc_20260801-de.xml,5960,,JPv,Pl,Yabylon,,jazz,Z:\Produkte\F!Apps\Apps_allgemein\ADC\deutsch\2026.08,8/3/2026,8/5/2026,8/4/2026,User Interface & Clients,geliefert,FSc,
Fapp_adc_20260801-de.xml,5960,,JPv,SL,Yabylon,,jazz,Z:\Produkte\F!Apps\Apps_allgemein\ADC\deutsch\2026.08,8/3/2026,8/5/2026,8/4/2026,User Interface & Clients,geliefert,FSc,
"Übersetzungsauftrag Alt gegen Neu,286,,JBL,EN,John,Susan,LS-Tracker,""Z:\Produkte\Texte Web, Marketing, etc\deutsch\2026.08"",8/3/2026,8/4/2026,8/5/2026,D2C Ecommerce,geliefert,Hme,"
Jubiläumsbundles-translations-[Sprache]-PRODUCT.json,81,,CST,EN,John,Susan,LS-Tracker,Z:\Produkte\FRITZ!com\2026.08\KW 32,8/3/2026,8/10/2026,8/10/2026,D2C Ecommerce,importiert,Lbo,
Jubiläumsbundles-translations-[Sprache]-METAFIELD.json,504,,CST,EN,John,Susan,LS-Tracker,Z:\Produkte\FRITZ!com\2026.08\KW 32,8/3/2026,8/10/2026,8/10/2026,D2C Ecommerce,importiert,Lbo,
Jubiläumsbundles-translations-[Sprache]-ONLINE_STORE_THEME.json,1455,,CST,EN,John,Susan,LS-Tracker,Z:\Produkte\FRITZ!com\2026.08\KW 32,8/3/2026,8/10/2026,8/10/2026,D2C Ecommerce,importiert,Lbo,
Jubiläumsbundles-translations-[Sprache]-PRODUCT.json,32,,CST,ES,Alba,Helena,LS-Tracker,Z:\Produkte\FRITZ!com\2026.08\KW 32,8/3/2026,8/10/2026,8/10/2026,D2C Ecommerce,importiert,Lbo,
Jubiläumsbundles-translations-[Sprache]-METAFIELD.json,544,,CST,ES,Alba,Helena,LS-Tracker,Z:\Produkte\FRITZ!com\2026.08\KW 32,8/3/2026,8/10/2026,8/10/2026,D2C Ecommerce,importiert,Lbo,
Jubiläumsbundles-translations-[Sprache]-ONLINE_STORE_THEME.json,637,,CST,ES,Alba,Helena,LS-Tracker,Z:\Produkte\FRITZ!com\2026.08\KW 32,8/3/2026,8/10/2026,8/10/2026,D2C Ecommerce,importiert,Lbo,
Jubiläumsbundles-translations-[Sprache]-PRODUCT.json,32,,CST,FR,Martine,,LS-Tracker,Z:\Produkte\FRITZ!com\2026.08\KW 32,8/3/2026,8/10/2026,8/10/2026,D2C Ecommerce,importiert,Lbo,
Jubiläumsbundles-translations-[Sprache]-METAFIELD.json,501,,CST,FR,Martine,,LS-Tracker,Z:\Produkte\FRITZ!com\2026.08\KW 32,8/3/2026,8/10/2026,8/10/2026,D2C Ecommerce,importiert,Lbo,
Jubiläumsbundles-translations-[Sprache]-ONLINE_STORE_THEME.json,637,,CST,FR,Martine,,LS-Tracker,Z:\Produkte\FRITZ!com\2026.08\KW 32,8/3/2026,8/10/2026,8/10/2026,D2C Ecommerce,importiert,Lbo,
Jubiläumsbundles-translations-[Sprache]-PRODUCT.json,32,,CST,IT,Laura,,LS-Tracker,Z:\Produkte\FRITZ!com\2026.08\KW 32,8/3/2026,8/10/2026,8/10/2026,D2C Ecommerce,importiert,Lbo,
Jubiläumsbundles-translations-[Sprache]-METAFIELD.json,501,,CST,IT,Laura,,LS-Tracker,Z:\Produkte\FRITZ!com\2026.08\KW 32,8/3/2026,8/10/2026,8/10/2026,D2C Ecommerce,importiert,Lbo,
Jubiläumsbundles-translations-[Sprache]-ONLINE_STORE_THEME.json,637,,CST,IT,Laura,,LS-Tracker,Z:\Produkte\FRITZ!com\2026.08\KW 32,8/3/2026,8/10/2026,8/10/2026,D2C Ecommerce,importiert,Lbo,
Jubiläumsbundles-translations-[Sprache]-PRODUCT.json,32,,CST,NL,Angelique,,LS-Tracker,Z:\Produkte\FRITZ!com\2026.08\KW 32,8/3/2026,8/10/2026,8/10/2026,D2C Ecommerce,importiert,Lbo,
Jubiläumsbundles-translations-[Sprache]-METAFIELD.json,544,,CST,NL,Angelique,,LS-Tracker,Z:\Produkte\FRITZ!com\2026.08\KW 32,8/3/2026,8/10/2026,8/10/2026,D2C Ecommerce,importiert,Lbo,
Jubiläumsbundles-translations-[Sprache]-ONLINE_STORE_THEME.json,637,,CST,NL,Angelique,,LS-Tracker,Z:\Produkte\FRITZ!com\2026.08\KW 32,8/3/2026,8/10/2026,8/10/2026,D2C Ecommerce,importiert,Lbo,
Dok #4461.xml,4403,,TPO,EN,John,,LS-Tracker,V:\de\across-aufträge\2026\08.26\04.08.26,8/4/2026,8/12/2026,8/14/2026,Technical Communication,,Rho,
Dok #4461.xml,4403,,TPO,IT,Laura,,LS-Tracker,V:\de\across-aufträge\2026\08.26\04.08.27,8/4/2026,8/11/2026,8/14/2026,Technical Communication,,Rho,
Dok #4461.xml,4403,,TPO,NL,Angelique,,LS-Tracker,V:\de\across-aufträge\2026\08.26\04.08.28,8/4/2026,8/14/2026,8/14/2026,Technical Communication,Ü-fertig,Rho,
Dok #4461.xml,4403,,TPO,ES,Alba,,LS-Tracker,V:\de\across-aufträge\2026\08.26\04.08.29,8/4/2026,8/14/2026,8/14/2026,Technical Communication,Ü-fertig,Rho,
Dok #4461.xml,4403,,TPO,FR,Martine,,LS-Tracker,V:\de\across-aufträge\2026\08.26\04.08.30,8/4/2026,8/14/2026,8/14/2026,Technical Communication,Ü-fertig,Rho,
"20260804_PA_FB6690pro-de.docx,672,15,PWi,DE,Franziska,,LS-Tracker,""Z:\Produkte\Texte Web, Marketing, etc\deutsch\2026.08"",8/4/2026,8/5/2026,8/6/2026,Sales Marketing,geliefert,FSc,"
MyFapp_20260804-de.xml,5690,,JPv,EN,John,,jazz,Z:\Produkte\F!Apps\FappMyF\GUI\Android\deutsch\2026.08,8/4/2026,8/6/2026,8/6/2026,User Interface & Clients,geliefert,FSc,
MyFapp_20260804-de.xml,5690,,JPv,Es,Helena,,jazz,Z:\Produkte\F!Apps\FappMyF\GUI\Android\deutsch\2026.08,8/4/2026,8/6/2026,8/6/2026,User Interface & Clients,geliefert,FSc,
MyFapp_20260804-de.xml,5690,,JPv,Fr,Martine,,jazz,Z:\Produkte\F!Apps\FappMyF\GUI\Android\deutsch\2026.08,8/4/2026,8/6/2026,8/6/2026,User Interface & Clients,geliefert,FSc,
MyFapp_20260804-de.xml,5690,,JPv,It,Laura,,jazz,Z:\Produkte\F!Apps\FappMyF\GUI\Android\deutsch\2026.08,8/4/2026,8/6/2026,8/6/2026,User Interface & Clients,geliefert,FSc,
MyFapp_20260804-de.xml,5690,,JPv,Nl,Angelique,,jazz,Z:\Produkte\F!Apps\FappMyF\GUI\Android\deutsch\2026.08,8/4/2026,8/6/2026,8/6/2026,User Interface & Clients,geliefert,FSc,
MyFapp_20260804-de.xml,5690,,JPv,Pl,Christoph,,jazz,Z:\Produkte\F!Apps\FappMyF\GUI\Android\deutsch\2026.08,8/4/2026,8/6/2026,8/6/2026,User Interface & Clients,geliefert,FSc,
MyFapp_20260804-de.xml,5690,,JPv,SL,Yabylon,,jazz,Z:\Produkte\F!Apps\FappMyF\GUI\Android\deutsch\2026.08,8/4/2026,8/7/2026,8/7/2026,User Interface & Clients,geliefert,FSc,
2026-08-04T14-15-01_PM-History-Texts.xml,740,,TJa,DE,Franziska,,LS-Tracker,Z:\Produkte\F!Box allgemein\Info.txt\Release\MyFRITZOSp1\2026.08,8/4/2026,8/4/2026,8/4/2026,Product Management,geliefert,FSc,
2026-08-04T15-32-27_PM-History-Texts_korr-de.xml,,,TJa,EN,John,,LS-Tracker,Z:\Produkte\F!Box allgemein\Info.txt\Release\MyFRITZOSp1\2026.08,8/4/2026,8/4/2026,8/4/2026,Product Management,geliefert,FSc,
TPO - Forms - FR-Fields.xlsx,93,,TPO,FR,Martine,,LS-Tracker,Z:\Produkte\FRITZ!com\2026.08\KW 32,8/4/2026,8/7/2026,8/11/2026,Technical Communication,geliefert,FSc,
40_Jahre_FRITZ!-translations-[Sprache]-ONLINE_STORE_THEME.json,1109,,JBL,EN,John,Susan,LS-Tracker,Z:\Produkte\FRITZ!com\2026.08\KW 32,8/4/2026,8/12/2026,8/12/2026,D2C Ecommerce,geliefert,Lbo,
40_Jahre_FRITZ!-translations-[Sprache]-ONLINE_STORE_THEME.json,1109,,JBL,ES,Alba,,LS-Tracker,Z:\Produkte\FRITZ!com\2026.08\KW 32,8/4/2026,8/12/2026,8/12/2026,D2C Ecommerce,geliefert,Lbo,
40_Jahre_FRITZ!-translations-[Sprache]-ONLINE_STORE_THEME.json,1109,,JBL,FR,Martine,,LS-Tracker,Z:\Produkte\FRITZ!com\2026.08\KW 32,8/4/2026,8/12/2026,8/12/2026,D2C Ecommerce,geliefert,Lbo,
40_Jahre_FRITZ!-translations-[Sprache]-ONLINE_STORE_THEME.json,1109,,JBL,IT,Laura,,LS-Tracker,Z:\Produkte\FRITZ!com\2026.08\KW 32,8/4/2026,8/12/2026,8/12/2026,D2C Ecommerce,geliefert,Lbo,
40_Jahre_FRITZ!-translations-[Sprache]-ONLINE_STORE_THEME.json,1109,,JBL,NL,Angelique,,LS-Tracker,Z:\Produkte\FRITZ!com\2026.08\KW 32,8/4/2026,8/12/2026,8/12/2026,D2C Ecommerce,geliefert,Lbo,
40_Jahre_FRITZ! - Ergänzung.docx,77,,JBL,EN,John,,LS-Tracker,Z:\Produkte\FRITZ!com\2026.08\KW 32,8/4/2026,8/12/2026,8/12/2026,D2C Ecommerce,geliefert,Lbo,
40_Jahre_FRITZ! - Ergänzung.docx,77,,JBL,ES,Alba,,LS-Tracker,Z:\Produkte\FRITZ!com\2026.08\KW 32,8/4/2026,8/12/2026,8/12/2026,D2C Ecommerce,geliefert,Lbo,
40_Jahre_FRITZ! - Ergänzung.docx,77,,JBL,FR,Martine,,LS-Tracker,Z:\Produkte\FRITZ!com\2026.08\KW 32,8/4/2026,8/12/2026,8/12/2026,D2C Ecommerce,geliefert,Lbo,
40_Jahre_FRITZ! - Ergänzung.docx,77,,JBL,IT,Laura,,LS-Tracker,Z:\Produkte\FRITZ!com\2026.08\KW 32,8/4/2026,8/12/2026,8/12/2026,D2C Ecommerce,geliefert,Lbo,
40_Jahre_FRITZ! - Ergänzung.docx,77,,JBL,NL,Angelique,,LS-Tracker,Z:\Produkte\FRITZ!com\2026.08\KW 32,8/4/2026,8/12/2026,8/12/2026,D2C Ecommerce,geliefert,Lbo,
"_Program_Contacts__PP_Final_Quarter_Points_Reminder.html.docx,140,,Jwg,NL,Angelique,,LS-Tracker,""Z:\Produkte\Texte Web, Marketing, etc\deutsch\2026.08"",8/4/2026,8/12/2026,8/12/2026,Channel Sales,geliefert,Hme,"
"_Program_Contacts__PP_Final_Quarter_Points_Reminder.html.docx,140,,Jwg,ES,Alba,Helena,LS-Tracker,""Z:\Produkte\Texte Web, Marketing, etc\deutsch\2026.08"",8/4/2026,8/12/2026,8/12/2026,Channel Sales,geliefert,Hme,"
"_Program_Contacts__PP_Final_Quarter_Points_Reminder.html.docx,140,,Jwg,IT,Laura,,LS-Tracker,""Z:\Produkte\Texte Web, Marketing, etc\deutsch\2026.08"",8/4/2026,8/12/2026,8/12/2026,Channel Sales,geliefert,Hme,"
"aktualisierter Blogartikel Wlan im  Garten.docx,153,,FGt,EN,Susan,,LS-Tracker,""Z:\Produkte\Texte Web, Marketing, etc\deutsch\2026.08"",8/5/2026,8/12/2026,8/12/2026,Corporate Communications,geliefert,Msi,"
"aktualisierter Blogartikel Wlan im  Garten.docx,153,,FGt,Fr,Martine,,LS-Tracker,""Z:\Produkte\Texte Web, Marketing, etc\deutsch\2026.08"",8/5/2026,8/12/2026,8/12/2026,Corporate Communications,geliefert,Msi,"
"aktualisierter Blogartikel Wlan im  Garten.docx,153,,FGt,It,Laura,,LS-Tracker,""Z:\Produkte\Texte Web, Marketing, etc\deutsch\2026.08"",8/5/2026,8/12/2026,8/12/2026,Corporate Communications,geliefert,Msi,"
"aktualisierter Blogartikel Wlan im  Garten.docx,153,,FGt,Es,Alba,,LS-Tracker,""Z:\Produkte\Texte Web, Marketing, etc\deutsch\2026.08"",8/5/2026,8/12/2026,8/12/2026,Corporate Communications,geliefert,Msi,"
"aktualisierter Blogartikel Wlan im  Garten.docx,153,,FGt,Nl,Angelique,,LS-Tracker,""Z:\Produkte\Texte Web, Marketing, etc\deutsch\2026.08"",8/5/2026,8/11/2026,8/12/2026,Corporate Communications,geliefert,Msi,"
ChangelogSmartHome-de.docx,139,,KIs,EN,Susan,,jazz,,8/5/2026,8/5/2026,8/5/2026,Product Management,geliefert,FSc,
Bullets für 5630 und 5690,66,,CST,EN,John,,LS-Tracker,Z:\Produkte\D2C\deutsch\2026.08,8/5/2026,8/7/2026,8/7/2026,D2C Ecommerce,geliefert,Hme,
Bullets für 5630 und 5690,66,,CST,IT,Laura,,LS-Tracker,Z:\Produkte\D2C\deutsch\2026.08,8/5/2026,8/7/2026,8/7/2026,D2C Ecommerce,geliefert,Hme,
Bullets für 5630 und 5690,66,,CST,NL,Angelique,,LS-Tracker,Z:\Produkte\D2C\deutsch\2026.08,8/5/2026,8/7/2026,8/7/2026,D2C Ecommerce,geliefert,Hme,
Bullets für 5630 und 5690,66,,CST,ES,Alba,,LS-Tracker,Z:\Produkte\D2C\deutsch\2026.08,8/5/2026,8/7/2026,8/7/2026,D2C Ecommerce,geliefert,Hme,
"20260805_DRAFT_Channel_KeyAccounts-en.docx,197,,NDo,EN,Susan,,LS-Tracker,""Z:\Produkte\Texte Web, Marketing, etc\deutsch\2026.08"",8/5/2026,8/6/2026,8/11/2026,Sales Marketing,geliefert,FSc,"
Bullets für 5630 und 5690,66,,CST,FR,Martine,,LS-Tracker,Z:\Produkte\D2C\deutsch\2026.08,8/6/2026,8/7/2026,8/7/2026,D2C Ecommerce,geliefert,Hme,
cloud-mailing_confirmation-reminder_tv1_box_de.properties,221,,MxG,EN,Susan,,jazz,Z:\Produkte\F!Apps\FappSmartHome\GUI\Android\deutsch\2026.07,8/6/2026,8/11/2026,8/11/2026,IT,geliefert,FSc,
cloud-mailing_confirmation-reminder_tv1_box_de.properties,221,,MxG,Es,Maria,Helena,jazz,Z:\Produkte\F!Apps\FappSmartHome\GUI\Android\deutsch\2026.07,8/6/2026,8/11/2026,8/11/2026,IT,geliefert,FSc,
cloud-mailing_confirmation-reminder_tv1_box_de.properties,221,,MxG,Fr,Martine,,jazz,Z:\Produkte\F!Apps\FappSmartHome\GUI\Android\deutsch\2026.07,8/6/2026,8/11/2026,8/11/2026,IT,geliefert,FSc,
cloud-mailing_confirmation-reminder_tv1_box_de.properties,221,,MxG,It,Laura,,jazz,Z:\Produkte\F!Apps\FappSmartHome\GUI\Android\deutsch\2026.07,8/6/2026,8/11/2026,8/11/2026,IT,geliefert,FSc,
cloud-mailing_confirmation-reminder_tv1_box_de.properties,221,,MxG,Nl,Angelique,,jazz,Z:\Produkte\F!Apps\FappSmartHome\GUI\Android\deutsch\2026.07,8/6/2026,8/11/2026,8/11/2026,IT,geliefert,FSc,
cloud-mailing_confirmation-reminder_tv1_repeater_de.properties,177,,MxG,EN,Susan,,jazz,Z:\Produkte\F!Apps\FappSmartHome\GUI\Android\deutsch\2026.07,8/6/2026,8/11/2026,8/11/2026,IT,geliefert,FSc,
cloud-mailing_confirmation-reminder_tv1_repeater_de.properties,177,,MxG,Es,Maria,Helena,jazz,Z:\Produkte\F!Apps\FappSmartHome\GUI\Android\deutsch\2026.07,8/6/2026,8/11/2026,8/11/2026,IT,geliefert,FSc,
cloud-mailing_confirmation-reminder_tv1_repeater_de.properties,177,,MxG,Fr,Martine,,jazz,Z:\Produkte\F!Apps\FappSmartHome\GUI\Android\deutsch\2026.07,8/6/2026,8/11/2026,8/11/2026,IT,geliefert,FSc,
cloud-mailing_confirmation-reminder_tv1_repeater_de.properties,177,,MxG,It,Laura,,jazz,Z:\Produkte\F!Apps\FappSmartHome\GUI\Android\deutsch\2026.07,8/6/2026,8/11/2026,8/11/2026,IT,geliefert,FSc,
cloud-mailing_confirmation-reminder_tv1_repeater_de.properties,177,,MxG,Nl,Angelique,,jazz,Z:\Produkte\F!Apps\FappSmartHome\GUI\Android\deutsch\2026.07,8/6/2026,8/11/2026,8/11/2026,IT,geliefert,FSc,
cloud-mailing_erasure-notification_tv1_de.properties,232,,MxG,EN,Susan,,jazz,Z:\Produkte\F!Apps\FappSmartHome\GUI\Android\deutsch\2026.07,8/6/2026,8/11/2026,8/11/2026,IT,geliefert,FSc,
cloud-mailing_erasure-notification_tv1_de.properties,232,,MxG,Es,Maria,Helena,jazz,Z:\Produkte\F!Apps\FappSmartHome\GUI\Android\deutsch\2026.07,8/6/2026,8/11/2026,8/11/2026,IT,geliefert,FSc,
cloud-mailing_erasure-notification_tv1_de.properties,232,,MxG,Fr,Martine,,jazz,Z:\Produkte\F!Apps\FappSmartHome\GUI\Android\deutsch\2026.07,8/6/2026,8/11/2026,8/11/2026,IT,geliefert,FSc,
cloud-mailing_erasure-notification_tv1_de.properties,232,,MxG,It,Laura,,jazz,Z:\Produkte\F!Apps\FappSmartHome\GUI\Android\deutsch\2026.07,8/6/2026,8/11/2026,8/11/2026,IT,geliefert,FSc,
cloud-mailing_erasure-notification_tv1_de.properties,232,,MxG,Nl,Angelique,,jazz,Z:\Produkte\F!Apps\FappSmartHome\GUI\Android\deutsch\2026.07,8/6/2026,8/11/2026,8/11/2026,IT,geliefert,FSc,
cloud-mailing_erasure-reminder_tv1_de.properties,100,,MxG,EN,Susan,,jazz,Z:\Produkte\F!Apps\FappSmartHome\GUI\Android\deutsch\2026.07,8/6/2026,8/11/2026,8/11/2026,IT,geliefert,FSc,
cloud-mailing_erasure-reminder_tv1_de.properties,100,,MxG,Es,Maria,Helena,jazz,Z:\Produkte\F!Apps\FappSmartHome\GUI\Android\deutsch\2026.07,8/6/2026,8/11/2026,8/11/2026,IT,geliefert,FSc,
cloud-mailing_erasure-reminder_tv1_de.properties,100,,MxG,Fr,Martine,,jazz,Z:\Produkte\F!Apps\FappSmartHome\GUI\Android\deutsch\2026.07,8/6/2026,8/11/2026,8/11/2026,IT,geliefert,FSc,
cloud-mailing_erasure-reminder_tv1_de.properties,100,,MxG,It,Laura,,jazz,Z:\Produkte\F!Apps\FappSmartHome\GUI\Android\deutsch\2026.07,8/6/2026,8/11/2026,8/11/2026,IT,geliefert,FSc,
cloud-mailing_erasure-reminder_tv1_de.properties,100,,MxG,Nl,Angelique,,jazz,Z:\Produkte\F!Apps\FappSmartHome\GUI\Android\deutsch\2026.07,8/6/2026,8/11/2026,8/11/2026,IT,geliefert,FSc,
cloud-mailing_acknowledgment-new-client_tv1_de.properties,184,,MxG,EN,Susan,,jazz,Z:\Produkte\F!Apps\FappSmartHome\GUI\Android\deutsch\2026.07,8/6/2026,8/11/2026,8/11/2026,IT,geliefert,FSc,
cloud-mailing_acknowledgment-new-client_tv1_de.properties,184,,MxG,Es,Maria,Helena,jazz,Z:\Produkte\F!Apps\FappSmartHome\GUI\Android\deutsch\2026.07,8/6/2026,8/11/2026,8/11/2026,IT,geliefert,FSc,
cloud-mailing_acknowledgment-new-client_tv1_de.properties,184,,MxG,Fr,Martine,,jazz,Z:\Produkte\F!Apps\FappSmartHome\GUI\Android\deutsch\2026.07,8/6/2026,8/11/2026,8/11/2026,IT,geliefert,FSc,
cloud-mailing_acknowledgment-new-client_tv1_de.properties,184,,MxG,It,Laura,,jazz,Z:\Produkte\F!Apps\FappSmartHome\GUI\Android\deutsch\2026.07,8/6/2026,8/11/2026,8/11/2026,IT,geliefert,FSc,
cloud-mailing_acknowledgment-new-client_tv1_de.properties,184,,MxG,Nl,Angelique,,jazz,Z:\Produkte\F!Apps\FappSmartHome\GUI\Android\deutsch\2026.07,8/6/2026,8/11/2026,8/11/2026,IT,geliefert,FSc,
INT Booklet FRITZ!Repeater 6700 Pro,1159,,LBU,EN,John,,LS-Tracker,Z:\Produkte\F!WLAN Repeater\FRITZ!Repeater 6700 Pro\INT\2026.07,8/6/2026,8/26/2026,8/21/2026,Technical Communication,erledigt,Hme,
INT Booklet FRITZ!Repeater 6700 Pro,1159,,LBU,FR,Martine,,LS-Tracker,Z:\Produkte\F!WLAN Repeater\FRITZ!Repeater 6700 Pro\INT\2026.08,8/6/2026,8/26/2026,8/21/2026,Technical Communication,erledigt,Hme,
INT Booklet FRITZ!Repeater 6700 Pro,1159,,LBU,IT,Laura,,LS-Tracker,Z:\Produkte\F!WLAN Repeater\FRITZ!Repeater 6700 Pro\INT\2026.09,8/6/2026,8/26/2026,8/21/2026,Technical Communication,erledigt,Hme,
INT Booklet FRITZ!Repeater 6700 Pro,1159,,LBU,NL,Angelique,,LS-Tracker,Z:\Produkte\F!WLAN Repeater\FRITZ!Repeater 6700 Pro\INT\2026.10,8/6/2026,8/26/2026,8/21/2026,Technical Communication,erledigt,Hme,
INT Booklet FRITZ!Repeater 6700 Pro,1159,,LBU,ES,Helena,,LS-Tracker,Z:\Produkte\F!WLAN Repeater\FRITZ!Repeater 6700 Pro\INT\2026.11,8/6/2026,8/26/2026,8/21/2026,Technical Communication,erledigt,Hme,
INT Booklet FRITZ!Repeater 6700 Pro,1159,,LBU,PL,Christoph,,LS-Tracker,Z:\Produkte\F!WLAN Repeater\FRITZ!Repeater 6700 Pro\INT\2026.12,8/6/2026,,9/8/2026,Technical Communication,Ü-fertig,Hme,
INT Booklet FRITZ!Repeater 6700 Pro,1159,,LBU,PT,Martine,,LS-Tracker,Z:\Produkte\F!WLAN Repeater\FRITZ!Repeater 6700 Pro\INT\2026.13,8/6/2026,,9/8/2026,Technical Communication,Ü-fertig,Hme,
INT Booklet FRITZ!Repeater 6700 Pro,1159,,LBU,SV,Martine,,LS-Tracker,Z:\Produkte\F!WLAN Repeater\FRITZ!Repeater 6700 Pro\INT\2026.14,8/6/2026,,9/8/2026,Technical Communication,Ü-fertig,Hme,
INT Booklet FRITZ!Repeater 6700 Pro,1159,,LBU,FI,Helena,,LS-Tracker,Z:\Produkte\F!WLAN Repeater\FRITZ!Repeater 6700 Pro\INT\2026.15,8/6/2026,,9/8/2026,Technical Communication,Ü-fertig,Hme,
INT Booklet FRITZ!Repeater 6700 Pro,1159,,LBU,DA,Helena,,LS-Tracker,Z:\Produkte\F!WLAN Repeater\FRITZ!Repeater 6700 Pro\INT\2026.16,8/6/2026,,9/8/2026,Technical Communication,Ü-fertig,Hme,
INT Booklet FRITZ!Repeater 6700 Pro,1159,,LBU,NO,Helena,,LS-Tracker,Z:\Produkte\F!WLAN Repeater\FRITZ!Repeater 6700 Pro\INT\2026.17,8/6/2026,,9/8/2026,Technical Communication,Ü-fertig,Hme,
Master_OH_FBox_MFOS_v2-2026-08-06_D-00000094_T-00001091_EngineeringModules_de-DE_fr-FR.xml,2838,,Cmi,Fr,Martine,,jazz,Z:\International\Tico\work\2026-08-06_D-00000094_T-00001091_de-DE_fr-FR.xml\untranslated,8/6/2026,8/10/2026,8/10/2026,Technical Communication,Ü-fertig,Msi,
2026-08-06_D-00000094_T-00001095_EngineeringModules_de-DE_en-GB.xml,2624,,Cmi,EN,Susan,,jazz,Z:\International\Tico\work\2026-08-06_D-00000094_T-00001095_de-DE_en-GB.xml\untranslated,8/6/2026,8/10/2026,8/10/2026,Technical Communication,Ü-fertig,Msi,
Master_OH_FBox_MFOS_v2-2026-08-06_D-00000094_T-00001093_EngineeringModules_de-DE_it-IT.xml,2838,,Cmi,NL,Angelique,,jazz,Z:\International\Tico\work\2026-08-06_D-00000094_T-00001094_de-DE_nl-NL.xml\untranslated,8/6/2026,8/10/2026,8/10/2026,Technical Communication,Ü-fertig,Msi,
Master_OH_FBox_MFOS_v2-2026-08-06_D-00000094_T-00001094_EngineeringModules_de-DE_nl-NL.xml,2838,,Cmi,It,Laura,,jazz,Z:\International\Tico\work\2026-08-06_D-00000094_T-00001093_de-DE_it-IT.xml\untranslated,8/6/2026,8/10/2026,8/10/2026,Technical Communication,Ü-fertig,Msi,
Master_OH_FBox_MFOS_v2-2026-08-06_D-00000094_T-00001094_EngineeringModules_de-DE_nl-NL.xml,2838,,Cmi,ES,Alba,Helena,jazz,Z:\International\Tico\work\2026-08-06_D-00000094_T-00001092_de-DE_es-ES.xml\untranslated,8/6/2026,8/10/2026,8/10/2026,Technical Communication,Ü-fertig,Msi,
"PI_Labor_MyFRITZ!_und_Leuchttürme_final,941,,Ngo,DE,Franziska,,LS-Tracker,""Z:\Produkte\Texte Web, Marketing, etc\deutsch\2026.08"",8/6/2026,8/7/2026,8/10/2026,Corporate Communications,,Msi,"
"PI_Labor_MyFRITZ!_und_Leuchttürme_final,941,,Ngo,EN,Susan,,LS-Tracker,""Z:\Produkte\Texte Web, Marketing, etc\deutsch\2026.08"",8/6/2026,8/7/2026,8/10/2026,Corporate Communications,,Msi,"
"Lektorat und Englisch Übersetzung,397,5,SKU,DE,Franziska,,LS-Tracker,""Z:\Produkte\Texte Web, Marketing, etc\deutsch\2026.09"",8/6/2026,8/6/2026,8/10/2026,Sales Marketing,geliefert,Fsc,"
"Lektorat und Englisch Übersetzung,397,10,SKU,EN,Susan,,LS-Tracker,""Z:\Produkte\Texte Web, Marketing, etc\deutsch\2026.10"",8/6/2026,8/10/2026,8/10/2026,Sales Marketing,geliefert,Fsc,"
Opt-In Text für Alt-gegen-Neu_Shop.docx,50,,JBL,EN,John,,LS-Tracker,Z:\Produkte\D2C\deutsch\2026.08,8/6/2026,8/11/2026,8/11/2026,D2C Ecommerce,geliefert,Hme,
Händlersuche-translations-[Sprache]-PAGE.json,26,,CST,EN,Susan,,LS-Tracker,Z:\Produkte\FRITZ!com\2026.08\KW 32,8/6/2026,8/10/2026,8/10/2026,D2C Ecommerce,importiert,Lbo,
Händlersuche-translations-[Sprache]-ONLINE_STORE_THEME.json,29,,CST,EN,Susan,,LS-Tracker,Z:\Produkte\FRITZ!com\2026.08\KW 32,8/6/2026,8/10/2026,8/10/2026,D2C Ecommerce,importiert,Lbo,
Händlersuche-translations-[Sprache]-PAGE.json,26,,CST,ES,Alba,,LS-Tracker,Z:\Produkte\FRITZ!com\2026.08\KW 32,8/6/2026,8/10/2026,8/10/2026,D2C Ecommerce,importiert,Lbo,
Händlersuche-translations-[Sprache]-ONLINE_STORE_THEME.json,29,,CST,ES,Alba,,LS-Tracker,Z:\Produkte\FRITZ!com\2026.08\KW 32,8/6/2026,8/10/2026,8/10/2026,D2C Ecommerce,importiert,Lbo,
Händlersuche-translations-[Sprache]-PAGE.json,26,,CST,FR,Martine,,LS-Tracker,Z:\Produkte\FRITZ!com\2026.08\KW 32,8/6/2026,8/10/2026,8/10/2026,D2C Ecommerce,importiert,Lbo,
Händlersuche-translations-[Sprache]-ONLINE_STORE_THEME.json,29,,CST,FR,Martine,,LS-Tracker,Z:\Produkte\FRITZ!com\2026.08\KW 32,8/6/2026,8/10/2026,8/10/2026,D2C Ecommerce,importiert,Lbo,
Händlersuche-translations-[Sprache]-PAGE.json,26,,CST,IT,Laura,,LS-Tracker,Z:\Produkte\FRITZ!com\2026.08\KW 32,8/6/2026,8/10/2026,8/10/2026,D2C Ecommerce,importiert,Lbo,
Händlersuche-translations-[Sprache]-ONLINE_STORE_THEME.json,29,,CST,IT,Laura,,LS-Tracker,Z:\Produkte\FRITZ!com\2026.08\KW 32,8/6/2026,8/10/2026,8/10/2026,D2C Ecommerce,importiert,Lbo,
Händlersuche-translations-[Sprache]-PAGE.json,26,,CST,NL,Angelique,,LS-Tracker,Z:\Produkte\FRITZ!com\2026.08\KW 32,8/6/2026,8/10/2026,8/10/2026,D2C Ecommerce,importiert,Lbo,
Händlersuche-translations-[Sprache]-ONLINE_STORE_THEME.json,29,,CST,NL,Angelique,,LS-Tracker,Z:\Produkte\FRITZ!com\2026.08\KW 32,8/6/2026,8/10/2026,8/10/2026,D2C Ecommerce,importiert,Lbo,
ALT gegen NEU Texte-de.docx,278,,JBL,EN,John,Susan,LS-Tracker,Z:\Produkte\D2C\deutsch\2026.08,8/7/2026,8/10/2026,8/12/2026,D2C Ecommerce,importiert,Hme,
0000_ 12.1154.1.6_translate-from-de-to-pl .xml,63,,GAB,PL,Christoph,,LS-Tracker,Z:\Produkte\F!Box allgemein\GUI-html2\deutsch\2026.08,8/7/2026,8/12/2026,8/13/2026,User Interface & Clients,geliefert,Hme,
0000_ 12.1154.1.6_translate-from-de-to-pl .xml,63,,GAB,SL,Yabylon,,LS-Tracker,Z:\Produkte\F!Box allgemein\GUI-html2\deutsch\2026.08,8/7/2026,8/12/2026,8/13/2026,User Interface & Clients,geliefert,Hme,
0000_12.1154.1.6_translate-from-de.xml,63,,GAB,EN,Susan,,LS-Tracker,Z:\Produkte\F!Box allgemein\GUI-html2\deutsch\2026.08,8/7/2026,8/12/2026,8/13/2026,User Interface & Clients,geliefert,Hme,
0000_12.1154.1.6_translate-from-de.xml,63,,GAB,FR,Martine,,LS-Tracker,Z:\Produkte\F!Box allgemein\GUI-html2\deutsch\2026.08,8/7/2026,8/12/2026,8/13/2026,User Interface & Clients,geliefert,Hme,
0000_12.1154.1.6_translate-from-de.xml,63,,GAB,IT,Laura,,LS-Tracker,Z:\Produkte\F!Box allgemein\GUI-html2\deutsch\2026.09,8/7/2026,8/12/2026,8/13/2026,User Interface & Clients,geliefert,Hme,
0000_12.1154.1.6_translate-from-de.xml,63,,GAB,NL,Angelique,,LS-Tracker,Z:\Produkte\F!Box allgemein\GUI-html2\deutsch\2026.10,8/7/2026,8/12/2026,8/13/2026,User Interface & Clients,geliefert,Hme,
0000_12.1154.1.6_translate-from-de.xml,63,,GAB,ES,Alba,,LS-Tracker,Z:\Produkte\F!Box allgemein\GUI-html2\deutsch\2026.08,8/7/2026,8/12/2026,8/13/2026,User Interface & Clients,geliefert,Hme,
B2B_Claim-translations-[Sprache]-ONLINE_STORE_THEME.json,7,,LCA,EN,Susan,,LS-Tracker,Z:\Produkte\FRITZ!com\2026.08\KW 32,8/7/2026,8/12/2026,8/14/2026,D2C Ecommerce,geliefert,Lbo,
B2B_Claim-translations-[Sprache]-ONLINE_STORE_THEME.json,7,,LCA,ES,Alba,,LS-Tracker,Z:\Produkte\FRITZ!com\2026.08\KW 33,8/7/2026,8/13/2026,8/14/2026,D2C Ecommerce,importiert,Lbo,
B2B_Claim-translations-[Sprache]-ONLINE_STORE_THEME.json,7,,LCA,FR,Martine,,LS-Tracker,Z:\Produkte\FRITZ!com\2026.08\KW 32,8/7/2026,8/12/2026,8/14/2026,D2C Ecommerce,geliefert,Lbo,
B2B_Claim-translations-[Sprache]-ONLINE_STORE_THEME.json,7,,LCA,IT,Laura,,LS-Tracker,Z:\Produkte\FRITZ!com\2026.08\KW 32,8/7/2026,8/12/2026,8/14/2026,D2C Ecommerce,geliefert,Lbo,
B2B_Claim-translations-[Sprache]-ONLINE_STORE_THEME.json,7,,LCA,NL,Angelique,,LS-Tracker,Z:\Produkte\FRITZ!com\2026.08\KW 32,8/7/2026,8/13/2026,8/14/2026,D2C Ecommerce,importiert,Lbo,
Neswletter-translations-[Sprache]-ONLINE_STORE_THEME.json,130,,AKU,EN,Susan,,LS-Tracker,Z:\Produkte\FRITZ!com\2026.08\KW 32,8/7/2026,8/12/2026,8/14/2026,Technical Communication,geliefert,Lbo,
Neswletter-translations-[Sprache]-ONLINE_STORE_THEME.json,130,,AKU,ES,Alba,,LS-Tracker,Z:\Produkte\FRITZ!com\2026.08\KW 32,8/7/2026,8/12/2026,8/14/2026,Technical Communication,geliefert,Lbo,
Neswletter-translations-[Sprache]-ONLINE_STORE_THEME.json,130,,AKU,FR,Martine,,LS-Tracker,Z:\Produkte\FRITZ!com\2026.08\KW 32,8/7/2026,8/12/2026,8/14/2026,Technical Communication,geliefert,Lbo,
Neswletter-translations-[Sprache]-ONLINE_STORE_THEME.json,130,,AKU,IT,Laura,,LS-Tracker,Z:\Produkte\FRITZ!com\2026.08\KW 32,8/7/2026,8/12/2026,8/14/2026,Technical Communication,geliefert,Lbo,
Neswletter-translations-[Sprache]-ONLINE_STORE_THEME.json,130,,AKU,NL,Angelique,,LS-Tracker,Z:\Produkte\FRITZ!com\2026.08\KW 32,8/7/2026,8/13/2026,8/14/2026,Technical Communication,importiert,Lbo,
Filterlisten-translations-[Sprache]-ONLINE_STORE_THEME.json,5677,,CST,EN,Susan,,LS-Tracker,Z:\Produkte\FRITZ!com\2026.08\KW 32,8/7/2026,8/12/2026,8/18/2026,D2C Ecommerce,,Lbo,
Filterlisten-translations-[Sprache]-ONLINE_STORE_THEME.json,5677,,CST,ES,Alba,,LS-Tracker,Z:\Produkte\FRITZ!com\2026.08\KW 32,8/7/2026,8/12/2026,8/21/2026,D2C Ecommerce,,Lbo,
Filterlisten-translations-[Sprache]-ONLINE_STORE_THEME.json,5677,,CST,FR,Martine,,LS-Tracker,Z:\Produkte\FRITZ!com\2026.08\KW 32,8/7/2026,8/12/2026,8/18/2026,D2C Ecommerce,,Lbo,
Filterlisten-translations-[Sprache]-ONLINE_STORE_THEME.json,5677,,CST,IT,Laura,,LS-Tracker,Z:\Produkte\FRITZ!com\2026.08\KW 32,8/7/2026,8/12/2026,8/18/2026,D2C Ecommerce,,Lbo,
Filterlisten-translations-[Sprache]-ONLINE_STORE_THEME.json,5677,,CST,NL,Angelique,,LS-Tracker,Z:\Produkte\FRITZ!com\2026.08\KW 32,8/7/2026,8/12/2026,8/21/2026,D2C Ecommerce,ausgecheckt,Lbo,
MyFapp_20260807-de.xml,,30,MZa,DE,Franziska,,jazz,Z:\Produkte\F!Apps\FappMyF\GUI\Android\deutsch\2026.08,8/7/2026,8/7/2026,8/7/2026,User Interface & Clients,zurückgegeben,FSc,
translations--myfosp1--2026-08-10_de.po,509,,MSE,EN,Susan,,Cloud,Z:\Produkte\F!Box allgemein\GUI-JS3\<Sprache>\2026.08,8/7/2026,8/12/2026,8/12/2026,User Interface & Clients,geliefert,Lbo,
translations--myfosp1--2026-08-10_de.po,509,,MSE,ES,Helena,,Cloud,Z:\Produkte\F!Box allgemein\GUI-JS3\<Sprache>\2026.08,8/7/2026,8/12/2026,8/12/2026,User Interface & Clients,geliefert,Lbo,
translations--myfosp1--2026-08-10_de.po,509,,MSE,FR,Martine,,Cloud,Z:\Produkte\F!Box allgemein\GUI-JS3\<Sprache>\2026.08,8/7/2026,8/12/2026,8/12/2026,User Interface & Clients,geliefert,Lbo,
translations--myfosp1--2026-08-10_de.po,509,,MSE,IT,Laura,,Cloud,Z:\Produkte\F!Box allgemein\GUI-JS3\<Sprache>\2026.08,8/7/2026,8/12/2026,8/12/2026,User Interface & Clients,geliefert,Lbo,
translations--myfosp1--2026-08-10_de.po,509,,MSE,NL,Angelique,,Cloud,Z:\Produkte\F!Box allgemein\GUI-JS3\<Sprache>\2026.08,8/7/2026,8/12/2026,8/12/2026,User Interface & Clients,geliefert,Lbo,
Delta_2026-07-27_to_2026-08-07.po,509,,MSE,PL,Christoph,,Cloud,Z:\Produkte\F!Box allgemein\GUI-JS3\<Sprache>\2026.08,8/7/2026,8/12/2026,8/12/2026,User Interface & Clients,geliefert,Lbo,
Delta_2026-07-27_to_2026-08-07.po,509,,MSE,SL,Yabylon,,Cloud,Z:\Produkte\F!Box allgemein\GUI-JS3\<Sprache>\2026.08,8/7/2026,8/12/2026,8/12/2026,User Interface & Clients,geliefert,Lbo,
B2B Menü.docx,11,,CST,IT,Laura,,LS-Tracker,Z:\Produkte\FRITZ!com\2026.08\KW 32,8/7/2026,8/12/2026,8/12/2026,D2C Ecommerce,geliefert,Lbo,
B2B Menü.docx,11,,CST,ES,Alba,,LS-Tracker,Z:\Produkte\FRITZ!com\2026.08\KW 32,8/7/2026,8/12/2026,8/12/2026,D2C Ecommerce,geliefert,Lbo,
B2B Menü.docx,11,,CST,FR,Martine,,LS-Tracker,Z:\Produkte\FRITZ!com\2026.08\KW 32,8/7/2026,8/12/2026,8/12/2026,D2C Ecommerce,geliefert,Lbo,
B2B Menü.docx,11,,CST,NL,Angelique,,LS-Tracker,Z:\Produkte\FRITZ!com\2026.08\KW 32,8/7/2026,8/12/2026,8/12/2026,D2C Ecommerce,geliefert,Lbo,
cloud-mailing_fraud-detected-notification_tv1_box_de.properties,106,,MxG,EN,Susan,,jazz,Z:\Produkte\F!Apps\FappSmartHome\GUI\Android\deutsch\2026.07,8/10/2026,8/12/2026,8/12/2026,IT,geliefert,FSc,
cloud-mailing_fraud-detected-notification_tv1_box_de.properties,106,,MxG,Es,Maria,Helena,jazz,Z:\Produkte\F!Apps\FappSmartHome\GUI\Android\deutsch\2026.07,8/10/2026,8/12/2026,8/12/2026,IT,geliefert,FSc,
cloud-mailing_fraud-detected-notification_tv1_box_de.properties,106,,MxG,Fr,Martine,,jazz,Z:\Produkte\F!Apps\FappSmartHome\GUI\Android\deutsch\2026.07,8/10/2026,8/12/2026,8/12/2026,IT,geliefert,FSc,
cloud-mailing_fraud-detected-notification_tv1_box_de.properties,106,,MxG,It,Laura,,jazz,Z:\Produkte\F!Apps\FappSmartHome\GUI\Android\deutsch\2026.07,8/10/2026,8/12/2026,8/12/2026,IT,geliefert,FSc,
cloud-mailing_fraud-detected-notification_tv1_box_de.properties,106,,MxG,Nl,Angelique,,jazz,Z:\Produkte\F!Apps\FappSmartHome\GUI\Android\deutsch\2026.07,8/10/2026,8/12/2026,8/12/2026,IT,geliefert,FSc,
cloud-mailing_fraud-detected-notification_tv1_repeater_de.properties,106,,MxG,EN,Susan,,jazz,Z:\Produkte\F!Apps\FappSmartHome\GUI\Android\deutsch\2026.07,8/10/2026,8/12/2026,8/12/2026,IT,geliefert,FSc,
cloud-mailing_fraud-detected-notification_tv1_repeater_de.properties,106,,MxG,Es,Maria,Helena,jazz,Z:\Produkte\F!Apps\FappSmartHome\GUI\Android\deutsch\2026.07,8/10/2026,8/12/2026,8/12/2026,IT,geliefert,FSc,
cloud-mailing_fraud-detected-notification_tv1_repeater_de.properties,106,,MxG,Fr,Martine,,jazz,Z:\Produkte\F!Apps\FappSmartHome\GUI\Android\deutsch\2026.07,8/10/2026,8/12/2026,8/12/2026,IT,geliefert,FSc,
cloud-mailing_fraud-detected-notification_tv1_repeater_de.properties,106,,MxG,It,Laura,,jazz,Z:\Produkte\F!Apps\FappSmartHome\GUI\Android\deutsch\2026.07,8/10/2026,8/12/2026,8/12/2026,IT,geliefert,FSc,
cloud-mailing_fraud-detected-notification_tv1_repeater_de.properties,106,,MxG,Nl,Angelique,,jazz,Z:\Produkte\F!Apps\FappSmartHome\GUI\Android\deutsch\2026.07,8/10/2026,8/12/2026,8/12/2026,IT,geliefert,FSc,
cloud-mailing_mfa-deactivation-request_tv1_de.properties,133,,MxG,EN,Susan,,jazz,Z:\Produkte\F!Apps\FappSmartHome\GUI\Android\deutsch\2026.07,8/10/2026,8/12/2026,8/12/2026,IT,geliefert,FSc,
cloud-mailing_mfa-deactivation-request_tv1_de.properties,133,,MxG,Es,Maria,Helena,jazz,Z:\Produkte\F!Apps\FappSmartHome\GUI\Android\deutsch\2026.07,8/10/2026,8/12/2026,8/12/2026,IT,geliefert,FSc,
cloud-mailing_mfa-deactivation-request_tv1_de.properties,133,,MxG,Fr,Martine,,jazz,Z:\Produkte\F!Apps\FappSmartHome\GUI\Android\deutsch\2026.07,8/10/2026,8/12/2026,8/12/2026,IT,geliefert,FSc,
cloud-mailing_mfa-deactivation-request_tv1_de.properties,133,,MxG,It,Laura,,jazz,Z:\Produkte\F!Apps\FappSmartHome\GUI\Android\deutsch\2026.07,8/10/2026,8/12/2026,8/12/2026,IT,geliefert,FSc,
cloud-mailing_mfa-deactivation-request_tv1_de.properties,133,,MxG,Nl,Angelique,,jazz,Z:\Produkte\F!Apps\FappSmartHome\GUI\Android\deutsch\2026.07,8/10/2026,8/12/2026,8/12/2026,IT,geliefert,FSc,
cloud-mailing_mfa-deactivation-warning_tv1_de.properties,82,,MxG,EN,Susan,,jazz,Z:\Produkte\F!Apps\FappSmartHome\GUI\Android\deutsch\2026.07,8/10/2026,8/12/2026,8/12/2026,IT,geliefert,FSc,
cloud-mailing_mfa-deactivation-warning_tv1_de.properties,82,,MxG,Es,Maria,Helena,jazz,Z:\Produkte\F!Apps\FappSmartHome\GUI\Android\deutsch\2026.07,8/10/2026,8/12/2026,8/12/2026,IT,geliefert,FSc,
cloud-mailing_mfa-deactivation-warning_tv1_de.properties,82,,MxG,Fr,Martine,,jazz,Z:\Produkte\F!Apps\FappSmartHome\GUI\Android\deutsch\2026.07,8/10/2026,8/12/2026,8/12/2026,IT,geliefert,FSc,
cloud-mailing_mfa-deactivation-warning_tv1_de.properties,82,,MxG,It,Laura,,jazz,Z:\Produkte\F!Apps\FappSmartHome\GUI\Android\deutsch\2026.07,8/10/2026,8/12/2026,8/12/2026,IT,geliefert,FSc,
cloud-mailing_mfa-deactivation-warning_tv1_de.properties,82,,MxG,Nl,Angelique,,jazz,Z:\Produkte\F!Apps\FappSmartHome\GUI\Android\deutsch\2026.07,8/10/2026,8/12/2026,8/12/2026,IT,geliefert,FSc,
cloud-mailing_notification-email-change_tv1_de.properties,216,,MxG,EN,Susan,,jazz,Z:\Produkte\F!Apps\FappSmartHome\GUI\Android\deutsch\2026.07,8/10/2026,8/12/2026,8/12/2026,IT,geliefert,FSc,
cloud-mailing_notification-email-change_tv1_de.properties,216,,MxG,Es,Maria,Helena,jazz,Z:\Produkte\F!Apps\FappSmartHome\GUI\Android\deutsch\2026.07,8/10/2026,8/12/2026,8/12/2026,IT,geliefert,FSc,
cloud-mailing_notification-email-change_tv1_de.properties,216,,MxG,Fr,Martine,,jazz,Z:\Produkte\F!Apps\FappSmartHome\GUI\Android\deutsch\2026.07,8/10/2026,8/12/2026,8/12/2026,IT,geliefert,FSc,
cloud-mailing_notification-email-change_tv1_de.properties,216,,MxG,It,Laura,,jazz,Z:\Produkte\F!Apps\FappSmartHome\GUI\Android\deutsch\2026.07,8/10/2026,8/12/2026,8/12/2026,IT,geliefert,FSc,
cloud-mailing_notification-email-change_tv1_de.properties,216,,MxG,Nl,Angelique,,jazz,Z:\Produkte\F!Apps\FappSmartHome\GUI\Android\deutsch\2026.07,8/10/2026,8/12/2026,8/12/2026,IT,geliefert,FSc,
2026-07-27_Teilnahmebedingungen_clean.docx,1374,,GLE,EN,John,Susan,LS-Tracker,Z:\Produkte\D2C\deutsch\2026.08,8/10/2026,8/11/2026,8/12/2026,Sales Marketing,geliefert,Hme,
"5386_en-GB_neues_fritz_labor_macht_fritzbox_5690_pro_zur_matter_bridge_20260810-055930.xml,314,,PSE,EN,John,Susan,LS-Tracker,""Z:\Produkte\Texte Web, Marketing, etc\deutsch\2026.08"",8/10/2026,8/11/2026,8/14/2026,Channel Sales,geliefert,Hme,"
"NL_Newsletter für August 2026.docx,311,,PSE,NL,Angelique,,LS-Tracker,""Z:\Produkte\Texte Web, Marketing, etc\deutsch\2026.09"",8/10/2026,8/13/2026,8/14/2026,Channel Sales,geliefert,Hme,"
BU-Newsletter_August-1_AT.eml,,20,PSe,DE,Franziska,,LS-Tracker,,8/10/2026,8/13/2026,8/17/2026,Channel Sales,geliefert,FSc,
BU-Newsletter_August-1_CH.eml,,40,PSe,DE,Franziska,,LS-Tracker,,8/10/2026,8/13/2026,8/17/2026,Channel Sales,geliefert,FSc,
Master_OH_Repeater_MFOS_v1-2026-08-10_D-00000100_T-00001100_EngineeringModules_de-DE_en-GB.xml,193,,Cmi,EN,Susan,,jazz,Z:\International\Tico\work,8/10/2026,8/13/2026,8/13/2026,Technical Communication,importiert,,
"EINLADUNG IFA 2026 DE.docx,271,,AKh,EN,Susan/John,,LS-Tracker,""Z:\Produkte\Texte Web, Marketing, etc\deutsch\2026.08"",8/10/2026,8/10/2026,8/11/2026,Corporate Communications,Ü-fertig,msi,"
Master_OH_Repeater_MFOS_v1-2026-08-10_D-00000100_T-00001099_EngineeringModules_de-DE_nl-NL.xml,227,,Cmi,NL,Angelique,,jazz,Z:\International\Tico\work,8/10/2026,8/13/2026,8/12/2026,Technical Communication,importiert,msi,
Master_OH_Repeater_MFOS_v1-2026-08-10_D-00000100_T-00001098_EngineeringModules_de-DE_it-IT.xml,227,,Cmi,IT,Laura,,jazz,Z:\International\Tico\work,8/10/2026,8/13/2026,8/12/2026,Technical Communication,importiert,msi,
Master_OH_Repeater_MFOS_v1-2026-08-10_D-00000100_T-00001097_EngineeringModules_de-DE_es-ES.xml,227,,Cmi,ES,Helena,,jazz,Z:\International\Tico\work,8/10/2026,8/13/2026,8/12/2026,Technical Communication,importiert,msi,
Master_OH_Repeater_MFOS_v1-2026-08-10_D-00000100_T-00001096_EngineeringModules_de-DE_fr-FR.xml,227,,Cmi,FR,Martine,,jazz,Z:\International\Tico\work,8/10/2026,8/13/2026,8/12/2026,Technical Communication,importiert,msi,
"6835 5G International-de.docx,508,,EUL,EN,John,Susan,LS-Tracker,""Z:\Produkte\Texte Web, Marketing, etc\deutsch\2026.08"",8/11/2026,8/11/2026,8/14/2026,Corporate Communications,geliefert,Hme,"
Back2Work_Uni - Kampagnenplanung _ AVM _ Fritz_TEMP.xlsx,81,,AJA,IT,Laura,,LS-Tracker,Z:\Produkte\D2C\italienisch\2026.08,8/11/2026,8/12/2026,8/14/2026,D2C Ecommerce,geliefert,Lbo,
Back2Work_Uni - Kampagnenplanung _ AVM _ Fritz_TEMP.xlsx,81,,AJA,NL,Angelique,,LS-Tracker,Z:\Produkte\D2C\niederlaendisch\2026.08,8/11/2026,8/12/2026,8/14/2026,D2C Ecommerce,geliefert,Lbo,
Back2Work_Uni - Kampagnenplanung _ AVM _ Fritz_TEMP.xlsx,81,,AJA,ES,Alba,,LS-Tracker,Z:\Produkte\D2C\spanisch\2026.08,8/11/2026,8/12/2026,8/14/2026,D2C Ecommerce,geliefert,Lbo,
"Upgrade_Heimnetz-translations-fr-ARTICLE.json,105,,DBO,FR,Martine,,LS-Tracker,""Z:\Produkte\Texte Web, Marketing, etc\deutsch\2026.08\Kampagne Update-Heimnetz\DE"",8/11/2026,8/13/2026,8/13/2026,Corporate Communications,Ü-fertig,Msi,"
"Upgrade_Heimnetz-translations-fr-ONLINE_STORE_THEME.json,640,,DBO,FR,Martine,,LS-Tracker,""Z:\Produkte\Texte Web, Marketing, etc\deutsch\2026.08\Kampagne Update-Heimnetz\DE"",8/11/2026,8/13/2026,8/13/2026,Corporate Communications,Ü-fertig,Msi,"
"Heimnetz_Upgrade-translations-nl-ONLINE_STORE_THEME (1).json,640,,DBO,NL,Angelique,,LS-Tracker,""Z:\Produkte\Texte Web, Marketing, etc\deutsch\2026.08\Kampagne Update-Heimnetz\DE"",8/11/2026,8/13/2026,8/13/2026,Corporate Communications,Ü-fertig,Msi,"
"Upgrade_Heimnetz-translations-nl-ARTICLE.json,105,,DBO,NL,Angelique,,LS-Tracker,""Z:\Produkte\Texte Web, Marketing, etc\deutsch\2026.08\Kampagne Update-Heimnetz\DE"",8/11/2026,8/13/2026,8/13/2026,Corporate Communications,Ü-fertig,Msi,"
"Upgrade_Heimnetz-translations-en-ONLINE_STORE_THEME.json,640,,DBO,EN,Susan,,LS-Tracker,""Z:\Produkte\Texte Web, Marketing, etc\deutsch\2026.08\Kampagne Update-Heimnetz\DE"",8/11/2026,8/13/2026,8/13/2026,Corporate Communications,Ü-fertig,Msi,"
"Upgrade_Heimnetz-translations-en-ARTICLE.json,105,,DBO,EN,Susan,,LS-Tracker,""Z:\Produkte\Texte Web, Marketing, etc\deutsch\2026.08\Kampagne Update-Heimnetz\DE"",8/11/2026,8/13/2026,8/13/2026,Corporate Communications,,Msi,"
"Upgrade_Heimnetz-translations-es-ONLINE_STORE_THEME.json,640,,DBO,ES,Alba,,LS-Tracker,""Z:\Produkte\Texte Web, Marketing, etc\deutsch\2026.08\Kampagne Update-Heimnetz\DE"",8/11/2026,8/13/2026,8/13/2026,Corporate Communications,Ü-fertig,Msi,"
"Upgrade_Heimnetz-translations-es-ARTICLE.json,105,,DBO,ES,Alba,,LS-Tracker,""Z:\Produkte\Texte Web, Marketing, etc\deutsch\2026.08\Kampagne Update-Heimnetz\DE"",8/11/2026,8/13/2026,8/13/2026,Corporate Communications,,Msi,"
"Upgrade_Heimnetz-translations-fr-ONLINE_STORE_THEME.json,640,,DBO,FR,Martine,,LS-Tracker,""Z:\Produkte\Texte Web, Marketing, etc\deutsch\2026.08\Kampagne Update-Heimnetz\DE"",8/11/2026,8/13/2026,8/13/2026,Corporate Communications,,Msi,"
"Upgrade_Heimnetz-translations-fr-ARTICLE.json,105,,DBO,FR,Martine,,LS-Tracker,""Z:\Produkte\Texte Web, Marketing, etc\deutsch\2026.08\Kampagne Update-Heimnetz\DE"",8/11/2026,8/13/2026,8/13/2026,Corporate Communications,,Msi,"
"Upgrade_Heimnetz-translations-it-ONLINE_STORE_THEME.json,640,,DBO,IT,Laura,,LS-Tracker,""Z:\Produkte\Texte Web, Marketing, etc\deutsch\2026.08\Kampagne Update-Heimnetz\DE"",8/11/2026,8/13/2026,8/13/2026,Corporate Communications,,Msi,"
"Upgrade_Heimnetz-translations-it-ARTICLE.json,105,,DBO,IT,Laura,,LS-Tracker,""Z:\Produkte\Texte Web, Marketing, etc\deutsch\2026.08\Kampagne Update-Heimnetz\DE"",8/11/2026,8/13/2026,8/13/2026,Corporate Communications,,Msi,"
2026-08-11T14-47-23_PM-History-Texts.xml,653,,TJa,DE,Franziska,,LS-Tracker,Z:\Produkte\F!Box allgemein\Info.txt\Release\MyFRITZOSp1\2026.08,8/11/2026,8/11/2026,8/11/2026,Product Management,geliefert,FSc,
2026-08-11T15-21-15_PM-History-Texts_korr-de.xml,653,,TJa,EN,Susan,,LS-Tracker,Z:\Produkte\F!Box allgemein\Info.txt\Release\MyFRITZOSp1\2026.08,8/11/2026,8/11/2026,8/12/2026,Product Management,geliefert,FSc,
"Behind the Scenes - Projektbericht Zigbee.docx,848,,Fgt,EN,Susan,,LS-Tracker,""Z:\Produkte\Texte Web, Marketing, etc\deutsch\2026.08"",8/11/2026,8/12/2026,8/13/2026,Corporate Communications,,Msi,"
Dok 4349.xml,1537,,TPO,EN,Lisa,,LS-Tracker,V:\de\across-aufträge\2026\08.26\11.08.26,8/11/2026,8/26/2026,8/27/2026,Technical Communication,geliefert,Rho,
"Lektorat Flyer - vierseitig, EN,,15,NDO,EN,Susan,,LS-Tracker,""Z:\Produkte\Texte Web, Marketing, etc\englisch\2026.08"",8/11/2026,8/11/2026,8/14/2026,Sales Marketing,,Hme,"
Übersetzung Specs FRITZ!-Produkte für Amazon Vergleichstabelle,285,,KGO,IT,Cristina,Laura,LS-Tracker,Z:\Produkte\D2C\deutsch\2026.08,8/12/2026,8/24/2026,8/24/2026,D2C Ecommerce,,Hme,
Übersetzung Specs FRITZ!-Produkte für Amazon Vergleichstabelle,285,,KGO,NL,Angelique,,LS-Tracker,Z:\Produkte\D2C\deutsch\2026.09,8/12/2026,8/24/2026,8/24/2026,D2C Ecommerce,Ü-fertig,Hme,
Übersetzung Specs FRITZ!-Produkte für Amazon Vergleichstabelle,285,,KGO,FR,Marie,,LS-Tracker,Z:\Produkte\D2C\deutsch\2026.10,8/12/2026,8/24/2026,8/24/2026,D2C Ecommerce,Ü-fertig,Hme,
Übersetzung Specs FRITZ!-Produkte für Amazon Vergleichstabelle,285,,KGO,ES,Alba,Helena,LS-Tracker,Z:\Produkte\D2C\deutsch\2026.11,8/12/2026,8/24/2026,8/24/2026,D2C Ecommerce,,Hme,
"6700 Pro Int.docx,244,,EUL,EN,John,Susan,LS-Tracker,""Z:\Produkte\Texte Web, Marketing, etc\deutsch\2026.08"",8/12/2026,8/14/2026,8/14/2026,Corporate Communications,geliefert,Hme,"
cloud-mailing_botnet-detected-notification_tv1_box_de.properties,123,,MxG,EN,Susan,,jazz,Z:\Produkte\F!Apps\FappSmartHome\GUI\Android\deutsch\2026.07,8/12/2026,8/17/2026,8/17/2026,IT,geliefert,FSc,
cloud-mailing_botnet-detected-notification_tv1_box_de.properties,123,,MxG,Es,Maria,Helena,jazz,Z:\Produkte\F!Apps\FappSmartHome\GUI\Android\deutsch\2026.07,8/12/2026,8/19/2026,8/17/2026,IT,geliefert,FSc,
cloud-mailing_botnet-detected-notification_tv1_box_de.properties,123,,MxG,Fr,Martine,,jazz,Z:\Produkte\F!Apps\FappSmartHome\GUI\Android\deutsch\2026.07,8/12/2026,8/17/2026,8/17/2026,IT,geliefert,FSc,
cloud-mailing_botnet-detected-notification_tv1_box_de.properties,123,,MxG,It,Laura,,jazz,Z:\Produkte\F!Apps\FappSmartHome\GUI\Android\deutsch\2026.07,8/12/2026,8/19/2026,8/19/2026,IT,Ü-fertig,FSc,
cloud-mailing_botnet-detected-notification_tv1_box_de.properties,123,,MxG,Nl,Angelique,,jazz,Z:\Produkte\F!Apps\FappSmartHome\GUI\Android\deutsch\2026.07,8/12/2026,8/17/2026,8/17/2026,IT,geliefert,FSc,
cloud-mailing_botnet-detected-notification_tv1_repeater_de.properties,123,,MxG,EN,Susan,,jazz,Z:\Produkte\F!Apps\FappSmartHome\GUI\Android\deutsch\2026.07,8/12/2026,8/17/2026,8/17/2026,IT,geliefert,FSc,
cloud-mailing_botnet-detected-notification_tv1_repeater_de.properties,123,,MxG,Es,Maria,Helena,jazz,Z:\Produkte\F!Apps\FappSmartHome\GUI\Android\deutsch\2026.07,8/12/2026,8/19/2026,8/17/2026,IT,geliefert,FSc,
cloud-mailing_botnet-detected-notification_tv1_repeater_de.properties,123,,MxG,Fr,Martine,,jazz,Z:\Produkte\F!Apps\FappSmartHome\GUI\Android\deutsch\2026.07,8/12/2026,8/17/2026,8/17/2026,IT,geliefert,FSc,
cloud-mailing_botnet-detected-notification_tv1_repeater_de.properties,123,,MxG,It,Laura,,jazz,Z:\Produkte\F!Apps\FappSmartHome\GUI\Android\deutsch\2026.07,8/12/2026,8/19/2026,8/19/2026,IT,geliefert,FSc,
cloud-mailing_botnet-detected-notification_tv1_repeater_de.properties,123,,MxG,Nl,Angelique,,jazz,Z:\Produkte\F!Apps\FappSmartHome\GUI\Android\deutsch\2026.07,8/12/2026,8/17/2026,8/17/2026,IT,geliefert,FSc,
cloud-mailing_common_tv2_de.properties,133,,MxG,EN,Susan,,jazz,Z:\Produkte\F!Apps\FappSmartHome\GUI\Android\deutsch\2026.07,8/12/2026,8/17/2026,8/17/2026,IT,geliefert,FSc,
cloud-mailing_common_tv2_de.properties,133,,MxG,Es,Maria,Helena,jazz,Z:\Produkte\F!Apps\FappSmartHome\GUI\Android\deutsch\2026.07,8/12/2026,8/19/2026,8/17/2026,IT,geliefert,FSc,
cloud-mailing_common_tv2_de.properties,133,,MxG,Fr,Martine,,jazz,Z:\Produkte\F!Apps\FappSmartHome\GUI\Android\deutsch\2026.07,8/12/2026,8/17/2026,8/17/2026,IT,geliefert,FSc,
cloud-mailing_common_tv2_de.properties,133,,MxG,It,Laura,,jazz,Z:\Produkte\F!Apps\FappSmartHome\GUI\Android\deutsch\2026.07,8/12/2026,8/19/2026,8/19/2026,IT,geliefert,FSc,
cloud-mailing_common_tv2_de.properties,133,,MxG,Nl,Angelique,,jazz,Z:\Produkte\F!Apps\FappSmartHome\GUI\Android\deutsch\2026.07,8/12/2026,8/17/2026,8/17/2026,IT,geliefert,FSc,
cloud-mailing_password-reset_tv1_de.properties,75,,MxG,EN,Susan,,jazz,Z:\Produkte\F!Apps\FappSmartHome\GUI\Android\deutsch\2026.07,8/12/2026,8/17/2026,8/17/2026,IT,geliefert,FSc,
cloud-mailing_password-reset_tv1_de.properties,75,,MxG,Es,Maria,Helena,jazz,Z:\Produkte\F!Apps\FappSmartHome\GUI\Android\deutsch\2026.07,8/12/2026,8/19/2026,8/17/2026,IT,geliefert,FSc,
cloud-mailing_password-reset_tv1_de.properties,75,,MxG,Fr,Martine,,jazz,Z:\Produkte\F!Apps\FappSmartHome\GUI\Android\deutsch\2026.07,8/12/2026,8/17/2026,8/17/2026,IT,geliefert,FSc,
cloud-mailing_password-reset_tv1_de.properties,75,,MxG,It,Laura,,jazz,Z:\Produkte\F!Apps\FappSmartHome\GUI\Android\deutsch\2026.07,8/12/2026,8/19/2026,8/19/2026,IT,geliefert,FSc,
cloud-mailing_password-reset_tv1_de.properties,75,,MxG,Nl,Angelique,,jazz,Z:\Produkte\F!Apps\FappSmartHome\GUI\Android\deutsch\2026.07,8/12/2026,8/17/2026,8/17/2026,IT,geliefert,FSc,
cloud-mailing_safety-warning_tv1_de.properties,154,,MxG,EN,Susan,,jazz,Z:\Produkte\F!Apps\FappSmartHome\GUI\Android\deutsch\2026.07,8/12/2026,8/17/2026,8/17/2026,IT,geliefert,FSc,
cloud-mailing_safety-warning_tv1_de.properties,154,,MxG,Es,Maria,Helena,jazz,Z:\Produkte\F!Apps\FappSmartHome\GUI\Android\deutsch\2026.07,8/12/2026,8/19/2026,8/17/2026,IT,geliefert,FSc,
cloud-mailing_safety-warning_tv1_de.properties,154,,MxG,Fr,Martine,,jazz,Z:\Produkte\F!Apps\FappSmartHome\GUI\Android\deutsch\2026.07,8/12/2026,8/17/2026,8/17/2026,IT,geliefert,FSc,
cloud-mailing_safety-warning_tv1_de.properties,154,,MxG,It,Laura,,jazz,Z:\Produkte\F!Apps\FappSmartHome\GUI\Android\deutsch\2026.07,8/12/2026,8/19/2026,8/19/2026,IT,geliefert,FSc,
cloud-mailing_safety-warning_tv1_de.properties,154,,MxG,Nl,Angelique,,jazz,Z:\Produkte\F!Apps\FappSmartHome\GUI\Android\deutsch\2026.07,8/12/2026,8/17/2026,8/17/2026,IT,geliefert,FSc,
cloud-mailing_status_tv3_de.properties,1207,,MxG,EN,Susan,,jazz,Z:\Produkte\F!Apps\FappSmartHome\GUI\Android\deutsch\2026.07,8/12/2026,8/17/2026,8/17/2026,IT,geliefert,FSc,
cloud-mailing_status_tv3_de.properties,1207,,MxG,Es,Maria,Helena,jazz,Z:\Produkte\F!Apps\FappSmartHome\GUI\Android\deutsch\2026.07,8/12/2026,8/19/2026,8/17/2026,IT,geliefert,FSc,
cloud-mailing_status_tv3_de.properties,1207,,MxG,Fr,Martine,,jazz,Z:\Produkte\F!Apps\FappSmartHome\GUI\Android\deutsch\2026.07,8/12/2026,8/17/2026,8/17/2026,IT,geliefert,FSc,
cloud-mailing_status_tv3_de.properties,1207,,MxG,It,Laura,,jazz,Z:\Produkte\F!Apps\FappSmartHome\GUI\Android\deutsch\2026.07,8/12/2026,8/19/2026,8/19/2026,IT,geliefert,FSc,
cloud-mailing_status_tv3_de.properties,1207,,MxG,Nl,Angelique,,jazz,Z:\Produkte\F!Apps\FappSmartHome\GUI\Android\deutsch\2026.07,8/12/2026,8/17/2026,8/17/2026,IT,geliefert,FSc,
MyFapp_20260811_delta-de.xml,5810,60,MZa,DE,Franziska,Carsten,jazz,Z:\Produkte\F!Apps\FappMyF\GUI\Android\deutsch\2026.08,8/12/2026,8/12/2026,8/12/2026,User Interface & Clients,geliefert,FSc,
MyFapp_20260811_delta-de.xml,5810,,MZa,En-US,Susan,,jazz,Z:\Produkte\F!Apps\FappMyF\GUI\Android\deutsch\2026.08,8/12/2026,8/19/2026,8/19/2026,User Interface & Clients,geliefert,FSc,
MyFapp_20260811_delta-de.xml,5810,,MZa,UK,Lisa,John,jazz,Z:\Produkte\F!Apps\FappMyF\GUI\Android\deutsch\2026.08,8/12/2026,8/19/2026,8/19/2026,User Interface & Clients,geliefert,FSc,
MyFapp_20260811_delta-de.xml,5810,,MZa,Es,Helena,,jazz,Z:\Produkte\F!Apps\FappMyF\GUI\Android\deutsch\2026.08,8/12/2026,8/19/2026,8/19/2026,User Interface & Clients,geliefert,FSc,
MyFapp_20260811_delta-de.xml,5810,,MZa,Fr,Martine,,jazz,Z:\Produkte\F!Apps\FappMyF\GUI\Android\deutsch\2026.08,8/12/2026,8/19/2026,8/19/2026,User Interface & Clients,geliefert,FSc,
MyFapp_20260811_delta-de.xml,5810,,MZa,It,Laura,,jazz,Z:\Produkte\F!Apps\FappMyF\GUI\Android\deutsch\2026.08,8/12/2026,8/19/2026,8/19/2026,User Interface & Clients,geliefert,FSc,
MyFapp_20260811_delta-de.xml,5810,,MZa,Nl,Angelique,,jazz,Z:\Produkte\F!Apps\FappMyF\GUI\Android\deutsch\2026.08,8/12/2026,8/19/2026,8/19/2026,User Interface & Clients,geliefert,FSc,
MyFapp_20260811_delta-de.xml,5810,,MZa,Pl,Christoph,,jazz,Z:\Produkte\F!Apps\FappMyF\GUI\Android\deutsch\2026.08,8/12/2026,8/19/2026,8/19/2026,User Interface & Clients,geliefert,FSc,
MyFapp_20260811_delta-de.xml,5810,,MZa,SL,Yabylon,,jazz,Z:\Produkte\F!Apps\FappMyF\GUI\Android\deutsch\2026.08,8/12/2026,8/19/2026,8/19/2026,User Interface & Clients,geliefert,FSc,
Fragen 40 Jahre FRITZ-de.docx,93,,KGO,EN,John,Susan,LS-Tracker,Z:\Produkte\D2C\deutsch\2026.08,8/13/2026,8/24/2026,8/24/2026,D2C Ecommerce,korrigiert,Hme,
Fragen 40 Jahre FRITZ-de.docx,93,,KGO,IT,Cristina,Laura,LS-Tracker,Z:\Produkte\D2C\deutsch\2026.09,8/13/2026,8/24/2026,8/24/2026,D2C Ecommerce,,Hme,
Changelogs.docx,,,NRi,EN,Susan,,jazz,Z:\Produkte\F!Apps\Apps_allgemein,8/13/2026,8/14/2026,8/14/2026,User Interface & Clients,geliefert,FSc,
Changelogs.docx,,,NRi,Es,Alba,,jazz,Z:\Produkte\F!Apps\Apps_allgemein,8/13/2026,8/14/2026,8/14/2026,User Interface & Clients,geliefert,FSc,
Changelogs.docx,,,NRi,Fr,Martine,,jazz,Z:\Produkte\F!Apps\Apps_allgemein,8/13/2026,8/18/2026,8/18/2026,User Interface & Clients,,FSc,
Changelogs.docx,,,NRi,It,Laura,,jazz,Z:\Produkte\F!Apps\Apps_allgemein,8/13/2026,8/18/2026,8/18/2026,User Interface & Clients,geliefert,FSc,
Changelogs.docx,,,NRi,Nl,Angelique,,jazz,Z:\Produkte\F!Apps\Apps_allgemein,8/13/2026,8/14/2026,8/14/2026,User Interface & Clients,geliefert,FSc,
Changelogs.docx,,,NRi,Pl,Christoph,,jazz,Z:\Produkte\F!Apps\Apps_allgemein,8/13/2026,8/14/2026,8/14/2026,User Interface & Clients,geliefert,FSc,
Changelogs.docx,,,NRi,SL,Yabylon,,jazz,Z:\Produkte\F!Apps\Apps_allgemein,8/13/2026,8/14/2026,8/14/2026,User Interface & Clients,geliefert,FSc,
"Nachtrag_Upgrade-translations-nl-ARTICLE.json,64,,DBo,EN,Susan,,LS-Tracker,""Z:\Produkte\Texte Web, Marketing, etc\deutsch\2026.08\Kampagne Update-Heimnetz\DE"",8/13/2026,8/14/2026,8/14/2026,Corporate Communications,importiert,,"
"Nachtrag_Upgrade-translations-es-ARTICLE.json,64,,DBo,ES,Alba,,LS-Tracker,""Z:\Produkte\Texte Web, Marketing, etc\deutsch\2026.08\Kampagne Update-Heimnetz\DE"",8/13/2026,8/13/2026,8/14/2026,Corporate Communications,importiert,,"
"Nachtrag_Upgrade-translations-fr-ARTICLE.json,64,,DBo,FR,Martine,,LS-Tracker,""Z:\Produkte\Texte Web, Marketing, etc\deutsch\2026.08\Kampagne Update-Heimnetz\DE"",8/13/2026,8/13/2026,8/14/2026,Corporate Communications,importiert,,"
"Nachtrag_Upgrade-translations-it-ARTICLE.json,64,,DBo,IT,Laura,,LS-Tracker,""Z:\Produkte\Texte Web, Marketing, etc\deutsch\2026.08\Kampagne Update-Heimnetz\DE"",8/13/2026,8/13/2026,8/14/2026,Corporate Communications,importiert,,"
"Nachtrag_Upgrade-translations-nl-ARTICLE.json,64,,DBo,NL,Angelique,,LS-Tracker,""Z:\Produkte\Texte Web, Marketing, etc\deutsch\2026.08\Kampagne Update-Heimnetz\DE"",8/13/2026,8/14/2026,8/14/2026,Corporate Communications,importiert,,"
cloud-mailing_successful-app-login-notification_tv1_box_de.properties,264,,MxG,EN,Susan,,jazz,Z:\Produkte\F!Apps\FappSmartHome\GUI\Android\deutsch\2026.07,8/13/2026,8/19/2026,8/19/2026,IT,geliefert,FSc,
cloud-mailing_successful-app-login-notification_tv1_box_de.properties,264,,MxG,Es,Maria,Helena,jazz,Z:\Produkte\F!Apps\FappSmartHome\GUI\Android\deutsch\2026.07,8/13/2026,8/19/2026,8/19/2026,IT,geliefert,FSc,
cloud-mailing_successful-app-login-notification_tv1_box_de.properties,264,,MxG,Fr,Martine,,jazz,Z:\Produkte\F!Apps\FappSmartHome\GUI\Android\deutsch\2026.07,8/13/2026,8/19/2026,8/19/2026,IT,geliefert,FSc,
cloud-mailing_successful-app-login-notification_tv1_box_de.properties,264,,MxG,It,Laura,,jazz,Z:\Produkte\F!Apps\FappSmartHome\GUI\Android\deutsch\2026.07,8/13/2026,8/19/2026,8/19/2026,IT,geliefert,FSc,
cloud-mailing_successful-app-login-notification_tv1_box_de.properties,264,,MxG,Nl,Angelique,,jazz,Z:\Produkte\F!Apps\FappSmartHome\GUI\Android\deutsch\2026.07,8/13/2026,8/19/2026,8/19/2026,IT,geliefert,FSc,
cloud-mailing_successful-app-login-notification_tv1_repeater_de.properties,264,,MxG,EN,Susan,,jazz,Z:\Produkte\F!Apps\FappSmartHome\GUI\Android\deutsch\2026.07,8/13/2026,8/19/2026,8/19/2026,IT,geliefert,FSc,
cloud-mailing_successful-app-login-notification_tv1_repeater_de.properties,264,,MxG,Es,Maria,Helena,jazz,Z:\Produkte\F!Apps\FappSmartHome\GUI\Android\deutsch\2026.07,8/13/2026,8/19/2026,8/19/2026,IT,geliefert,FSc,
cloud-mailing_successful-app-login-notification_tv1_repeater_de.properties,264,,MxG,Fr,Martine,,jazz,Z:\Produkte\F!Apps\FappSmartHome\GUI\Android\deutsch\2026.07,8/13/2026,8/19/2026,8/19/2026,IT,geliefert,FSc,
cloud-mailing_successful-app-login-notification_tv1_repeater_de.properties,264,,MxG,It,Laura,,jazz,Z:\Produkte\F!Apps\FappSmartHome\GUI\Android\deutsch\2026.07,8/13/2026,8/19/2026,8/19/2026,IT,geliefert,FSc,
cloud-mailing_successful-app-login-notification_tv1_repeater_de.properties,264,,MxG,Nl,Angelique,,jazz,Z:\Produkte\F!Apps\FappSmartHome\GUI\Android\deutsch\2026.07,8/13/2026,8/19/2026,8/19/2026,IT,geliefert,FSc,
cloud-mailing_successful-app-login-notification-batch_tv1_box_de.properties,270,,MxG,EN,Susan,,jazz,Z:\Produkte\F!Apps\FappSmartHome\GUI\Android\deutsch\2026.07,8/13/2026,8/19/2026,8/19/2026,IT,geliefert,FSc,
cloud-mailing_successful-app-login-notification-batch_tv1_box_de.properties,270,,MxG,Es,Maria,Helena,jazz,Z:\Produkte\F!Apps\FappSmartHome\GUI\Android\deutsch\2026.07,8/13/2026,8/19/2026,8/19/2026,IT,geliefert,FSc,
cloud-mailing_successful-app-login-notification-batch_tv1_box_de.properties,270,,MxG,Fr,Martine,,jazz,Z:\Produkte\F!Apps\FappSmartHome\GUI\Android\deutsch\2026.07,8/13/2026,8/19/2026,8/19/2026,IT,geliefert,FSc,
cloud-mailing_successful-app-login-notification-batch_tv1_box_de.properties,270,,MxG,It,Laura,,jazz,Z:\Produkte\F!Apps\FappSmartHome\GUI\Android\deutsch\2026.07,8/13/2026,8/19/2026,8/19/2026,IT,geliefert,FSc,
cloud-mailing_successful-app-login-notification-batch_tv1_box_de.properties,270,,MxG,Nl,Angelique,,jazz,Z:\Produkte\F!Apps\FappSmartHome\GUI\Android\deutsch\2026.07,8/13/2026,8/19/2026,8/19/2026,IT,geliefert,FSc,
Master_HB_FBox_sm24p2_2026-08-14_D-00000088_T-00001101_EngineeringModules_de-DE_en-GB.xml.xml,272,,Cmi,EN,John,,LS-Tracker,Z:\International\Tico\work\2026-08-14_D-00000088_T-00001101_de-DE_en-GB.xml\untranslated,8/13/2026,8/18/2026,8/24/2026,Technical Communication,importiert,Hme,
translation-delta--myfosp1--2026-08-10_to_2026-08-14_de.po,5,,MSE,EN,Susan,,Cloud,Z:\Produkte\F!Box allgemein\GUI-JS3\deutsch\2026.08,8/14/2026,8/14/2026,8/14/2026,User Interface & Clients,,Hme,
translation-delta--myfosp1--2026-08-10_to_2026-08-14_de.po,5,,MSE,FR,,,Cloud,Z:\Produkte\F!Box allgemein\GUI-JS3\deutsch\2026.09,8/14/2026,8/14/2026,8/14/2026,User Interface & Clients,,Hme,
translation-delta--myfosp1--2026-08-10_to_2026-08-14_de.po,5,,MSE,IT,,,Cloud,Z:\Produkte\F!Box allgemein\GUI-JS3\deutsch\2026.10,8/14/2026,8/14/2026,8/14/2026,User Interface & Clients,,Hme,
translation-delta--myfosp1--2026-08-10_to_2026-08-14_de.po,5,,MSE,NL,Angelique,,Cloud,Z:\Produkte\F!Box allgemein\GUI-JS3\deutsch\2026.11,8/14/2026,8/14/2026,8/14/2026,User Interface & Clients,,Hme,
translation-delta--myfosp1--2026-08-10_to_2026-08-14_de.po,5,,MSE,ES,Alba,,Cloud,Z:\Produkte\F!Box allgemein\GUI-JS3\deutsch\2026.12,8/14/2026,8/14/2026,8/14/2026,User Interface & Clients,,Hme,
translation-delta--myfosp1--2026-08-10_to_2026-08-14_de.po,5,,MSE,PL,Christoph,,Cloud,Z:\Produkte\F!Box allgemein\GUI-JS3\deutsch\2026.13,8/14/2026,8/14/2026,8/14/2026,User Interface & Clients,,Hme,
translation-delta--myfosp1--2026-08-10_to_2026-08-14_de.po,5,,MSE,SL,Yabylon,,Cloud,Z:\Produkte\F!Box allgemein\GUI-JS3\deutsch\2026.14,8/14/2026,8/14/2026,8/14/2026,User Interface & Clients,,Hme,
"Neuer Text Labor Bekannte Problem-de.docx,44,,FGT,EN,Susan/John,,LS-Tracker,""Z:\Produkte\Texte Web, Marketing, etc\deutsch\2026.08"",8/14/2026,8/17/2026,8/18/2026,Corporate Communications,geliefert,Hme,"
"Änderung Text zu Neue Leistungsmerkmale-de.docx,311,,FGT,EN,Susan/John,,LS-Tracker,""Z:\Produkte\Texte Web, Marketing, etc\deutsch\2026.09"",8/14/2026,8/17/2026,8/18/2026,Corporate Communications,geliefert,Hme,"
cloud-mailing_successful-app-login-notification-batch_tv1_repeater_de.properties,237,,MxG,EN,Susan,,jazz,Z:\Produkte\F!Apps\FappSmartHome\GUI\Android\deutsch\2026.07,8/14/2026,8/19/2026,8/20/2026,IT,geliefert,FSc,
cloud-mailing_successful-app-login-notification-batch_tv1_repeater_de.properties,237,,MxG,Es,Maria,Helena,jazz,Z:\Produkte\F!Apps\FappSmartHome\GUI\Android\deutsch\2026.07,8/14/2026,8/19/2026,8/20/2026,IT,geliefert,FSc,
cloud-mailing_successful-app-login-notification-batch_tv1_repeater_de.properties,237,,MxG,Fr,Marie,,jazz,Z:\Produkte\F!Apps\FappSmartHome\GUI\Android\deutsch\2026.07,8/14/2026,8/19/2026,8/20/2026,IT,geliefert,FSc,
cloud-mailing_successful-app-login-notification-batch_tv1_repeater_de.properties,237,,MxG,It,Laura,,jazz,Z:\Produkte\F!Apps\FappSmartHome\GUI\Android\deutsch\2026.07,8/14/2026,8/19/2026,8/20/2026,IT,geliefert,FSc,
cloud-mailing_successful-app-login-notification-batch_tv1_repeater_de.properties,237,,MxG,Nl,Angelique,,jazz,Z:\Produkte\F!Apps\FappSmartHome\GUI\Android\deutsch\2026.07,8/14/2026,8/19/2026,8/20/2026,IT,geliefert,FSc,
cloud-mailing_successful-login-notification_tv1_box_de.properties,269,,MxG,EN,Susan,,jazz,Z:\Produkte\F!Apps\FappSmartHome\GUI\Android\deutsch\2026.07,8/14/2026,8/19/2026,8/20/2026,IT,geliefert,FSc,
cloud-mailing_successful-login-notification_tv1_box_de.properties,269,,MxG,Es,Maria,Helena,jazz,Z:\Produkte\F!Apps\FappSmartHome\GUI\Android\deutsch\2026.07,8/14/2026,8/19/2026,8/20/2026,IT,geliefert,FSc,
cloud-mailing_successful-login-notification_tv1_box_de.properties,269,,MxG,Fr,Marie,,jazz,Z:\Produkte\F!Apps\FappSmartHome\GUI\Android\deutsch\2026.07,8/14/2026,8/19/2026,8/20/2026,IT,geliefert,FSc,
cloud-mailing_successful-login-notification_tv1_box_de.properties,269,,MxG,It,Laura,,jazz,Z:\Produkte\F!Apps\FappSmartHome\GUI\Android\deutsch\2026.07,8/14/2026,8/19/2026,8/20/2026,IT,geliefert,FSc,
cloud-mailing_successful-login-notification_tv1_box_de.properties,269,,MxG,Nl,Angelique,,jazz,Z:\Produkte\F!Apps\FappSmartHome\GUI\Android\deutsch\2026.07,8/14/2026,8/19/2026,8/20/2026,IT,geliefert,FSc,
cloud-mailing_successful-login-notification_tv1_repeater_de.properties,269,,MxG,EN,Susan,,jazz,Z:\Produkte\F!Apps\FappSmartHome\GUI\Android\deutsch\2026.07,8/14/2026,8/19/2026,8/20/2026,IT,geliefert,FSc,
cloud-mailing_successful-login-notification_tv1_repeater_de.properties,269,,MxG,Es,Maria,Helena,jazz,Z:\Produkte\F!Apps\FappSmartHome\GUI\Android\deutsch\2026.07,8/14/2026,8/19/2026,8/20/2026,IT,geliefert,FSc,
cloud-mailing_successful-login-notification_tv1_repeater_de.properties,269,,MxG,Fr,Marie,,jazz,Z:\Produkte\F!Apps\FappSmartHome\GUI\Android\deutsch\2026.07,8/14/2026,8/19/2026,8/20/2026,IT,geliefert,FSc,
cloud-mailing_successful-login-notification_tv1_repeater_de.properties,269,,MxG,It,Laura,,jazz,Z:\Produkte\F!Apps\FappSmartHome\GUI\Android\deutsch\2026.07,8/14/2026,8/19/2026,8/20/2026,IT,geliefert,FSc,
cloud-mailing_successful-login-notification_tv1_repeater_de.properties,269,,MxG,Nl,Angelique,,jazz,Z:\Produkte\F!Apps\FappSmartHome\GUI\Android\deutsch\2026.07,8/14/2026,8/19/2026,8/20/2026,IT,geliefert,FSc,
cloud-mailing_successful-login-notification-batch_tv1_box_de.properties,267,,MxG,EN,Susan,,jazz,Z:\Produkte\F!Apps\FappSmartHome\GUI\Android\deutsch\2026.07,8/14/2026,8/19/2026,8/20/2026,IT,geliefert,FSc,
cloud-mailing_successful-login-notification-batch_tv1_box_de.properties,267,,MxG,Es,Maria,Helena,jazz,Z:\Produkte\F!Apps\FappSmartHome\GUI\Android\deutsch\2026.07,8/14/2026,8/19/2026,8/20/2026,IT,geliefert,FSc,
cloud-mailing_successful-login-notification-batch_tv1_box_de.properties,267,,MxG,Fr,Marie,,jazz,Z:\Produkte\F!Apps\FappSmartHome\GUI\Android\deutsch\2026.07,8/14/2026,8/19/2026,8/20/2026,IT,geliefert,FSc,
cloud-mailing_successful-login-notification-batch_tv1_box_de.properties,267,,MxG,It,Laura,,jazz,Z:\Produkte\F!Apps\FappSmartHome\GUI\Android\deutsch\2026.07,8/14/2026,8/19/2026,8/20/2026,IT,geliefert,FSc,
cloud-mailing_successful-login-notification-batch_tv1_box_de.properties,267,,MxG,Nl,Angelique,,jazz,Z:\Produkte\F!Apps\FappSmartHome\GUI\Android\deutsch\2026.07,8/14/2026,8/19/2026,8/20/2026,IT,geliefert,FSc,
cloud-mailing_successful-login-notification-batch_tv1_repeater_de.properties,267,,MxG,EN,Susan,,jazz,Z:\Produkte\F!Apps\FappSmartHome\GUI\Android\deutsch\2026.07,8/14/2026,8/19/2026,8/20/2026,IT,geliefert,FSc,
cloud-mailing_successful-login-notification-batch_tv1_repeater_de.properties,267,,MxG,Es,Maria,Helena,jazz,Z:\Produkte\F!Apps\FappSmartHome\GUI\Android\deutsch\2026.07,8/14/2026,8/19/2026,8/20/2026,IT,geliefert,FSc,
cloud-mailing_successful-login-notification-batch_tv1_repeater_de.properties,267,,MxG,Fr,Marie,,jazz,Z:\Produkte\F!Apps\FappSmartHome\GUI\Android\deutsch\2026.07,8/14/2026,8/19/2026,8/20/2026,IT,geliefert,FSc,
cloud-mailing_successful-login-notification-batch_tv1_repeater_de.properties,267,,MxG,It,Laura,,jazz,Z:\Produkte\F!Apps\FappSmartHome\GUI\Android\deutsch\2026.07,8/14/2026,8/19/2026,8/20/2026,IT,geliefert,FSc,
cloud-mailing_successful-login-notification-batch_tv1_repeater_de.properties,267,,MxG,Nl,Angelique,,jazz,Z:\Produkte\F!Apps\FappSmartHome\GUI\Android\deutsch\2026.07,8/14/2026,8/19/2026,8/20/2026,IT,geliefert,FSc,
0000_12.1154.1.7_translate-from-de.xml,401,,GAB,EN,Susan,,Mail,Z:\Produkte\F!Box allgemein\GUI-html2\deutsch\2026.08\12.1154.1.7,8/14/2026,8/19/2026,8/21/2026,User Interface & Clients,geliefert,FSc,
0000_12.1154.1.7_translate-from-de.xml,401,,GAB,FR,Marie,,Mail,Z:\Produkte\F!Box allgemein\GUI-html2\deutsch\2026.08\12.1154.1.8,8/14/2026,8/19/2026,8/21/2026,User Interface & Clients,geliefert,FSc,
0000_12.1154.1.7_translate-from-de.xml,401,,GAB,IT,Laura,,Mail,Z:\Produkte\F!Box allgemein\GUI-html2\deutsch\2026.08\12.1154.1.9,8/14/2026,8/19/2026,8/21/2026,User Interface & Clients,geliefert,FSc,
0000_12.1154.1.7_translate-from-de.xml,401,,GAB,ES,Helena,,Mail,Z:\Produkte\F!Box allgemein\GUI-html2\deutsch\2026.08\12.1154.1.10,8/14/2026,8/19/2026,8/21/2026,User Interface & Clients,geliefert,FSc,
0000_12.1154.1.7_translate-from-de.xml,401,,GAB,NL,Angelique,,Mail,Z:\Produkte\F!Box allgemein\GUI-html2\deutsch\2026.08\12.1154.1.11,8/14/2026,8/19/2026,8/21/2026,User Interface & Clients,geliefert,FSc,
0000_12.1154.1.7_translate-from-de-to-pl.xml,401,,GAB,PL,Christoph,,Mail,Z:\Produkte\F!Box allgemein\GUI-html2\deutsch\2026.08\12.1154.1.12,8/14/2026,8/19/2026,8/21/2026,User Interface & Clients,geliefert,FSc,
0000_12.1154.1.7_translate-from-de-to-sl.xml,401,,GAB,SL,Yabylon,,Mail,Z:\Produkte\F!Box allgemein\GUI-html2\deutsch\2026.08\12.1154.1.13,8/14/2026,8/19/2026,8/21/2026,User Interface & Clients,geliefert,FSc,
Alt gegen Neu Teilnahmebedingungen Aktualisierung.docx,130,,Gle,EN,Susan/John,,LS-Tracker,Z:\Produkte\D2C\deutsch\2026.08,8/17/2026,8/18/2026,8/19/2026,Sales Marketing,geliefert,Msi,
SEO_Text--translations-en-COLLECTION.json,31,,Lca,EN,Susan/John,,LS-Tracker,Z:\Produkte\FRITZ!com\2026.08\KW 34\DE,8/17/2026,8/19/2026,8/20/2026,D2C Ecommerce,Ü-fertig,Msi,
SEO_Text--translations-en-ONLINE_STORE_THEME.json,254,,Lca,EN,Susan/John,,LS-Tracker,Z:\Produkte\FRITZ!com\2026.08\KW 34\DE,8/17/2026,8/19/2026,8/20/2026,D2C Ecommerce,Ü-fertig,Msi,
SEO_Text--translations-es-COLLECTION.json,31,,Lca,ES,Alba,,LS-Tracker,Z:\Produkte\FRITZ!com\2026.08\KW 34\DE,8/17/2026,8/19/2026,8/20/2026,D2C Ecommerce,Ü-fertig,Msi,
SEO_Text--translations-es-ONLINE_STORE_THEME.json,254,,Lca,ES,Alba,,LS-Tracker,Z:\Produkte\FRITZ!com\2026.08\KW 34\DE,8/17/2026,8/19/2026,8/20/2026,D2C Ecommerce,Ü-fertig,Msi,
SEO_Text--translations-fr-COLLECTION.json,31,,Lca,FR,Marie,Martine,LS-Tracker,Z:\Produkte\FRITZ!com\2026.08\KW 34\DE,8/17/2026,8/19/2026,8/20/2026,D2C Ecommerce,Ü-fertig,Msi,
SEO_Text--translations-fr-ONLINE_STORE_THEME.json,254,,Lca,FR,Marie,Martine,LS-Tracker,Z:\Produkte\FRITZ!com\2026.08\KW 34\DE,8/17/2026,8/19/2026,8/20/2026,D2C Ecommerce,Ü-fertig,Msi,
SEO_Text--translations-it-COLLECTION.json,31,,Lca,IT,Laura,,LS-Tracker,Z:\Produkte\FRITZ!com\2026.08\KW 34\DE,8/17/2026,8/20/2026,8/20/2026,D2C Ecommerce,Ü-fertig,Msi,
SEO_Text--translations-it-ONLINE_STORE_THEME.json,254,,Lca,IT,Laura,,LS-Tracker,Z:\Produkte\FRITZ!com\2026.08\KW 34\DE,8/17/2026,8/20/2026,8/20/2026,D2C Ecommerce,Ü-fertig,Msi,
SEO_Text--translations-nl-COLLECTION.json,31,,Lca,NL,Angelique,,LS-Tracker,Z:\Produkte\FRITZ!com\2026.08\KW 34\DE,8/17/2026,8/19/2026,8/20/2026,D2C Ecommerce,Ü-fertig,Msi,
SEO_Text--translations-nl-ONLINE_STORE_THEME.json,254,,Lca,NL,Angelique,,LS-Tracker,Z:\Produkte\FRITZ!com\2026.08\KW 34\DE,8/17/2026,8/19/2026,8/20/2026,D2C Ecommerce,Ü-fertig,Msi,
cloud-mailing_update-available-notification_tv1_box_de.properties,51,,MxG,EN,Susan,,jazz,Z:\Produkte\F!Apps\FappSmartHome\GUI\Android\deutsch\2026.07,8/17/2026,8/20/2026,8/20/2026,IT,geliefert,FSc,
cloud-mailing_update-available-notification_tv1_box_de.properties,51,,MxG,Es,Maria,Helena,jazz,Z:\Produkte\F!Apps\FappSmartHome\GUI\Android\deutsch\2026.07,8/17/2026,8/28/2026,8/26/2026,IT,geliefert,FSc,
cloud-mailing_update-available-notification_tv1_box_de.properties,51,,MxG,Fr,Martine,,jazz,Z:\Produkte\F!Apps\FappSmartHome\GUI\Android\deutsch\2026.07,8/17/2026,8/20/2026,8/20/2026,IT,geliefert,FSc,
cloud-mailing_update-available-notification_tv1_box_de.properties,51,,MxG,It,Laura,,jazz,Z:\Produkte\F!Apps\FappSmartHome\GUI\Android\deutsch\2026.07,8/17/2026,8/20/2026,8/20/2026,IT,geliefert,FSc,
cloud-mailing_update-available-notification_tv1_box_de.properties,51,,MxG,Nl,Angelique,,jazz,Z:\Produkte\F!Apps\FappSmartHome\GUI\Android\deutsch\2026.07,8/17/2026,8/20/2026,8/20/2026,IT,geliefert,FSc,
cloud-mailing_update-available-notification_tv1_repeater_de.properties,51,,MxG,EN,Susan,,jazz,Z:\Produkte\F!Apps\FappSmartHome\GUI\Android\deutsch\2026.07,8/17/2026,8/20/2026,8/20/2026,IT,geliefert,FSc,
cloud-mailing_update-available-notification_tv1_repeater_de.properties,51,,MxG,Es,Maria,Helena,jazz,Z:\Produkte\F!Apps\FappSmartHome\GUI\Android\deutsch\2026.07,8/17/2026,8/28/2026,8/26/2026,IT,geliefert,FSc,
cloud-mailing_update-available-notification_tv1_repeater_de.properties,51,,MxG,Fr,Martine,,jazz,Z:\Produkte\F!Apps\FappSmartHome\GUI\Android\deutsch\2026.07,8/17/2026,8/20/2026,8/20/2026,IT,geliefert,FSc,
cloud-mailing_update-available-notification_tv1_repeater_de.properties,51,,MxG,It,Laura,,jazz,Z:\Produkte\F!Apps\FappSmartHome\GUI\Android\deutsch\2026.07,8/17/2026,8/20/2026,8/20/2026,IT,geliefert,FSc,
cloud-mailing_update-available-notification_tv1_repeater_de.properties,51,,MxG,Nl,Angelique,,jazz,Z:\Produkte\F!Apps\FappSmartHome\GUI\Android\deutsch\2026.07,8/17/2026,8/20/2026,8/20/2026,IT,geliefert,FSc,
cloud-mailing_update-failed-notification_tv1_box_de.properties,153,,MxG,EN,Susan,,jazz,Z:\Produkte\F!Apps\FappSmartHome\GUI\Android\deutsch\2026.07,8/17/2026,8/20/2026,8/20/2026,IT,geliefert,FSc,
cloud-mailing_update-failed-notification_tv1_box_de.properties,153,,MxG,Es,Maria,Helena,jazz,Z:\Produkte\F!Apps\FappSmartHome\GUI\Android\deutsch\2026.07,8/17/2026,8/28/2026,8/26/2026,IT,geliefert,FSc,
cloud-mailing_update-failed-notification_tv1_box_de.properties,153,,MxG,Fr,Martine,,jazz,Z:\Produkte\F!Apps\FappSmartHome\GUI\Android\deutsch\2026.07,8/17/2026,8/20/2026,8/20/2026,IT,geliefert,FSc,
cloud-mailing_update-failed-notification_tv1_box_de.properties,153,,MxG,It,Laura,,jazz,Z:\Produkte\F!Apps\FappSmartHome\GUI\Android\deutsch\2026.07,8/17/2026,8/20/2026,8/20/2026,IT,geliefert,FSc,
cloud-mailing_update-failed-notification_tv1_box_de.properties,153,,MxG,Nl,Angelique,,jazz,Z:\Produkte\F!Apps\FappSmartHome\GUI\Android\deutsch\2026.07,8/17/2026,8/20/2026,8/20/2026,IT,geliefert,FSc,
cloud-mailing_update-failed-notification_tv1_repeater_de.properties,153,,MxG,EN,Susan,,jazz,Z:\Produkte\F!Apps\FappSmartHome\GUI\Android\deutsch\2026.07,8/17/2026,8/20/2026,8/20/2026,IT,geliefert,FSc,
cloud-mailing_update-failed-notification_tv1_repeater_de.properties,153,,MxG,Es,Maria,Helena,jazz,Z:\Produkte\F!Apps\FappSmartHome\GUI\Android\deutsch\2026.07,8/17/2026,8/28/2026,8/26/2026,IT,geliefert,FSc,
cloud-mailing_update-failed-notification_tv1_repeater_de.properties,153,,MxG,Fr,Martine,,jazz,Z:\Produkte\F!Apps\FappSmartHome\GUI\Android\deutsch\2026.07,8/17/2026,8/20/2026,8/20/2026,IT,geliefert,FSc,
cloud-mailing_update-failed-notification_tv1_repeater_de.properties,153,,MxG,It,Laura,,jazz,Z:\Produkte\F!Apps\FappSmartHome\GUI\Android\deutsch\2026.07,8/17/2026,8/20/2026,8/20/2026,IT,geliefert,FSc,
cloud-mailing_update-failed-notification_tv1_repeater_de.properties,153,,MxG,Nl,Angelique,,jazz,Z:\Produkte\F!Apps\FappSmartHome\GUI\Android\deutsch\2026.07,8/17/2026,8/20/2026,8/20/2026,IT,geliefert,FSc,
cloud-mailing_update-succeeded-notification_tv1_box_de.properties,164,,MxG,EN,Susan,,jazz,Z:\Produkte\F!Apps\FappSmartHome\GUI\Android\deutsch\2026.07,8/17/2026,8/20/2026,8/20/2026,IT,geliefert,FSc,
cloud-mailing_update-succeeded-notification_tv1_box_de.properties,164,,MxG,Es,Maria,Helena,jazz,Z:\Produkte\F!Apps\FappSmartHome\GUI\Android\deutsch\2026.07,8/17/2026,8/28/2026,8/26/2026,IT,geliefert,FSc,
cloud-mailing_update-succeeded-notification_tv1_box_de.properties,164,,MxG,Fr,Martine,,jazz,Z:\Produkte\F!Apps\FappSmartHome\GUI\Android\deutsch\2026.07,8/17/2026,8/20/2026,8/20/2026,IT,geliefert,FSc,
cloud-mailing_update-succeeded-notification_tv1_box_de.properties,164,,MxG,It,Laura,,jazz,Z:\Produkte\F!Apps\FappSmartHome\GUI\Android\deutsch\2026.07,8/17/2026,8/20/2026,8/20/2026,IT,geliefert,FSc,
cloud-mailing_update-succeeded-notification_tv1_box_de.properties,164,,MxG,Nl,Angelique,,jazz,Z:\Produkte\F!Apps\FappSmartHome\GUI\Android\deutsch\2026.07,8/17/2026,8/20/2026,8/20/2026,IT,geliefert,FSc,
cloud-mailing_update-succeeded-notification_tv1_repeater_de.properties,164,,MxG,EN,Susan,,jazz,Z:\Produkte\F!Apps\FappSmartHome\GUI\Android\deutsch\2026.07,8/17/2026,8/20/2026,8/20/2026,IT,geliefert,FSc,
cloud-mailing_update-succeeded-notification_tv1_repeater_de.properties,164,,MxG,Es,Maria,Helena,jazz,Z:\Produkte\F!Apps\FappSmartHome\GUI\Android\deutsch\2026.07,8/17/2026,8/28/2026,8/26/2026,IT,geliefert,FSc,
cloud-mailing_update-succeeded-notification_tv1_repeater_de.properties,164,,MxG,Fr,Martine,,jazz,Z:\Produkte\F!Apps\FappSmartHome\GUI\Android\deutsch\2026.07,8/17/2026,8/20/2026,8/20/2026,IT,geliefert,FSc,
cloud-mailing_update-succeeded-notification_tv1_repeater_de.properties,164,,MxG,It,Laura,,jazz,Z:\Produkte\F!Apps\FappSmartHome\GUI\Android\deutsch\2026.07,8/17/2026,8/20/2026,8/20/2026,IT,geliefert,FSc,
cloud-mailing_update-succeeded-notification_tv1_repeater_de.properties,164,,MxG,Nl,Angelique,,jazz,Z:\Produkte\F!Apps\FappSmartHome\GUI\Android\deutsch\2026.07,8/17/2026,8/20/2026,8/20/2026,IT,geliefert,FSc,
2026-05-26_D-00000089_T-00001077_EngineeringModules_de-DE_en-GB.xml,214,,Cmi,EN,John,,LS-Tracker,Z:\International\Tico\work\2026-05-26_D-00000089_T-00001077_de-DE_en-GB.xml,8/18/2026,8/19/2026,8/19/2026,Technical Communication,,Msi,
Newsletteranmeldung,1,,Lca,EN,John,,LS-Tracker,,8/17/2026,8/18/2026,8/18/2026,D2C Ecommerce,Ü-fertig,Msi,
Newsletteranmeldung,1,,Lca,NL,Angelique,,LS-Tracker,,8/17/2026,8/18/2026,8/18/2026,D2C Ecommerce,Ü-fertig,Msi,
Newsletteranmeldung,1,,Lca,IT,Laura,,LS-Tracker,,8/17/2026,8/18/2026,8/18/2026,D2C Ecommerce,Ü-fertig,Msi,
Newsletteranmeldung,1,,Lca,FR,Martine,,LS-Tracker,,8/17/2026,8/18/2026,8/18/2026,D2C Ecommerce,Ü-fertig,Msi,
Newsletteranmeldung,1,,Lca,ES,Helena,,LS-Tracker,,8/17/2026,8/18/2026,8/18/2026,D2C Ecommerce,Ü-fertig,Msi,
Back2Work_Uni-translations-[Sprache]-ONLINE_STORE_THEME.json,108,,Lca,EN,John,Susan,LS-Tracker,Z:\Produkte\FRITZ!com\2026.08\KW 34,8/18/2026,8/20/2026,8/20/2026,D2C Ecommerce,importiert,Lbo,
Back2Work_Uni-translations-[Sprache]-ONLINE_STORE_THEME.json,108,,Lca,ES,Alba,,LS-Tracker,Z:\Produkte\FRITZ!com\2026.08\KW 34,8/18/2026,8/20/2026,8/20/2026,D2C Ecommerce,importiert,Lbo,
Back2Work_Uni-translations-[Sprache]-ONLINE_STORE_THEME.json,108,,Lca,IT,Laura,,LS-Tracker,Z:\Produkte\FRITZ!com\2026.08\KW 34,8/18/2026,8/20/2026,8/20/2026,D2C Ecommerce,importiert,Lbo,
Back2Work_Uni-translations-[Sprache]-ONLINE_STORE_THEME.json,108,,Lca,NL,Angelique,,LS-Tracker,Z:\Produkte\FRITZ!com\2026.08\KW 34,8/18/2026,8/20/2026,8/20/2026,D2C Ecommerce,importiert,Lbo,
Übersetzungsauftrag_Smart-Home-Satz-FR.docx,17,,Lca,EN,John,,LS-Tracker,Z:\Produkte\FRITZ!com\2026.08\KW 34,8/18/2026,8/20/2026,8/21/2026,D2C Ecommerce,geliefert,Lbo,
Übersetzungsauftrag_Smart-Home-Satz-FR.docx,17,,Lca,FR,Martine,,LS-Tracker,Z:\Produkte\FRITZ!com\2026.08\KW 34,8/18/2026,8/20/2026,8/21/2026,D2C Ecommerce,geliefert,Lbo,
"Dynamic Content ""dc.labor-version_installieren"",188,,Tpo,EN,Lisa,,LS-Tracker,Z:\Produkte\Support-Aufträge\08.2026\18.08.26,8/18/2026,8/24/2026,8/25/2026,Technical Communication,ausgecheckt,Rho,"
"Dynamic Content ""dc.labor-version_installieren"",188,,Tpo,IT,Laura,,LS-Tracker,Z:\Produkte\Support-Aufträge\08.2026\18.08.26,8/18/2026,8/20/2026,8/25/2026,Technical Communication,ausgecheckt,Rho,"
"Dynamic Content ""dc.labor-version_installieren"",188,,Tpo,NL,Angelique,,LS-Tracker,Z:\Produkte\Support-Aufträge\08.2026\18.08.26,8/18/2026,8/20/2026,8/25/2026,Technical Communication,ausgecheckt,Rho,"
"Dynamic Content ""dc.labor-version_installieren"",188,,Tpo,ES,Alba,,LS-Tracker,Z:\Produkte\Support-Aufträge\08.2026\18.08.26,8/18/2026,8/25/2026,8/25/2026,Technical Communication,ausgecheckt,Rho,"
"20260818_Garan_Text_DE_Vorlage.docx,157,,Apa,EN,John,,LS-Tracker,""Z:\Produkte\Texte Web, Marketing, etc\deutsch\2026.08"",8/18/2026,8/20/2026,8/21/2026,Sales Marketing,ausgecheckt,Msi,"
"20260818_Garan_Text_DE_Vorlage.docx,157,,Apa,IT,Laura,,LS-Tracker,""Z:\Produkte\Texte Web, Marketing, etc\deutsch\2026.08"",8/18/2026,8/20/2026,8/21/2026,Sales Marketing,Ü-fertig,Msi,"
"20260818_Garan_Text_DE_Vorlage.docx,157,,Apa,ES,Alba,,LS-Tracker,""Z:\Produkte\Texte Web, Marketing, etc\deutsch\2026.08"",8/18/2026,8/20/2026,8/21/2026,Sales Marketing,ausgecheckt,Msi,"
"20260818_Garan_Text_DE_Vorlage.docx,157,,Apa,NL,Angelique,,LS-Tracker,""Z:\Produkte\Texte Web, Marketing, etc\deutsch\2026.08"",8/18/2026,8/20/2026,8/21/2026,Sales Marketing,ausgecheckt,Msi,"
"20260818_Garan_Text_DE_Vorlage.docx,157,,Apa,FR,Martine,Marie,LS-Tracker,""Z:\Produkte\Texte Web, Marketing, etc\deutsch\2026.08"",8/18/2026,8/20/2026,8/21/2026,Sales Marketing,,Msi,"
2026-08-18T13-44-37_PM-History-Texts.xml,536,15,TJa,DE,Franziska,,LS-Tracker,,8/18/2026,8/18/2026,8/18/2026,Product Management,geliefert,FSc,
2026-08-18T14-28-31_PM-History-Texts_korr-de.xml,536,15,TJa,EN,Lisa,,LS-Tracker,,8/18/2026,8/18/2026,8/19/2026,Product Management,geliefert,FSc,
Master_OH_FB_MFOS_V5-2026-08-18_D-00000094_T-00001106_EngineeringModules_de-DE_en-GB.xml.xml,1715,,Cmi,EN,Susan,,LS-Tracker,Z:\International\Tico\work,8/18/2026,8/21/2026,8/21/2026,Technical Communication,Ü-fertig,Msi,
Master_OH_FB_MFOS_V5-2026-08-18_D-00000094_T-00001106_EngineeringModules_Fragments_de-DE_en-GB.xml,6,,Cmi,EN,Martine,,LS-Tracker,Z:\International\Tico\work,8/18/2026,8/21/2026,8/21/2026,Technical Communication,Ü-fertig,Msi,
Master_OH_FB_MFOS_V5-2026-08-18_D-00000094_T-00001105_EngineeringModules_de-DE_nl-NL.xml,1845,,Cmi,NL,Angelique,,LS-Tracker,Z:\International\Tico\work,8/18/2026,8/21/2026,8/21/2026,Technical Communication,Ü-fertig,Msi,
Master_OH_FB_MFOS_V5-2026-08-18_D-00000094_T-00001105_EngineeringModules_Fragments_de-DE_nl-NL.xml,6,,Cmi,NL,Martine,,LS-Tracker,Z:\International\Tico\work,8/18/2026,8/21/2026,8/21/2026,Technical Communication,Ü-fertig,Msi,
Master_OH_FB_MFOS_V5-2026-08-18_D-00000094_T-00001104_EngineeringModules_de-DE_it-IT.xml,1845,,Cmi,IT,Laura,,LS-Tracker,Z:\International\Tico\work,8/18/2026,8/21/2026,8/21/2026,Technical Communication,Ü-fertig,Msi,
Master_OH_FB_MFOS_V5-2026-08-18_D-00000094_T-00001104_EngineeringModules_Fragments_de-DE_it-IT.xml,6,,Cmi,IT,Martine,,LS-Tracker,Z:\International\Tico\work,8/18/2026,8/21/2026,8/21/2026,Technical Communication,Ü-fertig,Msi,
Master_OH_FB_MFOS_V5-2026-08-18_D-00000094_T-00001103_EngineeringModules_de-DE_es-ES.xml,1845,,Cmi,ES,Helena,,LS-Tracker,Z:\International\Tico\work,8/18/2026,8/21/2026,8/21/2026,Technical Communication,Ü-fertig,Msi,
Master_OH_FB_MFOS_V5-2026-08-18_D-00000094_T-00001103_EngineeringModules_Fragments_de-DE_es-ES.xml,6,,Cmi,ES,Martine,,LS-Tracker,Z:\International\Tico\work,8/18/2026,8/21/2026,8/21/2026,Technical Communication,Ü-fertig,Msi,
Master_OH_FB_MFOS_V5-2026-08-18_D-00000094_T-00001102_EngineeringModules_de-DE_fr-FR.xml,1845,,Cmi,FR,Martine,,LS-Tracker,Z:\International\Tico\work,8/18/2026,8/21/2026,8/21/2026,Technical Communication,,Msi,
Master_OH_FB_MFOS_V5-2026-08-18_D-00000094_T-00001102_EngineeringModules_de-DE_fr-FR.xml,6,,Cmi,FR,Martine,,LS-Tracker,Z:\International\Tico\work,8/18/2026,8/21/2026,8/21/2026,Technical Communication,Ü-fertig,Msi,
"Textänderungen_Ratgeber.docx,126,,Fgt,EN,Susan,,LS-Tracker,""Z:\Produkte\Texte Web, Marketing, etc\deutsch\2026.08"",8/18/2026,8/19/2026,8/20/2026,Corporate Communications,ausgecheckt,Msi,"
"Textänderungen_Ratgeber.docx,126,,Fgt,IT,Laura,,LS-Tracker,""Z:\Produkte\Texte Web, Marketing, etc\deutsch\2026.08"",8/18/2026,8/19/2026,8/20/2026,Corporate Communications,ausgecheckt,Msi,"
"Textänderungen_Ratgeber.docx,126,,Fgt,ES,Alba,,LS-Tracker,""Z:\Produkte\Texte Web, Marketing, etc\deutsch\2026.08"",8/18/2026,8/19/2026,8/20/2026,Corporate Communications,ausgecheckt,Msi,"
"Textänderungen_Ratgeber.docx,126,,Fgt,NL,Angelique,,LS-Tracker,""Z:\Produkte\Texte Web, Marketing, etc\deutsch\2026.08"",8/18/2026,8/19/2026,8/20/2026,Corporate Communications,ausgecheckt,Msi,"
"Textänderungen_Ratgeber.docx,126,,Fgt,FR,Martine,,LS-Tracker,""Z:\Produkte\Texte Web, Marketing, etc\deutsch\2026.08"",8/18/2026,8/19/2026,8/20/2026,Corporate Communications,ausgecheckt,Msi,"
Wieder auf Lager.docx,76,,ATC,EN,Susan,,LS-Tracker,Z:\Produkte\D2C\<Sprache>\2026.08,8/18/2026,8/20/2026,8/21/2026,D2C Ecommerce,geliefert,Lbo,
Wieder auf Lager.docx,76,,ATC,ES,Alba,,LS-Tracker,Z:\Produkte\D2C\<Sprache>\2026.08,8/18/2026,8/20/2026,8/21/2026,D2C Ecommerce,geliefert,Lbo,
Wieder auf Lager.docx,76,,ATC,FR,Martine,,LS-Tracker,Z:\Produkte\D2C\<Sprache>\2026.08,8/18/2026,8/20/2026,8/21/2026,D2C Ecommerce,geliefert,Lbo,
Wieder auf Lager.docx,76,,ATC,IT,Laura,,LS-Tracker,Z:\Produkte\D2C\<Sprache>\2026.08,8/18/2026,8/20/2026,8/21/2026,D2C Ecommerce,geliefert,Lbo,
Wieder auf Lager.docx,76,,ATC,NL,Angelique,,LS-Tracker,Z:\Produkte\D2C\<Sprache>\2026.08,8/18/2026,8/20/2026,8/21/2026,D2C Ecommerce,geliefert,Lbo,
Wieder auf Lager.docx,76,,ATC,PL,Christoph,,LS-Tracker,Z:\Produkte\D2C\<Sprache>\2026.08,8/18/2026,8/21/2026,8/21/2026,D2C Ecommerce,geliefert,Lbo,
reminder back2work.docx,50,,JFI,IT,Laura,,LS-Tracker,Z:\Produkte\D2C\<Sprache>\2026.08,8/18/2026,8/25/2026,8/25/2026,D2C Ecommerce,geliefert,Lbo,
reminder back2work.docx,50,,JFI,NL,Angelique,,LS-Tracker,Z:\Produkte\D2C\<Sprache>\2026.08,8/18/2026,8/25/2026,8/25/2026,D2C Ecommerce,geliefert,Lbo,
reminder back2work.docx,50,,JFI,ES,Alba,,LS-Tracker,Z:\Produkte\D2C\<Sprache>\2026.08,8/18/2026,8/25/2026,8/25/2026,D2C Ecommerce,geliefert,Lbo,
BackInStock-translations-[Sprache]-METAOBJECT.json,447,,CST,EN,Susan,,LS-Tracker,Z:\Produkte\FRITZ!com\2026.08\KW 34,8/18/2026,8/20/2026,8/21/2026,D2C Ecommerce,importiert,Lbo,
BackInStock-translations-[Sprache]-METAOBJECT.json,447,,CST,ES,Alba,,LS-Tracker,Z:\Produkte\FRITZ!com\2026.08\KW 34,8/18/2026,8/20/2026,8/21/2026,D2C Ecommerce,importiert,Lbo,
BackInStock-translations-[Sprache]-METAOBJECT.json,447,,CST,FR,Martine,Marie,LS-Tracker,Z:\Produkte\FRITZ!com\2026.08\KW 34,8/18/2026,8/20/2026,8/21/2026,D2C Ecommerce,importiert,Lbo,
BackInStock-translations-[Sprache]-METAOBJECT.json,447,,CST,IT,Laura,,LS-Tracker,Z:\Produkte\FRITZ!com\2026.08\KW 34,8/18/2026,8/20/2026,8/21/2026,D2C Ecommerce,importiert,Lbo,
BackInStock-translations-[Sprache]-METAOBJECT.json,447,,CST,NL,Angelique,,LS-Tracker,Z:\Produkte\FRITZ!com\2026.08\KW 34,8/18/2026,8/21/2026,8/21/2026,D2C Ecommerce,Ü-fertig,Lbo,
PSPs_v2-translations-[Sprache]-ONLINE_STORE_THEME.json,180,,AKU,EN,Laura,,LS-Tracker,Z:\Produkte\FRITZ!com\2026.08\KW 34,8/18/2026,8/18/2026,8/20/2026,Technical Communication,importiert,Lbo,
PSPs_v2-translations-[Sprache]-METAOBJECT.json,1024,,AKU,EN,Laura,,LS-Tracker,Z:\Produkte\FRITZ!com\2026.08\KW 34,8/18/2026,8/18/2026,8/20/2026,Technical Communication,importiert,Lbo,
PSPs_v2_EOS-translations-[Sprache]-METAOBJECT.json,278,,AKU,EN,Laura,,LS-Tracker,Z:\Produkte\FRITZ!com\2026.08\KW 34,8/18/2026,8/18/2026,8/20/2026,Technical Communication,importiert,Lbo,
PSPs_v2_SKB-translations-[Sprache]-METAOBJECT.json,307,,AKU,EN,Laura,,LS-Tracker,Z:\Produkte\FRITZ!com\2026.08\KW 34,8/18/2026,8/18/2026,8/20/2026,Technical Communication,importiert,Lbo,
PSPs_v2-translations-[Sprache]-ONLINE_STORE_THEME.json,180,,AKU,ES,Laura,,LS-Tracker,Z:\Produkte\FRITZ!com\2026.08\KW 34,8/18/2026,8/20/2026,8/20/2026,Technical Communication,importiert,Lbo,
PSPs_v2-translations-[Sprache]-METAOBJECT.json,1024,,AKU,ES,Laura,,LS-Tracker,Z:\Produkte\FRITZ!com\2026.08\KW 34,8/18/2026,8/20/2026,8/20/2026,Technical Communication,importiert,Lbo,
PSPs_v2_EOS-translations-[Sprache]-METAOBJECT.json,278,,AKU,ES,Laura,,LS-Tracker,Z:\Produkte\FRITZ!com\2026.08\KW 34,8/18/2026,8/20/2026,8/20/2026,Technical Communication,importiert,Lbo,
PSPs_v2_SKB-translations-[Sprache]-METAOBJECT.json,307,,AKU,ES,Laura,,LS-Tracker,Z:\Produkte\FRITZ!com\2026.08\KW 34,8/18/2026,8/20/2026,8/20/2026,Technical Communication,importiert,Lbo,
PSPs_v2-translations-[Sprache]-ONLINE_STORE_THEME.json,180,,AKU,FR,Martine,,LS-Tracker,Z:\Produkte\FRITZ!com\2026.08\KW 34,8/18/2026,8/20/2026,8/20/2026,Technical Communication,importiert,Lbo,
PSPs_v2-translations-[Sprache]-METAOBJECT.json,1024,,AKU,FR,Martine,,LS-Tracker,Z:\Produkte\FRITZ!com\2026.08\KW 34,8/18/2026,8/20/2026,8/20/2026,Technical Communication,importiert,Lbo,
PSPs_v2_EOS-translations-[Sprache]-METAOBJECT.json,278,,AKU,FR,Martine,,LS-Tracker,Z:\Produkte\FRITZ!com\2026.08\KW 34,8/18/2026,8/20/2026,8/20/2026,Technical Communication,importiert,Lbo,
PSPs_v2_SKB-translations-[Sprache]-METAOBJECT.json,307,,AKU,FR,Martine,,LS-Tracker,Z:\Produkte\FRITZ!com\2026.08\KW 34,8/18/2026,8/20/2026,8/20/2026,Technical Communication,importiert,Lbo,
PSPs_v2-translations-[Sprache]-ONLINE_STORE_THEME.json,180,,AKU,IT,Laura,,LS-Tracker,Z:\Produkte\FRITZ!com\2026.08\KW 34,8/18/2026,8/20/2026,8/20/2026,Technical Communication,importiert,Lbo,
PSPs_v2-translations-[Sprache]-METAOBJECT.json,1024,,AKU,IT,Laura,,LS-Tracker,Z:\Produkte\FRITZ!com\2026.08\KW 34,8/18/2026,8/20/2026,8/20/2026,Technical Communication,importiert,Lbo,
PSPs_v2_EOS-translations-[Sprache]-METAOBJECT.json,278,,AKU,IT,Laura,,LS-Tracker,Z:\Produkte\FRITZ!com\2026.08\KW 34,8/18/2026,8/20/2026,8/20/2026,Technical Communication,importiert,Lbo,
PSPs_v2_SKB-translations-[Sprache]-METAOBJECT.json,307,,AKU,IT,Laura,,LS-Tracker,Z:\Produkte\FRITZ!com\2026.08\KW 34,8/18/2026,8/20/2026,8/20/2026,Technical Communication,importiert,Lbo,
PSPs_v2-translations-[Sprache]-ONLINE_STORE_THEME.json,180,,AKU,NL,Laura,,LS-Tracker,Z:\Produkte\FRITZ!com\2026.08\KW 34,8/18/2026,8/20/2026,8/20/2026,Technical Communication,importiert,Lbo,
PSPs_v2-translations-[Sprache]-METAOBJECT.json,1024,,AKU,NL,Laura,,LS-Tracker,Z:\Produkte\FRITZ!com\2026.08\KW 34,8/18/2026,8/20/2026,8/20/2026,Technical Communication,importiert,Lbo,
PSPs_v2_EOS-translations-[Sprache]-METAOBJECT.json,278,,AKU,NL,Laura,,LS-Tracker,Z:\Produkte\FRITZ!com\2026.08\KW 34,8/18/2026,8/20/2026,8/20/2026,Technical Communication,importiert,Lbo,
PSPs_v2_SKB-translations-[Sprache]-METAOBJECT.json,307,,AKU,NL,Laura,,LS-Tracker,Z:\Produkte\FRITZ!com\2026.08\KW 34,8/18/2026,8/20/2026,8/20/2026,Technical Communication,importiert,Lbo,
"IFA 2026 Showcase Skript_PPM (002).docx,1077,,JFK,EN,Susan/Lisa,,LS-Tracker,""Z:\Produkte\Texte Web, Marketing, etc\deutsch\2026.08"",8/19/2026,8/21/2026,8/24/2026,Corporate Communications,Ü-fertig,Msi,"
"IFA 2026 Showcase Skript_PPM (002).docx,1077,,JFK,NL,Angelique,,LS-Tracker,""Z:\Produkte\Texte Web, Marketing, etc\deutsch\2026.08"",8/19/2026,8/21/2026,8/24/2026,Corporate Communications,Ü-fertig,Msi,"
"IFA 2026 Showcase Skript_PPM (002).docx,1077,,JFK,IT,Laura,,LS-Tracker,""Z:\Produkte\Texte Web, Marketing, etc\deutsch\2026.08"",8/19/2026,8/21/2026,8/24/2026,Corporate Communications,Ü-fertig,Msi,"
"IFA 2026 Showcase Skript_PPM (002).docx,1077,,JFK,ES,Alba,,LS-Tracker,""Z:\Produkte\Texte Web, Marketing, etc\deutsch\2026.08"",8/19/2026,8/21/2026,8/24/2026,Corporate Communications,Ü-fertig,Msi,"
"IFA 2026 Showcase Skript_PPM (002).docx,1077,,JFK,PL,Christoph,,LS-Tracker,""Z:\Produkte\Texte Web, Marketing, etc\deutsch\2026.08"",8/19/2026,8/21/2026,8/24/2026,Corporate Communications,,Msi,"
"IFA 2026 Showcase Skript_PPM (002).docx,1077,,JFK,FR,Marie,Martine,LS-Tracker,""Z:\Produkte\Texte Web, Marketing, etc\deutsch\2026.08"",8/19/2026,8/21/2026,8/24/2026,Corporate Communications,Ü-fertig,Msi,"
"Änderungen Labor Neues und Verbesserungen.docx,387,,Fgt,EN,Susan,,LS-Tracker,""Z:\Produkte\Texte Web, Marketing, etc\deutsch\2026.08"",8/19/2026,8/19/2026,8/24/2026,Corporate Communications,,Msi,"
FappSH_20260819-de.xliff,,60,CWy,DE,Carsten,Franziska,jazz,Z:\Produkte\F!Apps\FappSmartHome\GUI\iOS\deutsch\2026.08,8/19/2026,8/20/2026,8/20/2026,User Interface & Clients,geliefert,FSc,
cloud-mailing_welcome_tv1_de.properties,32,,MxG,EN,Susan,,jazz,Z:\Produkte\F!Apps\FappSmartHome\GUI\Android\deutsch\2026.07,8/19/2026,8/20/2026,8/21/2026,IT,geliefert,FSc,
cloud-mailing_welcome_tv1_de.properties,32,,MxG,Es,Maria,Helena,jazz,Z:\Produkte\F!Apps\FappSmartHome\GUI\Android\deutsch\2026.07,8/19/2026,8/28/2026,8/25/2026,IT,geliefert,FSc,
cloud-mailing_welcome_tv1_de.properties,32,,MxG,Fr,Marie,,jazz,Z:\Produkte\F!Apps\FappSmartHome\GUI\Android\deutsch\2026.07,8/19/2026,8/20/2026,8/21/2026,IT,geliefert,FSc,
cloud-mailing_welcome_tv1_de.properties,32,,MxG,It,Laura,,jazz,Z:\Produkte\F!Apps\FappSmartHome\GUI\Android\deutsch\2026.07,8/19/2026,8/20/2026,8/21/2026,IT,geliefert,FSc,
cloud-mailing_welcome_tv1_de.properties,32,,MxG,Nl,Angelique,,jazz,Z:\Produkte\F!Apps\FappSmartHome\GUI\Android\deutsch\2026.07,8/19/2026,8/20/2026,8/21/2026,IT,geliefert,FSc,
cloud-mailing_welcome_tv1_de.properties,32,,MxG,EN,Susan,,jazz,Z:\Produkte\F!Apps\FappSmartHome\GUI\Android\deutsch\2026.07,8/19/2026,8/20/2026,8/21/2026,IT,geliefert,FSc,
cloud-sso_account-app_de.json,1492,,MxG,Es,Maria,Helena,jazz,Z:\Produkte\F!Apps\FappSmartHome\GUI\Android\deutsch\2026.07,8/19/2026,8/28/2026,8/25/2026,IT,geliefert,FSc,
cloud-sso_account-app_de.json,1492,,MxG,Fr,Marie,,jazz,Z:\Produkte\F!Apps\FappSmartHome\GUI\Android\deutsch\2026.07,8/19/2026,8/20/2026,8/21/2026,IT,geliefert,FSc,
cloud-sso_account-app_de.json,1492,,MxG,It,Laura,,jazz,Z:\Produkte\F!Apps\FappSmartHome\GUI\Android\deutsch\2026.07,8/19/2026,8/20/2026,8/21/2026,IT,geliefert,FSc,
cloud-sso_account-app_de.json,1492,,MxG,Nl,Angelique,,jazz,Z:\Produkte\F!Apps\FappSmartHome\GUI\Android\deutsch\2026.07,8/19/2026,8/20/2026,8/21/2026,IT,geliefert,FSc,
cloud-sso_login_de.properties,1648,,MxG,EN,Susan,,jazz,Z:\Produkte\F!Apps\FappSmartHome\GUI\Android\deutsch\2026.07,8/19/2026,8/20/2026,8/21/2026,IT,geliefert,FSc,
cloud-sso_login_de.properties,1648,,MxG,Es,Maria,Helena,jazz,Z:\Produkte\F!Apps\FappSmartHome\GUI\Android\deutsch\2026.07,8/19/2026,8/28/2026,8/25/2026,IT,geliefert,FSc,
cloud-sso_login_de.properties,1648,,MxG,Fr,Martine,,jazz,Z:\Produkte\F!Apps\FappSmartHome\GUI\Android\deutsch\2026.07,8/19/2026,8/20/2026,8/21/2026,IT,geliefert,FSc,
cloud-sso_login_de.properties,1648,,MxG,It,Laura,,jazz,Z:\Produkte\F!Apps\FappSmartHome\GUI\Android\deutsch\2026.07,8/19/2026,8/20/2026,8/21/2026,IT,geliefert,FSc,
cloud-sso_login_de.properties,1648,,MxG,Nl,Angelique,,jazz,Z:\Produkte\F!Apps\FappSmartHome\GUI\Android\deutsch\2026.07,8/19/2026,8/20/2026,8/21/2026,IT,geliefert,FSc,
AGB-translations-[Sprache]-SHOP_POLICY.json,7578,,FSH,EN,Susan,,LS-Tracker,Z:\Produkte\FRITZ!com\2026.08\KW 34,8/19/2026,8/26/2026,8/24/2026,Corporate Legal,Ü-fertig,,
AGB-translations-[Sprache]-SHOP_POLICY.json,7578,,FSH,ES,Alba,,LS-Tracker,Z:\Produkte\FRITZ!com\2026.08\KW 34,8/19/2026,8/26/2026,8/24/2026,Corporate Legal,Ü-fertig,,
AGB-translations-[Sprache]-SHOP_POLICY.json,7578,,FSH,FR,Martine,,LS-Tracker,Z:\Produkte\FRITZ!com\2026.08\KW 34,8/19/2026,8/25/2026,8/24/2026,Corporate Legal,Ü-fertig,,
AGB-translations-[Sprache]-SHOP_POLICY.json,7578,,FSH,IT,Laura,,LS-Tracker,Z:\Produkte\FRITZ!com\2026.08\KW 34,8/20/2026,8/24/2026,8/24/2026,Corporate Legal,,,
AGB-translations-[Sprache]-SHOP_POLICY.json,7578,,FSH,NL,Angelique,,LS-Tracker,Z:\Produkte\FRITZ!com\2026.08\KW 34,8/21/2026,8/24/2026,8/24/2026,Corporate Legal,Ü-fertig,,
40Jahre-de.docx,,,RWr,EN,Susan,,jazz,Z:\Produkte\F!Apps\FappMyF\GUI\iOS\deutsch\2026.08,8/20/2026,8/20/2026,8/20/2026,User Interface & Clients,,FSc,
40Jahre-de.docx,,,RWr,Es,Alba,,jazz,Z:\Produkte\F!Apps\FappMyF\GUI\iOS\deutsch\2026.08,8/20/2026,8/20/2026,8/20/2026,User Interface & Clients,,FSc,
40Jahre-de.docx,,,RWr,Fr,Martine,Marie,jazz,Z:\Produkte\F!Apps\FappMyF\GUI\iOS\deutsch\2026.08,8/20/2026,8/20/2026,8/20/2026,User Interface & Clients,,FSc,
40Jahre-de.docx,,,RWr,It,Laura,,jazz,Z:\Produkte\F!Apps\FappMyF\GUI\iOS\deutsch\2026.08,8/20/2026,8/20/2026,8/20/2026,User Interface & Clients,,FSc,
40Jahre-de.docx,,,RWr,Nl,Angelique,,jazz,Z:\Produkte\F!Apps\FappMyF\GUI\iOS\deutsch\2026.08,8/20/2026,8/20/2026,8/20/2026,User Interface & Clients,,FSc,
40Jahre-de.docx,,,RWr,Pl,Christoph,,jazz,Z:\Produkte\F!Apps\FappMyF\GUI\iOS\deutsch\2026.08,8/20/2026,8/20/2026,8/20/2026,User Interface & Clients,,FSc,
40Jahre-de.docx,,,RWr,SL,Yabylon,,jazz,Z:\Produkte\F!Apps\FappMyF\GUI\iOS\deutsch\2026.08,8/25/2026,8/25/2026,8/25/2026,User Interface & Clients,,FSc,
"Änderungen Labor Neues und Verbesserungen-2.docx,80,,Fgt,EN,Susan,,LS-Tracker,""Z:\Produkte\Texte Web, Marketing, etc\deutsch\2026.08"",8/20/2026,8/20/2026,8/20/2026,Corporate Communications,,Msi,"
"Änderungen Labor Neues und Verbesserungen-3.docx,153,,Fgt,EN,Susan,,LS-Tracker,""Z:\Produkte\Texte Web, Marketing, etc\deutsch\2026.08"",8/20/2026,8/20/2026,8/20/2026,Corporate Communications,,Msi,"
"Umfrage.xlsx,1659,,Kba,EN,John/Lisa/Susan,,Mail,""Z:\Produkte\Texte Web, Marketing, etc\deutsch\2026.08"",8/20/2026,8/24/2026,8/24/2026,Corporate Communications,Ü-fertig,Msi,"
Umfrage -  Korrektur deutsch,,,KBa,DE,,,Mail,,8/25/2026,8/25/2026,8/26/2026,Corporate Communications,geliefert,,
Umfrage -  Korrektur englisch,,60,KBa,EN,John,Franziska,Mail,,8/25/2026,8/26/2026,8/26/2026,Corporate Communications,geliefert,,
"20260818_Garan_Text_DE_Vorlage.docx,157,,Apa,PL,Christoph,,LS-Tracker,""Z:\Produkte\Texte Web, Marketing, etc\deutsch\2026.08"",8/20/2026,8/21/2026,8/21/2026,Sales Marketing,,Msi,"
FappSH_20260824-de-<Zielsprachkürzel>.xliff,8863,,CWy,Es,Alba,Helena,jazz,Z:\Produkte\F!Apps\FappSmartHome\GUI\iOS\<Zielsprache>\2026.08,8/24/2026,8/26/2026,8/26/2026,User Interface & Clients,geliefert,FSc,
FappSH_20260824-de-<Zielsprachkürzel>.xliff,8531,,CWy,Fr,Marie,Martine,jazz,Z:\Produkte\F!Apps\FappSmartHome\GUI\iOS\<Zielsprache>\2026.08,8/24/2026,8/26/2026,8/26/2026,User Interface & Clients,geliefert,FSc,
FappSH_20260824-de-<Zielsprachkürzel>.xliff,8531,,CWy,It,Laura,,jazz,Z:\Produkte\F!Apps\FappSmartHome\GUI\iOS\<Zielsprache>\2026.08,8/24/2026,8/26/2026,8/26/2026,User Interface & Clients,geliefert,FSc,
FappSH_20260824-de-<Zielsprachkürzel>.xliff,8531,,CWy,Nl,Marion,Angelique,jazz,Z:\Produkte\F!Apps\FappSmartHome\GUI\iOS\<Zielsprache>\2026.08,8/24/2026,8/27/2026,8/28/2026,User Interface & Clients,geliefert,FSc,
FappSH_20260824-de-<Zielsprachkürzel>.xliff,8863,,CWy,Pl,Christoph,,jazz,Z:\Produkte\F!Apps\FappSmartHome\GUI\iOS\<Zielsprache>\2026.08,8/24/2026,8/26/2026,8/26/2026,User Interface & Clients,geliefert,FSc,
FappSH_20260824-de-<Zielsprachkürzel>.xliff,8531,,CWy,SL,Yabylon,,jazz,Z:\Produkte\F!Apps\FappSmartHome\GUI\iOS\<Zielsprache>\2026.08,8/24/2026,8/26/2026,8/26/2026,User Interface & Clients,geliefert,FSc,
FappSH_20260824-de-<Zielsprachkürzel>.xliff,8531,,CWy,EN,Susan,,jazz,Z:\Produkte\F!Apps\FappSmartHome\GUI\iOS\<Zielsprache>\2026.08,8/24/2026,8/26/2026,8/26/2026,User Interface & Clients,geliefert,FSc,
20260824_Datenschutz-from-de-to-pl.xml,130,,ALb,EN,Lisa,Susan,Mail,Z:\Produkte\F!Box allgemein\GUI-html2\deutsch\2026.08,8/24/2026,8/28/2026,8/28/2026,User Interface & Clients,geliefert,FSc,
20260824_Datenschutz-from-de-to-pl.xml,130,,ALb,Es,Alba,Helena,Mail,Z:\Produkte\F!Box allgemein\GUI-html2\deutsch\2026.08,8/24/2026,8/28/2026,8/28/2026,User Interface & Clients,geliefert,FSc,
20260824_Datenschutz-from-de-to-pl.xml,130,,ALb,Fr,Marie,,Mail,Z:\Produkte\F!Box allgemein\GUI-html2\deutsch\2026.08,8/24/2026,8/28/2026,8/28/2026,User Interface & Clients,geliefert,FSc,
20260824_Datenschutz-from-de-to-pl.xml,130,,ALb,IT,Cristina,Laura,Mail,Z:\Produkte\F!Box allgemein\GUI-html2\deutsch\2026.08,8/24/2026,8/28/2026,8/28/2026,User Interface & Clients,geliefert,FSc,
20260824_Datenschutz-from-de-to-pl.xml,130,,ALb,Nl,Marion,Angelique,Mail,Z:\Produkte\F!Box allgemein\GUI-html2\deutsch\2026.08,8/24/2026,8/28/2026,8/28/2026,User Interface & Clients,geliefert,FSc,
20260824_Datenschutz-from-de-to-pl.xml,130,,ALb,Pl,Christoph,,Mail,Z:\Produkte\F!Box allgemein\GUI-html2\deutsch\2026.08,8/24/2026,8/28/2026,8/28/2026,User Interface & Clients,geliefert,FSc,
20260824_Datenschutz-from-de-to-pl.xml,130,,ALb,SL,Yabylon,,Mail,Z:\Produkte\F!Box allgemein\GUI-html2\deutsch\2026.08,8/24/2026,8/28/2026,8/28/2026,User Interface & Clients,geliefert,FSc,
SEO_DECT_Telefone-translations-[Sprache]-COLLECTION.json,27,,LCa,EN,Susan,,LS-Tracker,Z:\Produkte\FRITZ!com\2026.08\KW 35,8/24/2026,8/27/2026,8/27/2026,D2C Ecommerce,importiert,Lbo,
SEO_DECT_Telefone-translations-[Sprache]-ONLINE_STORE_THEME.json,25,,LCa,EN,Susan,,LS-Tracker,Z:\Produkte\FRITZ!com\2026.08\KW 35,8/24/2026,8/27/2026,8/27/2026,D2C Ecommerce,importiert,Lbo,
SEO_DECT_Telefone-translations-[Sprache]-COLLECTION.json,27,,LCa,IT,Laura,,LS-Tracker,Z:\Produkte\FRITZ!com\2026.08\KW 35,8/24/2026,8/27/2026,8/27/2026,D2C Ecommerce,importiert,Lbo,
SEO_DECT_Telefone-translations-[Sprache]-ONLINE_STORE_THEME.json,25,,LCa,IT,Laura,,LS-Tracker,Z:\Produkte\FRITZ!com\2026.08\KW 35,8/24/2026,8/27/2026,8/27/2026,D2C Ecommerce,importiert,Lbo,
SEO_DECT_Telefone-translations-[Sprache]-COLLECTION.json,27,,LCa,NL,Martine,,LS-Tracker,Z:\Produkte\FRITZ!com\2026.08\KW 35,8/24/2026,8/27/2026,8/27/2026,D2C Ecommerce,importiert,Lbo,
SEO_DECT_Telefone-translations-[Sprache]-ONLINE_STORE_THEME.json,25,,LCa,NL,Martine,,LS-Tracker,Z:\Produkte\FRITZ!com\2026.08\KW 35,8/24/2026,8/27/2026,8/27/2026,D2C Ecommerce,importiert,Lbo,
SEO_DECT_Telefone-translations-[Sprache]-COLLECTION.json,27,,LCa,ES,Alba,,LS-Tracker,Z:\Produkte\FRITZ!com\2026.08\KW 35,8/24/2026,8/27/2026,8/27/2026,D2C Ecommerce,importiert,Lbo,
SEO_DECT_Telefone-translations-[Sprache]-ONLINE_STORE_THEME.json,25,,LCa,ES,Alba,,LS-Tracker,Z:\Produkte\FRITZ!com\2026.08\KW 35,8/24/2026,8/27/2026,8/27/2026,D2C Ecommerce,importiert,Lbo,
SEO_DECT_Telefone-translations-[Sprache]-COLLECTION.json,27,,LCa,FR,Martine,,LS-Tracker,Z:\Produkte\FRITZ!com\2026.08\KW 35,8/24/2026,8/27/2026,8/27/2026,D2C Ecommerce,importiert,Lbo,
SEO_DECT_Telefone-translations-[Sprache]-ONLINE_STORE_THEME.json,25,,LCa,FR,Martine,,LS-Tracker,Z:\Produkte\FRITZ!com\2026.08\KW 35,8/24/2026,8/27/2026,8/27/2026,D2C Ecommerce,importiert,Lbo,
"IT_Heisei.docx,83,,PSe,IT,Cristina,Laura,LS-Tracker,""Z:\Produkte\Texte Web, Marketing, etc\deutsch\2026.08"",8/25/2026,8/28/2026,8/31/2026,Channel Sales,geliefert,Hme,"
"IT_ES_NL_HTL Innsbruck.docx,653,,PSe,IT,Cristina,Laura,LS-Tracker,""Z:\Produkte\Texte Web, Marketing, etc\deutsch\2026.08"",8/25/2026,8/28/2026,8/31/2026,Channel Sales,geliefert,Hme,"
"IT_ES_NL_HTL Innsbruck.docx,653,,PSe,NL,Marion,,LS-Tracker,""Z:\Produkte\Texte Web, Marketing, etc\deutsch\2026.08"",8/18/2026,8/28/2026,8/31/2026,Channel Sales,geliefert,Hme,"
"IT_ES_NL_HTL Innsbruck.docx,653,,PSe,ES,Alba,Helena,LS-Tracker,""Z:\Produkte\Texte Web, Marketing, etc\deutsch\2026.08"",8/25/2026,8/28/2026,8/31/2026,Channel Sales,geliefert,Hme,"
"IT_ES_Kirche.docx,883,,PSe,ES,Alba,Helena,LS-Tracker,""Z:\Produkte\Texte Web, Marketing, etc\deutsch\2026.08"",8/25/2026,8/28/2026,8/31/2026,Channel Sales,geliefert,Hme,"
"IT_ES_Kirche.docx,883,,PSe,IT,Cristina,Laura,LS-Tracker,""Z:\Produkte\Texte Web, Marketing, etc\deutsch\2026.08"",8/25/2026,8/28/2026,8/31/2026,Channel Sales,geliefert,Hme,"
"ES_Teledatacom.docx,569,,PSe,ES,Alba,Helena,LS-Tracker,""Z:\Produkte\Texte Web, Marketing, etc\deutsch\2026.08"",8/25/2026,8/28/2026,8/31/2026,Channel Sales,geliefert,Hme,"
"Dynamic Content ""dc.labor-version_installieren"",188,,TPO,FR,Martine,,LS-Tracker,Z:\Produkte\Support-Aufträge\08.2026\18.08.26,8/25/2026,8/25/2026,8/25/2026,Technical Communication,ausgecheckt,Rho,"
2026-08-25T13-29-35_PM-History-Texts.xml,771,30,TJa,DE,Franziska,,LS-Tracker,Z:\Produkte\F!Box allgemein\Info.txt\Release\MyFRITZOSp1\2026.08,8/25/2026,8/25/2026,8/25/2026,Product Management,geliefert,FSc,
2026-08-25T14-27-59_PM-History-Texts_korr-de.xml,773,,TJa,EN,John,,LS-Tracker,Z:\Produkte\F!Box allgemein\Info.txt\Release\MyFRITZOSp1\2026.08,8/25/2026,8/26/2026,8/26/2026,Product Management,geliefert,FSc,
"FRITZ!-made-in-Europe.docx,120,,JFk,EN,John,,LS-Tracker,""Z:\Produkte\Texte Web, Marketing, etc\deutsch\2026.08"",8/25/2026,8/28/2026,8/28/2026,Corporate Communications,Ü-fertig,Msi,"
"FRITZ!-made-in-Europe.docx,120,,JFk,It,Cristina,Laura,LS-Tracker,""Z:\Produkte\Texte Web, Marketing, etc\deutsch\2026.08"",8/25/2026,8/28/2026,8/28/2026,Corporate Communications,,Msi,"
"FRITZ!-made-in-Europe.docx,120,,JFk,Es,Alba,Helena,LS-Tracker,""Z:\Produkte\Texte Web, Marketing, etc\deutsch\2026.08"",8/25/2026,8/28/2026,8/28/2026,Corporate Communications,,Msi,"
"FRITZ!-made-in-Europe.docx,120,,JFk,Nl,Marion,,LS-Tracker,""Z:\Produkte\Texte Web, Marketing, etc\deutsch\2026.08"",8/25/2026,8/28/2026,8/28/2026,Corporate Communications,,Msi,"
"FRITZ!-made-in-Europe.docx,120,,JFk,Pl,Christoph,,LS-Tracker,""Z:\Produkte\Texte Web, Marketing, etc\deutsch\2026.08"",8/25/2026,8/28/2026,8/28/2026,Corporate Communications,,Msi,"
"FRITZ!-made-in-Europe.docx,120,,JFk,Fr,Marie,Martine,LS-Tracker,""Z:\Produkte\Texte Web, Marketing, etc\deutsch\2026.08"",8/25/2026,8/28/2026,8/28/2026,Corporate Communications,Ü-fertig,Msi,"
Flyer IFA 2026_Neuheiten_DINA5_DE.pdf,,5,Dhr,DE,Franziska,,LS-Tracker,,8/25/2026,8/25/2026,8/26/2026,Corporate Communications,geliefert,,
Flyer IFA 2026_SmartHome_DINA5_DE.pdf,,5,Dhr,DE,Franziska,,LS-Tracker,,8/25/2026,8/25/2026,8/26/2026,Corporate Communications,geliefert,,
"Flyer IFA 2026_Neuheiten_DINA5_EN.pdf,,15,Dhr,EN,Lisa,,LS-Tracker,""Z:\Produkte\Texte Web, Marketing, etc\englisch\2026.08"",8/25/2026,8/25/2026,8/26/2026,Corporate Communications,geprüft,,"
"Flyer IFA 2026_SmartHome_DINA5_EN.pdf,,15,Dhr,EN,Lisa,,LS-Tracker,""Z:\Produkte\Texte Web, Marketing, etc\englisch\2026.08"",8/25/2026,8/25/2026,8/26/2026,Corporate Communications,geprüft,,"
translations--myfosp1--2026-08-25_de.po,53,,Mse,EN,Susan,,Cloud,Z:\Produkte\F!Box allgemein\GUI-JS3\<Sprache>\2026.08,8/25/2026,8/27/2026,8/27/2026,User Interface & Clients,geliefert,Lbo,
translations--myfosp1--2026-08-25_de.po,53,,Mse,ES,Alba,Helena,Cloud,Z:\Produkte\F!Box allgemein\GUI-JS3\<Sprache>\2026.08,8/25/2026,8/27/2026,8/27/2026,User Interface & Clients,geliefert,Lbo,
translations--myfosp1--2026-08-25_de.po,53,,Mse,FR,Martine,,Cloud,Z:\Produkte\F!Box allgemein\GUI-JS3\<Sprache>\2026.08,8/25/2026,8/27/2026,8/27/2026,User Interface & Clients,geliefert,Lbo,
translations--myfosp1--2026-08-25_de.po,53,,Mse,IT,Laura,,Cloud,Z:\Produkte\F!Box allgemein\GUI-JS3\<Sprache>\2026.08,8/25/2026,8/27/2026,8/27/2026,User Interface & Clients,geliefert,Lbo,
translations--myfosp1--2026-08-25_de.po,53,,Mse,NL,Laura,,Cloud,Z:\Produkte\F!Box allgemein\GUI-JS3\<Sprache>\2026.08,8/25/2026,8/27/2026,8/27/2026,User Interface & Clients,geliefert,Lbo,
translations--myfosp1--2026-08-25_de.po,53,,Mse,PL,Christoph,,Cloud,Z:\Produkte\F!Box allgemein\GUI-JS3\<Sprache>\2026.08,8/25/2026,8/27/2026,8/27/2026,User Interface & Clients,geliefert,Lbo,
translations--myfosp1--2026-08-25_de.po,35,,Mse,SL,Yabylon,,Cloud,Z:\Produkte\F!Box allgemein\GUI-JS3\<Sprache>\2026.08,8/25/2026,8/27/2026,8/27/2026,User Interface & Clients,geliefert,Lbo,
"Nachtrag_Mitarbeitendenumfrage zur MAV ein.docx,109,,Kba,EN,Lisa,,Mail,""Z:\Produkte\Texte Web, Marketing, etc\deutsch\2026.08"",8/25/2026,8/25/2026,8/26/2026,Corporate Communications,,Msi,"
"Anschreiben_Mitarbeiterbefragung.docx,164,,Uba,EN,Lisa,,Mail,""Z:\Produkte\Texte Web, Marketing, etc\deutsch\2026.08"",8/25/2026,8/25/2026,8/26/2026,Corporate Communications,,Msi,"
"Entwurf PI FRITZ!Box DSL-Fiber 7-90_2.docx,905,15,DHr,DE,Franziska,,LS-Tracker,""Z:\Produkte\Texte Web, Marketing, etc\deutsch\2026.08"",8/26/2026,8/26/2026,8/26/2026,Corporate Communications,geliefert,Msi,"
"ENTWURF PI IFA 2026 Hauptmeldung_2.docx,2055,60,DHr,DE,Franziska,,LS-Tracker,""Z:\Produkte\Texte Web, Marketing, etc\deutsch\2026.08"",8/26/2026,8/26/2026,8/26/2026,Corporate Communications,geliefert,Msi,"
"Entwurf_PI_FRITZ!Box_DSL-Fiber_7-90_2-de.docxPI IFA 2026 FRITZ!Box DSL-Fiber 7-90.docx,905,,DHr,EN,John,,LS-Tracker,""Z:\Produkte\Texte Web, Marketing, etc\deutsch\2026.08"",8/26/2026,8/28/2026,8/28/2026,Corporate Communications,Ü-fertig,Msi,"
"ENTWURF_PI_IFA_2026_Hauptmeldung_2-de.docx,2055,,DHr,EN,John,,LS-Tracker,""Z:\Produkte\Texte Web, Marketing, etc\deutsch\2026.08"",8/26/2026,8/28/2026,8/28/2026,Corporate Communications,Ü-fertig,Msi,"
PDP_DF_790-translations-en-METAFIELD.json,62,,CST,EN,Susan,,LS-Tracker,Z:\Produkte\FRITZ!com\2026.08\KW 35,8/25/2026,8/27/2026,8/27/2026,D2C Ecommerce,importiert,Lbo,
PDP_DF_790-translations-en-METAOBJECT.json,56,,CST,EN,Susan,,LS-Tracker,Z:\Produkte\FRITZ!com\2026.08\KW 35,8/25/2026,8/27/2026,8/27/2026,D2C Ecommerce,importiert,Lbo,
PDP_DF_790-translations-en-ONLINE_STORE_THEME.json,836,,CST,EN,Susan,,LS-Tracker,Z:\Produkte\FRITZ!com\2026.08\KW 35,8/25/2026,8/27/2026,8/27/2026,D2C Ecommerce,importiert,Lbo,
PDP_DF_790-translations-en-PRODUCT.json,77,,CST,EN,Susan,,LS-Tracker,Z:\Produkte\FRITZ!com\2026.08\KW 35,8/25/2026,8/27/2026,8/27/2026,D2C Ecommerce,importiert,Lbo,
Blog_Gaming_Setup-translations-[Sprache]-ARTICLE.json,847,,Dbo,EN,Susan/Lisa,,LS-Tracker,Z:\Produkte\FRITZ!com\2026.08\KW 35\DE,8/26/2026,9/1/2026,9/2/2026,Corporate Communications,Ü-fertig,msi,
Blog_Gaming_Setup-translations-[Sprache]-ONLINE_STORE_THEME.json,54,,Dbo,EN,Susan/Lisa,,LS-Tracker,Z:\Produkte\FRITZ!com\2026.08\KW 35\DE,8/26/2026,9/1/2026,9/2/2026,Corporate Communications,Ü-fertig,msi,
Blog_Gaming_Setup-translations-[Sprache]-ARTICLE.json,847,,Dbo,FR,Marie,Martine,LS-Tracker,Z:\Produkte\FRITZ!com\2026.08\KW 35\DE,8/26/2026,9/1/2026,9/2/2026,Corporate Communications,Ü-fertig,msi,
Blog_Gaming_Setup-translations-[Sprache]-ONLINE_STORE_THEME.json,54,,Dbo,FR,Marie,Martine,LS-Tracker,Z:\Produkte\FRITZ!com\2026.08\KW 35\DE,8/26/2026,9/1/2026,9/2/2026,Corporate Communications,Ü-fertig,msi,
Blog_Gaming_Setup-translations-[Sprache]-ARTICLE.json,847,,Dbo,IT,Cristina,Laura,LS-Tracker,Z:\Produkte\FRITZ!com\2026.08\KW 35\DE,8/26/2026,9/1/2026,9/2/2026,Corporate Communications,,msi,
Blog_Gaming_Setup-translations-[Sprache]-ONLINE_STORE_THEME.json,54,,Dbo,IT,Cristina,Laura,LS-Tracker,Z:\Produkte\FRITZ!com\2026.08\KW 35\DE,8/26/2026,9/1/2026,9/2/2026,Corporate Communications,,msi,
Blog_Gaming_Setup-translations-[Sprache]-ARTICLE.json,847,,Dbo,NL,Marion,,LS-Tracker,Z:\Produkte\FRITZ!com\2026.08\KW 35\DE,8/26/2026,9/1/2026,9/2/2026,Corporate Communications,,msi,
Blog_Gaming_Setup-translations-[Sprache]-ONLINE_STORE_THEME.json,54,,Dbo,NL,Marion,,LS-Tracker,Z:\Produkte\FRITZ!com\2026.08\KW 35\DE,8/26/2026,9/1/2026,9/2/2026,Corporate Communications,,msi,
Blog_Gaming_Setup-translations-[Sprache]-ARTICLE.json,847,,Dbo,ES,Alba,Helena,LS-Tracker,Z:\Produkte\FRITZ!com\2026.08\KW 35\DE,8/26/2026,9/1/2026,9/2/2026,Corporate Communications,,msi,
Blog_Gaming_Setup-translations-[Sprache]-ONLINE_STORE_THEME.json,54,,Dbo,ES,Alba,Helena,LS-Tracker,Z:\Produkte\FRITZ!com\2026.08\KW 35\DE,8/26/2026,9/1/2026,9/2/2026,Corporate Communications,,msi,
"Betreffzeilen Back2Work-de.docx,13,,JFI,NL,Marion,,LS-Tracker,""Z:\Produkte\Texte Web, Marketing, etc\deutsch\2026.08"",8/26/2026,8/26/2026,8/27/2026,D2C Ecommerce,geliefert,Hme,"
"Betreffzeilen Back2Work-de.docx,13,,JFI,ES,Alba,,LS-Tracker,""Z:\Produkte\Texte Web, Marketing, etc\deutsch\2026.08"",8/26/2026,8/26/2026,8/27/2026,D2C Ecommerce,geliefert,Hme,"
"Betreffzeilen Back2Work-de.docx,13,,JFI,IT,Cristina,,LS-Tracker,""Z:\Produkte\Texte Web, Marketing, etc\deutsch\2026.08"",8/26/2026,8/26/2026,8/27/2026,D2C Ecommerce,geliefert,Hme,"
info_txt_Jazz154045-de.docx,151,,KIs,EN,John,,jazz,Z:\Produkte\F!Box allgemein\Info.txt\Release\MyFRITZOSp1\2026.08,8/26/2026,8/27/2026,8/27/2026,Product Management,geliefert,FSc,
Teilnahmebedingungen für das FRITZ!-40-Jahre-Quiz.docx,535,,LCA,EN,Lisa,Susan,LS-Tracker,Z:\Produkte\FRITZ!com\2026.08\KW 35,8/26/2026,8/27/2026,8/28/2026,D2C Ecommerce,geliefert,Lbo,
Changelogs.docx,,,FHo,EN,John,,jazz,Z:\Produkte\F!Apps\Apps_allgemein,8/27/2026,8/27/2026,8/28/2026,Product Management,geliefert,FSc,
Changelogs.docx,,,FHo,Es,Alba,,jazz,Z:\Produkte\F!Apps\Apps_allgemein,8/27/2026,8/27/2026,8/28/2026,Product Management,geliefert,FSc,
Changelogs.docx,,,FHo,Fr,Marie,,jazz,Z:\Produkte\F!Apps\Apps_allgemein,8/27/2026,8/27/2026,8/28/2026,Product Management,geliefert,FSc,
Changelogs.docx,,,FHo,It,Laura,,jazz,Z:\Produkte\F!Apps\Apps_allgemein,8/27/2026,8/27/2026,8/28/2026,Product Management,geliefert,FSc,
Changelogs.docx,,,FHo,Nl,Marion,,jazz,Z:\Produkte\F!Apps\Apps_allgemein,8/27/2026,8/27/2026,8/28/2026,Product Management,geliefert,FSc,
Changelogs.docx,,,FHo,Pl,Christoph,,jazz,Z:\Produkte\F!Apps\Apps_allgemein,8/27/2026,8/27/2026,8/28/2026,Product Management,geliefert,FSc,
Changelogs.docx,,,FHo,SL,Yabylon,,jazz,Z:\Produkte\F!Apps\Apps_allgemein,8/27/2026,8/27/2026,8/28/2026,Product Management,geliefert,FSc,
"FAQ IFA 2026_DE.docx,9583,,DHr,EN,Lisa/Susan/John,,LS-Tracker,""Z:\Produkte\Texte Web, Marketing, etc\deutsch\2026.08"",8/27/2026,8/31/2026,8/31/2026,Corporate Communications,,Msi,"
FRITZ!Box 6835 5G_[DE].idml,922,,Tvi,EN,Lisa,,LS-Tracker,Z:\Produkte\F!Box Kurzanleitungen\international\FRITZ!Box 6835 5G\2026.08\Übersetzung,8/27/2026,,9/8/2026,Product Management,Ü-fertig,Msi,
FRITZ!Box 6835 5G_[DE].idml,922,,Tvi,IT,Laura,,LS-Tracker,Z:\Produkte\F!Box Kurzanleitungen\international\FRITZ!Box 6835 5G\2026.08\Übersetzung,8/27/2026,,9/8/2026,Product Management,,Msi,
FRITZ!Box 6835 5G_[DE].idml,922,,Tvi,NL,Angelique,,LS-Tracker,Z:\Produkte\F!Box Kurzanleitungen\international\FRITZ!Box 6835 5G\2026.08\Übersetzung,8/27/2026,,9/8/2026,Product Management,,Msi,
FRITZ!Box 6835 5G_[DE].idml,922,,Tvi,FR,Martine,,LS-Tracker,Z:\Produkte\F!Box Kurzanleitungen\international\FRITZ!Box 6835 5G\2026.08\Übersetzung,8/27/2026,,9/8/2026,Product Management,Ü-fertig,Msi,
FRITZ!Box 6835 5G_[DE].idml,922,,Tvi,ES,Alba,,LS-Tracker,Z:\Produkte\F!Box Kurzanleitungen\international\FRITZ!Box 6835 5G\2026.08\Übersetzung,8/27/2026,,9/8/2026,Product Management,Ü-fertig,Msi,
FRITZ!Box 6835 5G_[DE].idml,922,,Tvi,PL,Christoph,,LS-Tracker,Z:\Produkte\F!Box Kurzanleitungen\international\FRITZ!Box 6835 5G\2026.08\Übersetzung,8/27/2026,,9/8/2026,Product Management,Ü-fertig,Msi,
FRITZ!Box 6835 5G_[DE].idml,922,,Tvi,SV,Helena,,LS-Tracker,Z:\Produkte\F!Box Kurzanleitungen\international\FRITZ!Box 6835 5G\2026.08\Übersetzung,8/27/2026,,9/8/2026,Product Management,Ü-fertig,Msi,
FRITZ!Box 6835 5G_[DE].idml,922,,Tvi,DA,Helena,,LS-Tracker,Z:\Produkte\F!Box Kurzanleitungen\international\FRITZ!Box 6835 5G\2026.08\Übersetzung,8/27/2026,,9/8/2026,Product Management,Ü-fertig,Msi,
FRITZ!Box 6835 5G_[DE].idml,922,,Tvi,NO,Martine,,LS-Tracker,Z:\Produkte\F!Box Kurzanleitungen\international\FRITZ!Box 6835 5G\2026.08\Übersetzung,8/27/2026,,9/8/2026,Product Management,Ü-fertig,Msi,
FRITZ!Box 6835 5G_[DE].idml,922,,Tvi,FI,Martine,,LS-Tracker,Z:\Produkte\F!Box Kurzanleitungen\international\FRITZ!Box 6835 5G\2026.08\Übersetzung,8/27/2026,,9/8/2026,Product Management,Ü-fertig,Msi,
FRITZ!Box 6835 5G_[TB_INNEN_H]_INT.idml,262,,Tvi,EN,Lisa,,LS-Tracker,Z:\Produkte\F!Box Kurzanleitungen\international\FRITZ!Box 6835 5G\2026.08\Übersetzung,8/27/2026,,9/8/2026,Product Management,Ü-fertig,Msi,
MyFapp_20260827_delta-de.xml,5907,15,RSh,DE,Franziska,,jazz,Z:\Produkte\F!Apps\FappMyF\GUI\Android\deutsch\2026.08,8/27/2026,8/28/2026,8/28/2026,User Interface & Clients,geliefert,FSc,
MyFapp_20260827_delta-de.xml,5907,,RSh,En-US,Susan,,jazz,Z:\Produkte\F!Apps\FappMyF\GUI\Android\deutsch\2026.08,8/27/2026,8/28/2026,8/28/2026,User Interface & Clients,geliefert,FSc,
MyFapp_20260827_delta-de.xml,5907,,RSh,UK,Lisa,John,jazz,Z:\Produkte\F!Apps\FappMyF\GUI\Android\deutsch\2026.08,8/27/2026,8/28/2026,8/28/2026,User Interface & Clients,geliefert,FSc,
MyFapp_20260827_delta-de.xml,5907,,RSh,Es,Helena,,jazz,Z:\Produkte\F!Apps\FappMyF\GUI\Android\deutsch\2026.08,8/27/2026,8/28/2026,8/28/2026,User Interface & Clients,geliefert,FSc,
MyFapp_20260827_delta-de.xml,5907,,RSh,Fr,Marie,,jazz,Z:\Produkte\F!Apps\FappMyF\GUI\Android\deutsch\2026.08,8/27/2026,8/28/2026,8/28/2026,User Interface & Clients,geliefert,FSc,
MyFapp_20260827_delta-de.xml,5907,,RSh,It,Laura,,jazz,Z:\Produkte\F!Apps\FappMyF\GUI\Android\deutsch\2026.08,8/27/2026,8/28/2026,8/28/2026,User Interface & Clients,geliefert,FSc,
MyFapp_20260827_delta-de.xml,5907,,RSh,Nl,Marion,Angelique,jazz,Z:\Produkte\F!Apps\FappMyF\GUI\Android\deutsch\2026.08,8/27/2026,8/28/2026,8/28/2026,User Interface & Clients,geliefert,FSc,
MyFapp_20260827_delta-de.xml,5907,,RSh,Pl,Christoph,,jazz,Z:\Produkte\F!Apps\FappMyF\GUI\Android\deutsch\2026.08,8/27/2026,8/28/2026,8/28/2026,User Interface & Clients,geliefert,FSc,
MyFapp_20260827_delta-de.xml,5907,,RSh,SL,Yabylon,,jazz,Z:\Produkte\F!Apps\FappMyF\GUI\Android\deutsch\2026.08,8/27/2026,8/28/2026,8/28/2026,User Interface & Clients,geliefert,FSc,
BU_2026-08-2-AT.eml,,5,PSe,DE,Franziska,,LS-Tracker,,8/27/2026,8/28/2026,8/31/2026,Channel Sales,geliefert,FSc,
Neu_ BU_2026-08-2-de.eml,,,AGi,DE,Franziska,,LS-Tracker,,8/27/2026,9/2/2026,9/2/2026,Channel Sales,geliefert,FSc,
Dreisprung-Buttons.docx,37,,CST,EN,Lisa,,LS-Tracker,Z:\Produkte\FRITZ!com\2026.08\KW 35,8/27/2026,9/4/2026,9/4/2026,D2C Ecommerce,geliefert,Lbo,
Dreisprung-Buttons.docx,37,,CST,ES,Helena,,LS-Tracker,Z:\Produkte\FRITZ!com\2026.08\KW 35,8/27/2026,9/4/2026,9/4/2026,D2C Ecommerce,geliefert,Lbo,
Dreisprung-Buttons.docx,37,,CST,FR,Martine,,LS-Tracker,Z:\Produkte\FRITZ!com\2026.08\KW 35,8/27/2026,9/4/2026,9/4/2026,D2C Ecommerce,geliefert,Lbo,
Dreisprung-Buttons.docx,37,,CST,IT,Laura,,LS-Tracker,Z:\Produkte\FRITZ!com\2026.08\KW 35,8/27/2026,9/4/2026,9/4/2026,D2C Ecommerce,geliefert,Lbo,
Dreisprung-Buttons.docx,37,,CST,NL,Laura,Angelique,LS-Tracker,Z:\Produkte\FRITZ!com\2026.08\KW 35,8/27/2026,9/4/2026,9/4/2026,D2C Ecommerce,geliefert,Lbo,
Datenschutzerklärung-translations-[Sprache]-SHOP_POLICY.json,1156,,JBE,EN,Susan,,LS-Tracker,Z:\Produkte\FRITZ!com\2026.08\KW 35,8/27/2026,,9/17/2026,Corporate Legal,,Lbo,
Datenschutzerklärung-translations-[Sprache]-SHOP_POLICY.json,1156,,JBE,ES,Alba,,LS-Tracker,Z:\Produkte\FRITZ!com\2026.08\KW 35,8/27/2026,,9/17/2026,Corporate Legal,,Lbo,
Datenschutzerklärung-translations-[Sprache]-SHOP_POLICY.json,1156,,JBE,FR,Martine,,LS-Tracker,Z:\Produkte\FRITZ!com\2026.08\KW 35,8/27/2026,,9/17/2026,Corporate Legal,,Lbo,
Datenschutzerklärung-translations-[Sprache]-SHOP_POLICY.json,1156,,JBE,IT,Laura,,LS-Tracker,Z:\Produkte\FRITZ!com\2026.08\KW 35,8/27/2026,,9/17/2026,Corporate Legal,,Lbo,
Datenschutzerklärung-translations-[Sprache]-SHOP_POLICY.json,1156,,JBE,NL,Angelique,,LS-Tracker,Z:\Produkte\FRITZ!com\2026.08\KW 35,8/27/2026,,9/17/2026,Corporate Legal,,Lbo,
"Usercentrcs Texte.docx,268,,AGI,NL,Marion,,LS-Tracker,""Z:\Produkte\Texte Web, Marketing, etc\deutsch\2026.08"",8/28/2026,8/28/2026,8/28/2026,Channel Sales,geliefert,Hme,"
"Usercentrcs Texte.docx,268,,AGI,IT,Cristina,,LS-Tracker,""Z:\Produkte\Texte Web, Marketing, etc\deutsch\2026.09"",8/28/2026,8/28/2026,8/28/2026,Channel Sales,geliefert,Hme,"
"Usercentrcs Texte.docx,268,,AGI,ES,Majo,,LS-Tracker,""Z:\Produkte\Texte Web, Marketing, etc\deutsch\2026.10"",8/28/2026,8/28/2026,8/28/2026,Channel Sales,geliefert,Hme,"
"NL_BU_September.docx,382,,PSE,NL,Marion,,LS-Tracker,""Z:\Produkte\Texte Web, Marketing, etc\deutsch\2026.11"",8/27/2026,9/1/2026,8/31/2026,Channel Sales,geliefert,Hme,"
"IFA-de.docx,1163,,PSE,NL,Marion,,LS-Tracker,""Z:\Produkte\Texte Web, Marketing, etc\deutsch\2026.12"",8/27/2026,9/1/2026,8/31/2026,Channel Sales,geliefert,Hme,"
"IFA-de.docx,1163,,PSE,EN,Susan,,LS-Tracker,""Z:\Produkte\Texte Web, Marketing, etc\deutsch\2026.13"",8/27/2026,8/31/2026,8/31/2026,Channel Sales,geliefert,Hme,"
"IFA-de.docx,1163,,PSE,IT,Cristina,Laura,LS-Tracker,""Z:\Produkte\Texte Web, Marketing, etc\deutsch\2026.13"",8/27/2026,8/31/2026,8/31/2026,Channel Sales,geliefert,Hme,"
"IFA-de.docx,1163,,PSE,ES,Alba,Helena,LS-Tracker,""Z:\Produkte\Texte Web, Marketing, etc\deutsch\2026.14"",8/27/2026,8/31/2026,8/31/2026,Channel Sales,geliefert,Hme,"
Teilnahmebedingungen für das FRITZ 40 Jahre Quiz_V02_DE.docx,211,,KGO,EN,Lisa,,LS-Tracker,Z:\Produkte\FRITZ!com\2026.08\KW 35,8/28/2026,8/31/2026,8/31/2026,D2C Ecommerce,geliefert,Lbo,
PDP_1260-translations-[Sprache]-METAFIELD.json,42,,LCA,EN,Laura,,LS-Tracker,Z:\Produkte\FRITZ!com\2026.08\KW 35,8/27/2026,9/3/2026,9/3/2026,D2C Ecommerce,importiert,Lbo,
PDP_1260-translations-[Sprache]-ONLINE_STORE_THEME.json,405,,LCA,EN,Susan,Lisa,LS-Tracker,Z:\Produkte\FRITZ!com\2026.08\KW 35,8/27/2026,9/3/2026,9/3/2026,D2C Ecommerce,importiert,Lbo,
PDP_1260-translations-[Sprache]-PRODUCT.json,90,,LCA,EN,Susan,Lisa,LS-Tracker,Z:\Produkte\FRITZ!com\2026.08\KW 35,8/27/2026,9/3/2026,9/3/2026,D2C Ecommerce,importiert,Lbo,
PDP_1260-translations-[Sprache]-METAFIELD.json,42,,LCA,ES,Laura,,LS-Tracker,Z:\Produkte\FRITZ!com\2026.08\KW 35,8/27/2026,9/3/2026,9/3/2026,D2C Ecommerce,importiert,Lbo,
PDP_1260-translations-[Sprache]-ONLINE_STORE_THEME.json,405,,LCA,ES,Helena,,LS-Tracker,Z:\Produkte\FRITZ!com\2026.08\KW 35,8/27/2026,9/3/2026,9/3/2026,D2C Ecommerce,importiert,Lbo,
PDP_1260-translations-[Sprache]-PRODUCT.json,90,,LCA,ES,Helena,,LS-Tracker,Z:\Produkte\FRITZ!com\2026.08\KW 35,8/27/2026,9/3/2026,9/3/2026,D2C Ecommerce,importiert,Lbo,
PDP_1260-translations-[Sprache]-METAFIELD.json,42,,LCA,FR,Martine,,LS-Tracker,Z:\Produkte\FRITZ!com\2026.08\KW 35,8/27/2026,9/3/2026,9/3/2026,D2C Ecommerce,importiert,Lbo,
PDP_1260-translations-[Sprache]-ONLINE_STORE_THEME.json,405,,LCA,FR,Martine,,LS-Tracker,Z:\Produkte\FRITZ!com\2026.08\KW 35,8/27/2026,9/3/2026,9/3/2026,D2C Ecommerce,importiert,Lbo,
PDP_1260-translations-[Sprache]-PRODUCT.json,90,,LCA,FR,Martine,,LS-Tracker,Z:\Produkte\FRITZ!com\2026.08\KW 35,8/27/2026,9/3/2026,9/3/2026,D2C Ecommerce,importiert,Lbo,
PDP_1260-translations-[Sprache]-METAFIELD.json,42,,LCA,IT,Laura,,LS-Tracker,Z:\Produkte\FRITZ!com\2026.08\KW 35,8/27/2026,9/3/2026,9/3/2026,D2C Ecommerce,importiert,Lbo,
PDP_1260-translations-[Sprache]-ONLINE_STORE_THEME.json,405,,LCA,IT,Laura,,LS-Tracker,Z:\Produkte\FRITZ!com\2026.08\KW 35,8/27/2026,9/3/2026,9/3/2026,D2C Ecommerce,importiert,Lbo,
PDP_1260-translations-[Sprache]-PRODUCT.json,90,,LCA,IT,Laura,,LS-Tracker,Z:\Produkte\FRITZ!com\2026.08\KW 35,8/27/2026,9/3/2026,9/3/2026,D2C Ecommerce,importiert,Lbo,
PDP_1260-translations-[Sprache]-METAFIELD.json,42,,LCA,NL,Laura,,LS-Tracker,Z:\Produkte\FRITZ!com\2026.08\KW 35,8/27/2026,9/3/2026,9/3/2026,D2C Ecommerce,importiert,Lbo,
PDP_1260-translations-[Sprache]-ONLINE_STORE_THEME.json,405,,LCA,NL,Laura,,LS-Tracker,Z:\Produkte\FRITZ!com\2026.08\KW 35,8/27/2026,9/3/2026,9/3/2026,D2C Ecommerce,importiert,Lbo,
PDP_1260-translations-[Sprache]-PRODUCT.json,90,,LCA,NL,Laura,,LS-Tracker,Z:\Produkte\FRITZ!com\2026.08\KW 35,8/27/2026,9/3/2026,9/3/2026,D2C Ecommerce,importiert,Lbo,
"PI IFA 2026 FRITZ!Box DSL-Fiber 7-90.docx,222,,DHr,EN,Lisa,,LS-Tracker,""Z:\Produkte\Texte Web, Marketing, etc\deutsch\2026.08"",8/27/2026,8/27/2026,8/27/2026,Corporate Communications,,Msi,"
"Claim und Begleittexte.docx,,,Hkr,EN,Susan,Lisa,LS-Tracker,""Z:\Produkte\Texte Web, Marketing, etc\deutsch\2026.08"",8/27/2026,8/31/2026,8/31/2026,Product Management,geliefert,Msi,"
Hey Gen IFA Product Showcase Video,,90,JFk,FR,Marie,,LS-Tracker,,8/27/2026,9/1/2026,9/2/2026,Corporate Communications,Ü-fertig,Msi,
Hey Gen IFA Product Showcase Video,,120,JFk,ES,Alba,,LS-Tracker,,8/27/2026,9/2/2026,9/2/2026,Corporate Communications,,Msi,
 Google Ads und Meta Werbetexte,318,,AJa,NL,Marion,,LS-Tracker,Z:\Produkte\D2C\deutsch\2026.08,8/28/2026,9/3/2026,9/3/2026,D2C Ecommerce,geliefert,Hme,
 Google Ads und Meta Werbetexte,318,,AJa,ES,Alba,Helena,LS-Tracker,Z:\Produkte\D2C\deutsch\2026.08,8/28/2026,9/3/2026,9/3/2026,D2C Ecommerce,geliefert,Hme,
 Google Ads und Meta Werbetexte,318,,AJa,IT,Cristina,Laura,LS-Tracker,Z:\Produkte\D2C\deutsch\2026.08,8/28/2026,9/3/2026,9/3/2026,D2C Ecommerce,geliefert,Hme,
Deutschland (DE)_Teilnahmebedingungen für das FRITZ Jump-and-Run-Gewinnspiel.docx,671,,KGO,EN,Susan,Lisa,LS-Tracker,Z:\Produkte\D2C\<Sprache>\2026.08,8/31/2026,9/4/2026,9/4/2026,D2C Ecommerce,Ü-fertig,Lbo,
Österreich (AT)_Teilnahmebedingungen für das FRITZ Jump-and-Run-Gewinnspiel.docx,678,,KGO,EN,Susan,Lisa,LS-Tracker,Z:\Produkte\D2C\<Sprache>\2026.08,8/31/2026,9/4/2026,9/4/2026,D2C Ecommerce,Ü-fertig,Lbo,
Italien (IT)_Teilnahmebedingungen für das FRITZ Jump-and-Run-Gewinnspiel,678,,KGO,IT,Cristina,Laura,LS-Tracker,Z:\Produkte\D2C\<Sprache>\2026.08,8/31/2026,9/4/2026,9/4/2026,D2C Ecommerce,,Lbo,
Italien (IT)_Teilnahmebedingungen für das FRITZ Jump-and-Run-Gewinnspiel,678,,KGO,EN,Susan,Lisa,LS-Tracker,Z:\Produkte\D2C\<Sprache>\2026.08,8/31/2026,9/4/2026,9/4/2026,D2C Ecommerce,Ü-fertig,Lbo,
Niederlande (NL)_Teilnahmebedingungen für das FRITZ Jump-and-Run-Gewinnspiel.docx,682,,KGO,NL,Marion,,LS-Tracker,Z:\Produkte\D2C\<Sprache>\2026.08,8/31/2026,9/4/2026,9/4/2026,D2C Ecommerce,,Lbo,
Niederlande (NL)_Teilnahmebedingungen für das FRITZ Jump-and-Run-Gewinnspiel.docx,682,,KGO,EN,Susan,Lisa,LS-Tracker,Z:\Produkte\D2C\<Sprache>\2026.08,8/31/2026,9/4/2026,9/4/2026,D2C Ecommerce,Ü-fertig,Lbo,
SPAIN (ES)_Teilnahmebedingungen für das FRITZ Jump-and-Run-Gewinnspiel.docx,678,,KGO,ES,Laura,Helena,LS-Tracker,Z:\Produkte\D2C\<Sprache>\2026.08,8/31/2026,9/4/2026,9/4/2026,D2C Ecommerce,,Lbo,
SPAIN (ES)_Teilnahmebedingungen für das FRITZ Jump-and-Run-Gewinnspiel.docx,678,,KGO,EN,Susan,Lisa,LS-Tracker,Z:\Produkte\D2C\<Sprache>\2026.08,8/31/2026,9/4/2026,9/4/2026,D2C Ecommerce,Ü-fertig,Lbo,
Videospiel-translations-[Sprache]-ONLINE_STORE_THEME.json,249,,KGO,EN,John,Susan,LS-Tracker,Z:\Produkte\FRITZ!com\2026.08\KW 36,8/31/2026,9/4/2026,9/4/2026,D2C Ecommerce,,Lbo,
Videospiel-translations-[Sprache]-ONLINE_STORE_THEME.json,249,,KGO,ES,Alba,Helena,LS-Tracker,Z:\Produkte\FRITZ!com\2026.08\KW 36,8/31/2026,9/4/2026,9/4/2026,D2C Ecommerce,,Lbo,
Videospiel-translations-[Sprache]-ONLINE_STORE_THEME.json,249,,KGO,FR,Marie,Martine,LS-Tracker,Z:\Produkte\FRITZ!com\2026.08\KW 36,8/31/2026,9/4/2026,9/4/2026,D2C Ecommerce,Ü-fertig,Lbo,
Videospiel-translations-[Sprache]-ONLINE_STORE_THEME.json,249,,KGO,IT,Cristina,Laura,LS-Tracker,Z:\Produkte\FRITZ!com\2026.08\KW 36,8/31/2026,9/4/2026,9/4/2026,D2C Ecommerce,,Lbo,
Videospiel-translations-[Sprache]-ONLINE_STORE_THEME.json,249,,KGO,NL,Laura,Angelique,LS-Tracker,Z:\Produkte\FRITZ!com\2026.08\KW 36,8/31/2026,9/4/2026,9/4/2026,D2C Ecommerce,,Lbo,
Makro 729.docx,127,,OFO,EN,Lisa,,LS-Tracker,Z:\Produkte\Support-Aufträge\08.2026,8/31/2026,,9/18/2026,Kundenservice 2nd Level,Ü-fertig,Lbo,
Makro 729.docx,127,,OFO,ES,Alba,,LS-Tracker,Z:\Produkte\Support-Aufträge\08.2026,8/31/2026,,9/18/2026,Kundenservice 2nd Level,,Lbo,
Makro 729.docx,127,,OFO,FR,Martine,Marie,LS-Tracker,Z:\Produkte\Support-Aufträge\08.2026,8/31/2026,,9/18/2026,Kundenservice 2nd Level,Ü-fertig,Lbo,
Makro 729.docx,127,,OFO,IT,Laura,,LS-Tracker,Z:\Produkte\Support-Aufträge\08.2026,8/31/2026,,9/18/2026,Kundenservice 2nd Level,,Lbo,
Makro 729.docx,127,,OFO,NL,Angelique,,LS-Tracker,Z:\Produkte\Support-Aufträge\08.2026,8/31/2026,,9/18/2026,Kundenservice 2nd Level,,Lbo,
Makro 729.docx,127,,OFO,PL,Christoph,,LS-Tracker,Z:\Produkte\Support-Aufträge\08.2026,8/31/2026,,9/18/2026,Kundenservice 2nd Level,,Lbo,
Product Showcase Youtube_DE.docx,130,,JFk,EN,Susan,John,LS-Tracker,Z:\Produkte\Support-Aufträge\08.2026,8/31/2026,9/2/2026,9/2/2026,Corporate Communications,,Msi,
Product Showcase Youtube_DE.docx,130,,JFk,FR,Marie,Martine,LS-Tracker,Z:\Produkte\Support-Aufträge\08.2026,8/31/2026,9/2/2026,9/2/2026,Corporate Communications,Ü-fertig,Msi,
Product Showcase Youtube_DE.docx,130,,JFk,IT,Cristina,Laura,LS-Tracker,Z:\Produkte\Support-Aufträge\08.2026,8/31/2026,9/2/2026,9/2/2026,Corporate Communications,,Msi,
Product Showcase Youtube_DE.docx,130,,JFk,ES,Alba,,LS-Tracker,Z:\Produkte\Support-Aufträge\08.2026,8/31/2026,9/2/2026,9/2/2026,Corporate Communications,,Msi,
Product Showcase Youtube_DE.docx,130,,JFk,NL,Marion,Angelique,LS-Tracker,Z:\Produkte\Support-Aufträge\08.2026,8/31/2026,9/2/2026,9/2/2026,Corporate Communications,,Msi,
Product Showcase Youtube_DE.docx,130,,JFk,PL,Christoph,,LS-Tracker,Z:\Produkte\Support-Aufträge\08.2026,8/31/2026,9/2/2026,9/2/2026,Corporate Communications,Ü-fertig,Msi,
IFA PK am 3.9. - Powerpointbullets,66,,DHr,EN,Susan,,LS-Tracker,,8/31/2026,8/31/2026,8/31/2026,Corporate Communications,,,
Newsletter_Zeitreise_40Jahre_FRITZ!.docx,948,,JFI,NL,Marion,Angelique,LS-Tracker,Z:\Produkte\D2C\deutsch\2026.09,9/1/2026,,9/10/2026,D2C Ecommerce,,Hme,
Newsletter_Zeitreise_40Jahre_FRITZ!.docx,948,,JFI,ES,Alba,Helena,LS-Tracker,Z:\Produkte\D2C\deutsch\2026.09,9/1/2026,,9/10/2026,D2C Ecommerce,,Hme,
Newsletter_Zeitreise_40Jahre_FRITZ!.docx,948,,JFI,IT,Cristina,Laura,LS-Tracker,Z:\Produkte\D2C\deutsch\2026.09,9/1/2026,,9/10/2026,D2C Ecommerce,,Hme,
Lektorat Verpackung FRITZ!Box 7630,,20,Eul,DE,Franziska,,LS-Tracker,,8/31/2026,9/2/2026,9/2/2026,Corporate Communications,geliefert,,
Lektorat Verpackung FRITZ!Box 6835 5G,,20,Eul,DE,Franziska,,LS-Tracker,,8/31/2026,9/3/2026,9/3/2026,Corporate Communications,geliefert,,
Lektorat Verpackung FRITZ!Box DSL/Fiber 7-90,,20,Eul,DE,Franziska,,LS-Tracker,,8/31/2026,9/3/2026,9/3/2026,Corporate Communications,,,
"PI Marktstart FRITZ!Box 6690 Pro_DE.docx,677,,Alp,EN,John,Susan,LS-Tracker,""Z:\Produkte\Texte Web, Marketing, etc\deutsch\2026.09"",9/1/2026,9/1/2026,9/1/2026,Corporate Communications,,Msi,"
2026-09-01T12-00-32_PM-History-Texts.xml,,20,TJa,DE,Franziska,,LS-Tracker,Z:\Produkte\F!Box allgemein\Info.txt\Release\MyFRITZOSp1\2026.09,9/1/2026,9/1/2026,9/1/2026,Product Management,geliefert,FSc,
2026-09-01T19-26-05_PM-History-Texts_korr-de.xml,889,,TJa,EN,Susan,,LS-Tracker,Z:\Produkte\F!Box allgemein\Info.txt\Release\MyFRITZOSp1\2026.09,9/1/2026,9/2/2026,9/2/2026,Product Management,geliefert,FSc,
"IFA  - Powerpointbullets 2,69,,DHr,EN,Susan,,LS-Tracker,""Z:\Produkte\Texte Web, Marketing, etc\deutsch\2026.09"",9/1/2026,9/1/2026,9/1/2026,Corporate Communications,,,"
Onepager_IFA_2026-translations-<Sprache>-ONLINE_STORE_THEME.json,766,,HGk,EN,John,Susan,LS-Tracker,Z:\Produkte\FRITZ!com\2026.09\KW 36\DE,9/1/2026,9/2/2026,9/3/2026,Corporate Communications,korrigiert,Msi,
Onepager_IFA_2026-translations-<Sprache>-ONLINE_STORE_THEME.json,766,,HGk,FR,Marie,Martine,LS-Tracker,Z:\Produkte\FRITZ!com\2026.09\KW 36\DE,9/1/2026,9/3/2026,9/3/2026,Corporate Communications,korrigiert,Msi,
Onepager_IFA_2026-translations-<Sprache>-ONLINE_STORE_THEME.json,766,,HGk,IT,Cristina,Laura,LS-Tracker,Z:\Produkte\FRITZ!com\2026.09\KW 36\DE,9/1/2026,9/3/2026,9/3/2026,Corporate Communications,,Msi,
Onepager_IFA_2026-translations-<Sprache>-ONLINE_STORE_THEME.json,766,,HGk,ES,Helena,,LS-Tracker,Z:\Produkte\FRITZ!com\2026.09\KW 36\DE,9/1/2026,9/2/2026,9/3/2026,Corporate Communications,Ü-fertig,Msi,
Onepager_IFA_2026-translations-<Sprache>-ONLINE_STORE_THEME.json,766,,HGk,NL,Marion,,LS-Tracker,Z:\Produkte\FRITZ!com\2026.09\KW 36\DE,9/1/2026,9/2/2026,9/3/2026,Corporate Communications,,Msi,
"6690 Pro.docx,720,,PSE,EN,John,,LS-Tracker,""Z:\Produkte\Texte Web, Marketing, etc\deutsch\2026.09"",9/2/2026,9/4/2026,9/9/2026,Channel Sales,Ü-fertig,Hme,"
"FRITZ! IFA Media Briefing 2026_neues Layout.pdf,,60,DHr,EN,Susan,,Mail,""Z:\Produkte\Texte Web, Marketing, etc\englisch\2026.09"",9/1/2026,9/2/2026,9/2/2026,Corporate Communications,,,"
Videospiel2-translations-[Sprache]-ONLINE_STORE_THEME.json,30,,KGO,EN,Susan,,LS-Tracker,Z:\Produkte\FRITZ!com\2026.09\KW 36,9/1/2026,9/4/2026,9/4/2026,D2C Ecommerce,,Lbo,
Videospiel2-translations-[Sprache]-ONLINE_STORE_THEME.json,30,,KGO,ES,Helena,,LS-Tracker,Z:\Produkte\FRITZ!com\2026.09\KW 36,9/1/2026,9/4/2026,9/4/2026,D2C Ecommerce,,Lbo,
Videospiel2-translations-[Sprache]-ONLINE_STORE_THEME.json,30,,KGO,FR,Martine,,LS-Tracker,Z:\Produkte\FRITZ!com\2026.09\KW 36,9/1/2026,9/4/2026,9/4/2026,D2C Ecommerce,Ü-fertig,Lbo,
Videospiel2-translations-[Sprache]-ONLINE_STORE_THEME.json,30,,KGO,IT,Laura,,LS-Tracker,Z:\Produkte\FRITZ!com\2026.09\KW 36,9/1/2026,9/4/2026,9/4/2026,D2C Ecommerce,,Lbo,
Videospiel2-translations-[Sprache]-ONLINE_STORE_THEME.json,30,,KGO,NL,Laura,Angelique,LS-Tracker,Z:\Produkte\FRITZ!com\2026.09\KW 36,9/1/2026,9/4/2026,9/4/2026,D2C Ecommerce,,Lbo,
Alt-gegen-Neu-Programm _ Nachtrag.docx,278,,GLE,EN,Susan,,LS-Tracker,Z:\Produkte\FRITZ!com\2026.09\KW 36,9/1/2026,9/2/2026,9/2/2026,Sales Marketing,geliefert,Lbo,
Alt-gegen-Neu-Programm _ Teilnahmebedingungen - Zusatz.docx,51,,JBL,EN,Lisa,,LS-Tracker,Z:\Produkte\FRITZ!com\2026.09\KW 36,9/2/2026,9/3/2026,9/3/2026,D2C Ecommerce,geliefert,Lbo,
Alt_gegen_Neu-translations-en-ONLINE_STORE_THEME.json,1422,,GLE,EN,Susan,,LS-Tracker,Z:\Produkte\FRITZ!com\2026.09\KW 36,9/2/2026,9/4/2026,9/4/2026,Sales Marketing,importiert,Lbo,
Datenschutzerklärung-translations-en-SHOP_POLICY.json,772,,TGO,EN,Susan,,LS-Tracker,Z:\Produkte\FRITZ!com\2026.09\KW 36,9/2/2026,,9/17/2026,Corporate Legal,,Lbo,
Datenschutzerklärung-translations-en-SHOP_POLICY.json,772,,TGO,ES,Alba,,LS-Tracker,Z:\Produkte\FRITZ!com\2026.09\KW 36,9/2/2026,,9/17/2026,Corporate Legal,,Lbo,
Datenschutzerklärung-translations-en-SHOP_POLICY.json,772,,TGO,FR,Martine,,LS-Tracker,Z:\Produkte\FRITZ!com\2026.09\KW 36,9/2/2026,,9/17/2026,Corporate Legal,Ü-fertig,Lbo,
Datenschutzerklärung-translations-en-SHOP_POLICY.json,772,,TGO,IT,Laura,,LS-Tracker,Z:\Produkte\FRITZ!com\2026.09\KW 36,9/2/2026,,9/17/2026,Corporate Legal,,Lbo,
Datenschutzerklärung-translations-en-SHOP_POLICY.json,772,,TGO,NL,Angelique,,LS-Tracker,Z:\Produkte\FRITZ!com\2026.09\KW 36,9/2/2026,,9/17/2026,Corporate Legal,,Lbo,
"Newsletter ES.docx,224,,JWg,ES,Alba,Helena,LS-Tracker,""Z:\Produkte\Texte Web, Marketing, etc\deutsch\2026.09"",9/3/2026,,9/11/2026,Channel Sales,,Hme,"
Fapp_adc_20260903-delta-de.xml,,,LFe,DE,Franziska,,jazz,Z:\Produkte\F!Apps\Apps_allgemein\ADC\deutsch\2026.09,9/3/2026,9/3/2026,9/4/2026,User Interface & Clients,geliefert,FSc,
Fapp_adc_20260903-delta-de.xml,,,LFe,UK,Lisa,,jazz,Z:\Produkte\F!Apps\Apps_allgemein\ADC\deutsch\2026.09,9/3/2026,9/4/2026,9/4/2026,User Interface & Clients,geliefert,FSc,
Fapp_adc_20260903-delta-de.xml,,,LFe,En-US,Susan,,jazz,Z:\Produkte\F!Apps\Apps_allgemein\ADC\deutsch\2026.09,9/3/2026,9/4/2026,9/4/2026,User Interface & Clients,geliefert,FSc,
Fapp_adc_20260903-delta-de.xml,,,LFe,Es,Alba,Helena,jazz,Z:\Produkte\F!Apps\Apps_allgemein\ADC\deutsch\2026.09,9/3/2026,9/4/2026,9/4/2026,User Interface & Clients,geliefert,FSc,
Fapp_adc_20260903-delta-de.xml,,,LFe,Fr,Marie,,jazz,Z:\Produkte\F!Apps\Apps_allgemein\ADC\deutsch\2026.09,9/3/2026,9/4/2026,9/4/2026,User Interface & Clients,geliefert,FSc,
Fapp_adc_20260903-delta-de.xml,,,LFe,It,Laura,,jazz,Z:\Produkte\F!Apps\Apps_allgemein\ADC\deutsch\2026.09,9/3/2026,9/4/2026,9/4/2026,User Interface & Clients,geliefert,FSc,
Fapp_adc_20260903-delta-de.xml,,,LFe,Nl,Marion ?,,jazz,Z:\Produkte\F!Apps\Apps_allgemein\ADC\deutsch\2026.09,9/3/2026,9/4/2026,9/4/2026,User Interface & Clients,geliefert,FSc,
Fapp_adc_20260903-delta-de.xml,,,LFe,Pl,Christoph,,jazz,Z:\Produkte\F!Apps\Apps_allgemein\ADC\deutsch\2026.09,9/3/2026,9/4/2026,9/4/2026,User Interface & Clients,geliefert,FSc,
Fapp_adc_20260903-delta-de.xml,,,LFe,SL,Yabylon,,jazz,Z:\Produkte\F!Apps\Apps_allgemein\ADC\deutsch\2026.09,9/3/2026,9/4/2026,9/4/2026,User Interface & Clients,Ü-fertig,FSc,
1 Satz für die 7-90,,,SVe,EN,Lisa,,Mail,,9/3/2026,9/4/2026,9/4/2026,User Interface & Clients,geliefert,FSc,
1 Satz für die 7-90,,,SVe,Es,Helena,,Mail,,9/3/2026,9/4/2026,9/4/2026,User Interface & Clients,geliefert,FSc,
1 Satz für die 7-90,,,SVe,Fr,Marie,,Mail,,9/3/2026,9/4/2026,9/4/2026,User Interface & Clients,geliefert,FSc,
1 Satz für die 7-90,,,SVe,It,Laura,,Mail,,9/3/2026,9/4/2026,9/4/2026,User Interface & Clients,geliefert,FSc,
1 Satz für die 7-90,,,SVe,Nl,Marion,,Mail,,9/3/2026,9/4/2026,9/4/2026,User Interface & Clients,geliefert,FSc,
1 Satz für die 7-90,,,SVe,Pl,Christoph,,Mail,,9/3/2026,9/4/2026,9/4/2026,User Interface & Clients,geliefert,FSc,
1 Satz für die 7-90,,,SVe,SL,Yabylon,,Mail,,9/3/2026,9/4/2026,9/4/2026,User Interface & Clients,geliefert,FSc,
"Labor_1_Satz_DE.docx,32,,Dbo,EN,Lisa,,LS-Tracker,""Z:\Produkte\Texte Web, Marketing, etc\deutsch\2026.09"",9/4/2026,9/4/2026,9/4/2026,Corporate Communications,geliefert,Msi,"
FappFon_20250904-de.xliff,,,RWr,DE,Franziska,Carsten,jazz,Z:\Produkte\F!Apps\FappFon\GUI\iOS\deutsch\2026.09,9/4/2026,9/7/2026,9/7/2026,User Interface & Clients,geliefert,FSc,
Newsletter_Zeitreise_40Jahre_FRITZ!.docx,307,,JFI,IT,Cristina,Laura,LS-Tracker,Z:\Produkte\D2C\deutsch\2026.09,9/1/2026,,9/10/2026,D2C Ecommerce,,Hme,
Newsletter_Zeitreise_40Jahre_FRITZ!.docx,307,,JFI,NL,Marion ?,Angelique,LS-Tracker,Z:\Produkte\D2C\deutsch\2026.09,9/1/2026,,9/10/2026,D2C Ecommerce,Ü-fertig,Hme,
Newsletter_Zeitreise_40Jahre_FRITZ!.docx,307,,JFI,ES,Alba,Helena,LS-Tracker,Z:\Produkte\D2C\deutsch\2026.09,9/1/2026,,9/10/2026,D2C Ecommerce,Ü-fertig,Hme,
CH-Satz Rechnungen.docx,25,,RSA,EN,John,,LS-Tracker,Z:\Produkte\D2C\deutsch\2026.09,9/7/2026,9/7/2026,9/18/2026,D2C Ecommerce,geliefert,Lbo,
CH-Satz Rechnungen.docx,25,,RSA,FR,Martine,,LS-Tracker,Z:\Produkte\D2C\deutsch\2026.09,9/7/2026,9/7/2026,9/18/2026,D2C Ecommerce,geliefert,Lbo,
CH-Satz Rechnungen.docx,25,,RSA,IT,Laura,,LS-Tracker,Z:\Produkte\D2C\deutsch\2026.09,9/7/2026,9/7/2026,9/18/2026,D2C Ecommerce,geliefert,Lbo,
cloud-mailing_update-success-notification_tv1_repeater_de.properties,163,5,MxG,DE,Franziska,,,Z:\Produkte\MyFRITZ\deutsch\2026.09\Du,9/7/2026,,9/10/2026,IT,,FSc,
cloud-mailing_update-success-notification_tv1_repeater_de.properties,163,,MxG,EN-US,John,,,Z:\Produkte\MyFRITZ\deutsch\2026.09\Du,9/7/2026,,9/10/2026,IT,,FSc,
cloud-mailing_update-success-notification_tv1_repeater_de.properties,163,,MxG,ES,Helena,,,Z:\Produkte\MyFRITZ\deutsch\2026.09\Du,9/7/2026,,9/10/2026,IT,Ü-fertig,FSc,
cloud-mailing_update-success-notification_tv1_repeater_de.properties,163,,MxG,FR,Marie,,,Z:\Produkte\MyFRITZ\deutsch\2026.09\Du,9/7/2026,,9/10/2026,IT,Ü-fertig,FSc,
cloud-mailing_update-success-notification_tv1_repeater_de.properties,163,,MxG,IT,Laura,,,Z:\Produkte\MyFRITZ\deutsch\2026.09\Du,9/7/2026,,9/10/2026,IT,,FSc,
cloud-mailing_update-success-notification_tv1_repeater_de.properties,163,,MxG,NL,Angelique,,,Z:\Produkte\MyFRITZ\deutsch\2026.09\Du,9/7/2026,,9/10/2026,IT,,FSc,
,,,,,,,,,,,,,,,
,,,,,,,,,,,,,,,
,,,,,,,,,,,,,,,
,,,,,,,,,,,,,,,
,,,,,,,,,,,,,,,
,,,,,,,,,,,,,,,
,,,,,,,,,,,,,,,
,,,,,,,,,,,,,,,
,,,,,,,,,,,,,,,
,,,,,,,,,,,,,,,
,,,,,,,,,,,,,,,
,,,,,,,,,,,,,,,
,,,,,,,,,,,,,,,
,,,,,,,,,,,,,,,
,,,,,,,,,,,,,,,
,,,,,,,,,,,,,,,
,,,,,,,,,,,,,,,
,,,,,,,,,,,,,,,
,,,,,,,,,,,,,,,
,,,,,,,,,,,,,,,
,,,,,,,,,,,,,,,
,,,,,,,,,,,,,,,
,,,,,,,,,,,,,,,
,,,,,,,,,,,,,,,
,,,,,,,,,,,,,,,
,,,,,,,,,,,,,,,
,,,,,,,,,,,,,,,
,,,,,,,,,,,,,,,
,,,,,,,,,,,,,,,
,,,,,,,,,,,,,,,
,,,,,,,,,,,,,,,
,,,,,,,,,,,,,,,
,,,,,,,,,,,,,,,
,,,,,,,,,,,,,,,
,,,,,,,,,,,,,,,
,,,,,,,,,,,,,,,
,,,,,,,,,,,,,,,
,,,,,,,,,,,,,,,
,,,,,,,,,,,,,,,
,,,,,,,,,,,,,,,
,,,,,,,,,,,,,,,
,,,,,,,,,,,,,,,
,,,,,,,,,,,,,,,
,,,,,,,,,,,,,,,
,,,,,,,,,,,,,,,
,,,,,,,,,,,,,,,
,,,,,,,,,,,,,,,
,,,,,,,,,,,,,,,
,,,,,,,,,,,,,,,
,,,,,,,,,,,,,,,
,,,,,,,,,,,,,,,
,,,,,,,,,,,,,,,
,,,,,,,,,,,,,,,
,,,,,,,,,,,,,,,
,,,,,,,,,,,,,,,
,,,,,,,,,,,,,,,
,,,,,,,,,,,,,,,
,,,,,,,,,,,,,,,
,,,,,,,,,,,,,,,
,,,,,,,,,,,,,,,
,,,,,,,,,,,,,,,
,,,,,,,,,,,,,,,
,,,,,,,,,,,,,,,
,,,,,,,,,,,,,,,
,,,,,,,,,,,,,,,
,,,,,,,,,,,,,,,
,,,,,,,,,,,,,,,
,,,,,,,,,,,,,,,
,,,,,,,,,,,,,,,
,,,,,,,,,,,,,,,
,,,,,,,,,,,,,,,
,,,,,,,,,,,,,,,
,,,,,,,,,,,,,,,
,,,,,,,,,,,,,,,
,,,,,,,,,,,,,,,
,,,,,,,,,,,,,,,
,,,,,,,,,,,,,,,
,,,,,,,,,,,,,,,
,,,,,,,,,,,,,,,
,,,,,,,,,,,,,,,
,,,,,,,,,,,,,,,
,,,,,,,,,,,,,,,
,,,,,,,,,,,,,,,
,,,,,,,,,,,,,,,
,,,,,,,,,,,,,,,
,,,,,,,,,,,,,,,
,,,,,,,,,,,,,,,
,,,,,,,,,,,,,,,
,,,,,,,,,,,,,,,
,,,,,,,,,,,,,,,
,,,,,,,,,,,,,,,
,,,,,,,,,,,,,,,
,,,,,,,,,,,,,,,
,,,,,,,,,,,,,,,
,,,,,,,,,,,,,,,
,,,,,,,,,,,,,,,
,,,,,,,,,,,,,,,
,,,,,,,,,,,,,,,
,,,,,,,,,,,,,,,
,,,,,,,,,,,,,,,
,,,,,,,,,,,,,,,
,,,,,,,,,,,,,,,
,,,,,,,,,,,,,,,
,,,,,,,,,,,,,,,
,,,,,,,,,,,,,,,
,,,,,,,,,,,,,,,
,,,,,,,,,,,,,,,
,,,,,,,,,,,,,,,
,,,,,,,,,,,,,,,
,,,,,,,,,,,,,,,
,,,,,,,,,,,,,,,
,,,,,,,,,,,,,,,
,,,,,,,,,,,,,,,
,,,,,,,,,,,,,,,
,,,,,,,,,,,,,,,
,,,,,,,,,,,,,,,
,,,,,,,,,,,,,,,
,,,,,,,,,,,,,,,
,,,,,,,,,,,,,,,
,,,,,,,,,,,,,,,
,,,,,,,,,,,,,,,
,,,,,,,,,,,,,,,
,,,,,,,,,,,,,,,
,,,,,,,,,,,,,,,
,,,,,,,,,,,,,,,
,,,,,,,,,,,,,,,
,,,,,,,,,,,,,,,
,,,,,,,,,,,,,,,
,,,,,,,,,,,,,,,
,,,,,,,,,,,,,,,
,,,,,,,,,,,,,,,
,,,,,,,,,,,,,,,
,,,,,,,,,,,,,,,
,,,,,,,,,,,,,,,
,,,,,,,,,,,,,,,
,,,,,,,,,,,,,,,
,,,,,,,,,,,,,,,
,,,,,,,,,,,,,,,
,,,,,,,,,,,,,,,
,,,,,,,,,,,,,,,
,,,,,,,,,,,,,,,
,,,,,,,,,,,,,,,
,,,,,,,,,,,,,,,
,,,,,,,,,,,,,,,
,,,,,,,,,,,,,,,
,,,,,,,,,,,,,,,
,,,,,,,,,,,,,,,
,,,,,,,,,,,,,,,
,,,,,,,,,,,,,,,
,,,,,,,,,,,,,,,
,,,,,,,,,,,,,,,
,,,,,,,,,,,,,,,
,,,,,,,,,,,,,,,
,,,,,,,,,,,,,,,
,,,,,,,,,,,,,,,
,,,,,,,,,,,,,,,
,,,,,,,,,,,,,,,
,,,,,,,,,,,,,,,
,,,,,,,,,,,,,,,
,,,,,,,,,,,,,,,
,,,,,,,,,,,,,,,
,,,,,,,,,,,,,,,
,,,,,,,,,,,,,,,
,,,,,,,,,,,,,,,
,,,,,,,,,,,,,,,
,,,,,,,,,,,,,,,
,,,,,,,,,,,,,,,
,,,,,,,,,,,,,,,
,,,,,,,,,,,,,,,
,,,,,,,,,,,,,,,
,,,,,,,,,,,,,,,
,,,,,,,,,,,,,,,
,,,,,,,,,,,,,,,
,,,,,,,,,,,,,,,
,,,,,,,,,,,,,,,
,,,,,,,,,,,,,,,
,,,,,,,,,,,,,,,
,,,,,,,,,,,,,,,
,,,,,,,,,,,,,,,
,,,,,,,,,,,,,,,
,,,,,,,,,,,,,,,
,,,,,,,,,,,,,,,
,,,,,,,,,,,,,,,
,,,,,,,,,,,,,,,
,,,,,,,,,,,,,,,
,,,,,,,,,,,,,,,
,,,,,,,,,,,,,,,
,,,,,,,,,,,,,,,
,,,,,,,,,,,,,,,
,,,,,,,,,,,,,,,
,,,,,,,,,,,,,,,
,,,,,,,,,,,,,,,
,,,,,,,,,,,,,,,
,,,,,,,,,,,,,,,
,,,,,,,,,,,,,,,
,,,,,,,,,,,,,,,
,,,,,,,,,,,,,,,
,,,,,,,,,,,,,,,
,,,,,,,,,,,,,,,
,,,,,,,,,,,,,,,
,,,,,,,,,,,,,,,
,,,,,,,,,,,,,,,
,,,,,,,,,,,,,,,
,,,,,,,,,,,,,,,
,,,,,,,,,,,,,,,
,,,,,,,,,,,,,,,
,,,,,,,,,,,,,,,
,,,,,,,,,,,,,,,
,,,,,,,,,,,,,,,
,,,,,,,,,,,,,,,
,,,,,,,,,,,,,,,
,,,,,,,,,,,,,,,
,,,,,,,,,,,,,,,
,,,,,,,,,,,,,,,
,,,,,,,,,,,,,,,
,,,,,,,,,,,,,,,
,,,,,,,,,,,,,,,
,,,,,,,,,,,,,,,
,,,,,,,,,,,,,,,
,,,,,,,,,,,,,,,
,,,,,,,,,,,,,,,
,,,,,,,,,,,,,,,
,,,,,,,,,,,,,,,
,,,,,,,,,,,,,,,
,,,,,,,,,,,,,,,
,,,,,,,,,,,,,,,
,,,,,,,,,,,,,,,
,,,,,,,,,,,,,,,
,,,,,,,,,,,,,,,
,,,,,,,,,,,,,,,
,,,,,,,,,,,,,,,
,,,,,,,,,,,,,,,
,,,,,,,,,,,,,,,
,,,,,,,,,,,,,,,
,,,,,,,,,,,,,,,
,,,,,,,,,,,,,,,
,,,,,,,,,,,,,,,
,,,,,,,,,,,,,,,
,,,,,,,,,,,,,,,
,,,,,,,,,,,,,,,
,,,,,,,,,,,,,,,
,,,,,,,,,,,,,,,
,,,,,,,,,,,,,,,
,,,,,,,,,,,,,,,
,,,,,,,,,,,,,,,
,,,,,,,,,,,,,,,
,,,,,,,,,,,,,,,
,,,,,,,,,,,,,,,
,,,,,,,,,,,,,,,
,,,,,,,,,,,,,,,
,,,,,,,,,,,,,,,
,,,,,,,,,,,,,,,
,,,,,,,,,,,,,,,
,,,,,,,,,,,,,,,
,,,,,,,,,,,,,,,
,,,,,,,,,,,,,,,
,,,,,,,,,,,,,,,
,,,,,,,,,,,,,,,
,,,,,,,,,,,,,,,
,,,,,,,,,,,,,,,
,,,,,,,,,,,,,,,
,,,,,,,,,,,,,,,
,,,,,,,,,,,,,,,
,,,,,,,,,,,,,,,
,,,,,,,,,,,,,,,
,,,,,,,,,,,,,,,
,,,,,,,,,,,,,,,
,,,,,,,,,,,,,,,
,,,,,,,,,,,,,,,
,,,,,,,,,,,,,,,
,,,,,,,,,,,,,,,
,,,,,,,,,,,,,,,
,,,,,,,,,,,,,,,
,,,,,,,,,,,,,,,
,,,,,,,,,,,,,,,
,,,,,,,,,,,,,,,
,,,,,,,,,,,,,,,
,,,,,,,,,,,,,,,
,,,,,,,,,,,,,,,
,,,,,,,,,,,,,,,
,,,,,,,,,,,,,,,
,,,,,,,,,,,,,,,
,,,,,,,,,,,,,,,
,,,,,,,,,,,,,,,
,,,,,,,,,,,,,,,
,,,,,,,,,,,,,,,
,,,,,,,,,,,,,,,
,,,,,,,,,,,,,,,
,,,,,,,,,,,,,,,
,,,,,,,,,,,,,,,
,,,,,,,,,,,,,,,
,,,,,,,,,,,,,,,
,,,,,,,,,,,,,,,
,,,,,,,,,,,,,,,
,,,,,,,,,,,,,,,
,,,,,,,,,,,,,,,
,,,,,,,,,,,,,,,
,,,,,,,,,,,,,,,
,,,,,,,,,,,,,,,
,,,,,,,,,,,,,,,
,,,,,,,,,,,,,,,
,,,,,,,,,,,,,,,
,,,,,,,,,,,,,,,
,,,,,,,,,,,,,,,
,,,,,,,,,,,,,,,
,,,,,,,,,,,,,,,
,,,,,,,,,,,,,,,
,,,,,,,,,,,,,,,
,,,,,,,,,,,,,,,
,,,,,,,,,,,,,,,
,,,,,,,,,,,,,,,
,,,,,,,,,,,,,,,
,,,,,,,,,,,,,,,
,,,,,,,,,,,,,,,
,,,,,,,,,,,,,,,
,,,,,,,,,,,,,,,
,,,,,,,,,,,,,,,
,,,,,,,,,,,,,,,
,,,,,,,,,,,,,,,
,,,,,,,,,,,,,,,
,,,,,,,,,,,,,,,
,,,,,,,,,,,,,,,
,,,,,,,,,,,,,,,
,,,,,,,,,,,,,,,
,,,,,,,,,,,,,,,
,,,,,,,,,,,,,,,
,,,,,,,,,,,,,,,
,,,,,,,,,,,,,,,
,,,,,,,,,,,,,,,
,,,,,,,,,,,,,,,
,,,,,,,,,,,,,,,
,,,,,,,,,,,,,,,
,,,,,,,,,,,,,,,
,,,,,,,,,,,,,,,
,,,,,,,,,,,,,,,
,,,,,,,,,,,,,,,
,,,,,,,,,,,,,,,
,,,,,,,,,,,,,,,
,,,,,,,,,,,,,,,
,,,,,,,,,,,,,,,
,,,,,,,,,,,,,,,
,,,,,,,,,,,,,,,
,,,,,,,,,,,,,,,
,,,,,,,,,,,,,,,
,,,,,,,,,,,,,,,
,,,,,,,,,,,,,,,
,,,,,,,,,,,,,,,
,,,,,,,,,,,,,,,
,,,,,,,,,,,,,,,
,,,,,,,,,,,,,,,
,,,,,,,,,,,,,,,
,,,,,,,,,,,,,,,
,,,,,,,,,,,,,,,
,,,,,,,,,,,,,,,
,,,,,,,,,,,,,,,
,,,,,,,,,,,,,,,
,,,,,,,,,,,,,,,
,,,,,,,,,,,,,,,
,,,,,,,,,,,,,,,
,,,,,,,,,,,,,,,
,,,,,,,,,,,,,,,
,,,,,,,,,,,,,,,
,,,,,,,,,,,,,,,
,,,,,,,,,,,,,,,
,,,,,,,,,,,,,,,
,,,,,,,,,,,,,,,
,,,,,,,,,,,,,,,
,,,,,,,,,,,,,,,
,,,,,,,,,,,,,,,
,,,,,,,,,,,,,,,
,,,,,,,,,,,,,,,
,,,,,,,,,,,,,,,
,,,,,,,,,,,,,,,
,,,,,,,,,,,,,,,
,,,,,,,,,,,,,,,
,,,,,,,,,,,,,,,
,,,,,,,,,,,,,,,
,,,,,,,,,,,,,,,
,,,,,,,,,,,,,,,
,,,,,,,,,,,,,,,
,,,,,,,,,,,,,,,
,,,,,,,,,,,,,,,
,,,,,,,,,,,,,,,
,,,,,,,,,,,,,,,
,,,,,,,,,,,,,,,
,,,,,,,,,,,,,,,
,,,,,,,,,,,,,,,
,,,,,,,,,,,,,,,
,,,,,,,,,,,,,,,
,,,,,,,,,,,,,,,
,,,,,,,,,,,,,,,
,,,,,,,,,,,,,,,
,,,,,,,,,,,,,,,
,,,,,,,,,,,,,,,
,,,,,,,,,,,,,,,
,,,,,,,,,,,,,,,
,,,,,,,,,,,,,,,
,,,,,,,,,,,,,,,
,,,,,,,,,,,,,,,
,,,,,,,,,,,,,,,
,,,,,,,,,,,,,,,
,,,,,,,,,,,,,,,
,,,,,,,,,,,,,,,
,,,,,,,,,,,,,,,
,,,,,,,,,,,,,,,
,,,,,,,,,,,,,,,
,,,,,,,,,,,,,,,
,,,,,,,,,,,,,,,
,,,,,,,,,,,,,,,
,,,,,,,,,,,,,,,
,,,,,,,,,,,,,,,
,,,,,,,,,,,,,,,
,,,,,,,,,,,,,,,
,,,,,,,,,,,,,,,
,,,,,,,,,,,,,,,
,,,,,,,,,,,,,,,
,,,,,,,,,,,,,,,
,,,,,,,,,,,,,,,
,,,,,,,,,,,,,,,
,,,,,,,,,,,,,,,
,,,,,,,,,,,,,,,
,,,,,,,,,,,,,,,
,,,,,,,,,,,,,,,
,,,,,,,,,,,,,,,
,,,,,,,,,,,,,,,
,,,,,,,,,,,,,,,
,,,,,,,,,,,,,,,
,,,,,,,,,,,,,,,
,,,,,,,,,,,,,,,
,,,,,,,,,,,,,,,
,,,,,,,,,,,,,,,
,,,,,,,,,,,,,,,
,,,,,,,,,,,,,,,
,,,,,,,,,,,,,,,
,,,,,,,,,,,,,,,
,,,,,,,,,,,,,,,
,,,,,,,,,,,,,,,
,,,,,,,,,,,,,,,
,,,,,,,,,,,,,,,
,,,,,,,,,,,,,,,
,,,,,,,,,,,,,,,
,,,,,,,,,,,,,,,
,,,,,,,,,,,,,,,
,,,,,,,,,,,,,,,
,,,,,,,,,,,,,,,
,,,,,,,,,,,,,,,
,,,,,,,,,,,,,,,
,,,,,,,,,,,,,,,
,,,,,,,,,,,,,,,
,,,,,,,,,,,,,,,
,,,,,,,,,,,,,,,
,,,,,,,,,,,,,,,
,,,,,,,,,,,,,,,
,,,,,,,,,,,,,,,
,,,,,,,,,,,,,,,
,,,,,,,,,,,,,,,
,,,,,,,,,,,,,,,
,,,,,,,,,,,,,,,
,,,,,,,,,,,,,,,
,,,,,,,,,,,,,,,
,,,,,,,,,,,,,,,
,,,,,,,,,,,,,,,
,,,,,,,,,,,,,,,
,,,,,,,,,,,,,,,
,,,,,,,,,,,,,,,
,,,,,,,,,,,,,,,
,,,,,,,,,,,,,,,
,,,,,,,,,,,,,,,
,,,,,,,,,,,,,,,
,,,,,,,,,,,,,,,
,,,,,,,,,,,,,,,
,,,,,,,,,,,,,,,
,,,,,,,,,,,,,,,
,,,,,,,,,,,,,,,
,,,,,,,,,,,,,,,
,,,,,,,,,,,,,,,
,,,,,,,,,,,,,,,
,,,,,,,,,,,,,,,
,,,,,,,,,,,,,,,
,,,,,,,,,,,,,,,
,,,,,,,,,,,,,,,
,,,,,,,,,,,,,,,
,,,,,,,,,,,,,,,
,,,,,,,,,,,,,,,
,,,,,,,,,,,,,,,
,,,,,,,,,,,,,,,
,,,,,,,,,,,,,,,
,,,,,,,,,,,,,,,
,,,,,,,,,,,,,,,
,,,,,,,,,,,,,,,
,,,,,,,,,,,,,,,
,,,,,,,,,,,,,,,
,,,,,,,,,,,,,,,
,,,,,,,,,,,,,,,
,,,,,,,,,,,,,,,
,,,,,,,,,,,,,,,
,,,,,,,,,,,,,,,
,,,,,,,,,,,,,,,
,,,,,,,,,,,,,,,
,,,,,,,,,,,,,,,
,,,,,,,,,,,,,,,
,,,,,,,,,,,,,,,
,,,,,,,,,,,,,,,
,,,,,,,,,,,,,,,
,,,,,,,,,,,,,,,
,,,,,,,,,,,,,,,
,,,,,,,,,,,,,,,
,,,,,,,,,,,,,,,
,,,,,,,,,,,,,,,
,,,,,,,,,,,,,,,
,,,,,,,,,,,,,,,
,,,,,,,,,,,,,,,
,,,,,,,,,,,,,,,
,,,,,,,,,,,,,,,
,,,,,,,,,,,,,,,
,,,,,,,,,,,,,,,
,,,,,,,,,,,,,,,
,,,,,,,,,,,,,,,
,,,,,,,,,,,,,,,
,,,,,,,,,,,,,,,
,,,,,,,,,,,,,,,
,,,,,,,,,,,,,,,
,,,,,,,,,,,,,,,
,,,,,,,,,,,,,,,
,,,,,,,,,,,,,,,
,,,,,,,,,,,,,,,
,,,,,,,,,,,,,,,
,,,,,,,,,,,,,,,
,,,,,,,,,,,,,,,
,,,,,,,,,,,,,,,
,,,,,,,,,,,,,,,
,,,,,,,,,,,,,,,
,,,,,,,,,,,,,,,
,,,,,,,,,,,,,,,
,,,,,,,,,,,,,,,
,,,,,,,,,,,,,,,
,,,,,,,,,,,,,,,
,,,,,,,,,,,,,,,
,,,,,,,,,,,,,,,
,,,,,,,,,,,,,,,
,,,,,,,,,,,,,,,
,,,,,,,,,,,,,,,
,,,,,,,,,,,,,,,
,,,,,,,,,,,,,,,
,,,,,,,,,,,,,,,
,,,,,,,,,,,,,,,
,,,,,,,,,,,,,,,
,,,,,,,,,,,,,,,
,,,,,,,,,,,,,,,
,,,,,,,,,,,,,,,
,,,,,,,,,,,,,,,
,,,,,,,,,,,,,,,
,,,,,,,,,,,,,,,
,,,,,,,,,,,,,,,
,,,,,,,,,,,,,,,
,,,,,,,,,,,,,,,
,,,,,,,,,,,,,,,
